study,sheet,clone,generation,source_generation,duration_cell,duration_h,division_type,positive_recorded_interval,complete_cycle,first_generation,fit_eligible
Xiao2024,EXP,Colony 1,1,1,D3,94,PP,True,True,True,False
Xiao2024,EXP,Colony 1,2,2,D4,18,PP,True,True,False,True
Xiao2024,EXP,Colony 1,2,2,D5,17,PP,True,True,False,True
Xiao2024,EXP,Colony 1,3,3,D6,18,PP,True,True,False,True
Xiao2024,EXP,Colony 1,3,3,D7,17,PP,True,True,False,True
Xiao2024,EXP,Colony 1,3,3,D8,18,PP,True,True,False,True
Xiao2024,EXP,Colony 1,3,3,D9,17,PP,True,True,False,True
Xiao2024,EXP,Colony 1,4,4,D10,,,False,False,False,True
Xiao2024,EXP,Colony 1,4,4,D11,15,PP,True,True,False,True
Xiao2024,EXP,Colony 1,4,4,D12,15,PP,True,True,False,True
Xiao2024,EXP,Colony 1,4,4,D13,21,PD,True,True,False,True
Xiao2024,EXP,Colony 1,4,4,D14,35,DD,True,True,False,True
Xiao2024,EXP,Colony 1,4,4,D15,15,PP,True,True,False,True
Xiao2024,EXP,Colony 1,4,4,D16,49,PP,True,True,False,True
Xiao2024,EXP,Colony 1,5,5,D17,31,PP,True,True,False,True
Xiao2024,EXP,Colony 1,5,5,D18,17,PD,True,True,False,True
Xiao2024,EXP,Colony 1,5,5,D19,12,PP,True,True,False,True
Xiao2024,EXP,Colony 1,5,5,D20,25,PP,True,True,False,True
Xiao2024,EXP,Colony 1,5,5,D21,28,DD,True,True,False,True
Xiao2024,EXP,Colony 1,5,5,D22,29,PP,True,True,False,True
Xiao2024,EXP,Colony 1,5,5,D23,,,False,False,False,True
Xiao2024,EXP,Colony 1,5,5,D24,,,False,False,False,True
Xiao2024,EXP,Colony 1,5,5,D25,16,PD,True,True,False,True
Xiao2024,EXP,Colony 1,5,5,D26,16,PP,True,True,False,True
Xiao2024,EXP,Colony 1,5,5,D27,25,PP,True,True,False,True
Xiao2024,EXP,Colony 1,5,5,D28,32,PD,True,True,False,True
Xiao2024,EXP,Colony 1,6,6,D29,77,UU,True,True,False,True
Xiao2024,EXP,Colony 1,6,6,D30,26,PP,True,True,False,True
Xiao2024,EXP,Colony 1,6,6,D31,,,False,False,False,True
Xiao2024,EXP,Colony 1,6,6,D32,19,PP,True,True,False,True
Xiao2024,EXP,Colony 1,6,6,D33,19,PD,True,True,False,True
Xiao2024,EXP,Colony 1,6,6,D34,23,PP,True,True,False,True
Xiao2024,EXP,Colony 1,6,6,D35,24,PD,True,True,False,True
Xiao2024,EXP,Colony 1,6,6,D36,19,PP,True,True,False,True
Xiao2024,EXP,Colony 1,6,6,D37,,,False,False,False,True
Xiao2024,EXP,Colony 1,6,6,D38,,,False,False,False,True
Xiao2024,EXP,Colony 1,6,6,D39,26,PP,True,True,False,True
Xiao2024,EXP,Colony 1,6,6,D40,25,PD,True,True,False,True
Xiao2024,EXP,Colony 1,6,6,D41,20,PP,True,True,False,True
Xiao2024,EXP,Colony 1,6,6,D42,,,False,False,False,True
Xiao2024,EXP,Colony 1,6,6,D43,17,PP,True,True,False,True
Xiao2024,EXP,Colony 1,6,6,D44,17,PD,True,True,False,True
Xiao2024,EXP,Colony 1,6,6,D45,,,False,False,False,True
Xiao2024,EXP,Colony 1,7,7,D46,,,False,False,False,True
Xiao2024,EXP,Colony 1,7,7,D47,,,False,False,False,True
Xiao2024,EXP,Colony 1,7,7,D48,34,PP,True,True,False,True
Xiao2024,EXP,Colony 1,7,7,D49,,,False,False,False,True
Xiao2024,EXP,Colony 1,7,7,D50,,,False,False,False,True
Xiao2024,EXP,Colony 1,7,7,D51,22,PP,True,True,False,True
Xiao2024,EXP,Colony 1,7,7,D52,21,PU,True,True,False,True
Xiao2024,EXP,Colony 1,7,7,D53,23,PP,True,True,False,True
Xiao2024,EXP,Colony 1,7,7,D54,,,False,False,False,True
Xiao2024,EXP,Colony 1,7,7,D55,,,False,False,False,True
Xiao2024,EXP,Colony 1,8,8,D56,,,False,False,False,True
Xiao2024,EXP,Colony 1,8,8,D57,,,False,False,False,True
Xiao2024,EXP,Colony 1,8,8,D58,,,False,False,False,True
Xiao2024,EXP,Colony 1,8,8,D59,,,False,False,False,True
Xiao2024,EXP,Colony 1,8,8,D60,,,False,False,False,True
Xiao2024,EXP,Colony 1,8,8,D61,,,False,False,False,True
Xiao2024,EXP,Colony 1,8,8,D62,,,False,False,False,True
Xiao2024,EXP,Colony 1,8,8,D63,,,False,False,False,True
Xiao2024,EXP,Colony 1,8,8,D64,,,False,False,False,True
Xiao2024,EXP,Colony 1,8,8,D65,,,False,False,False,True
Xiao2024,EXP,Colony 1,8,8,D66,,,False,False,False,True
Xiao2024,EXP,Colony 1,8,8,D67,,,False,False,False,True
Xiao2024,EXP,Colony 1,8,8,D68,,,False,False,False,True
Xiao2024,EXP,Colony 1,8,8,D69,,,False,False,False,True
Xiao2024,EXP,Colony 1,8,8,D70,,,False,False,False,True
Xiao2024,EXP,Colony 1,8,8,D71,,,False,False,False,True
Xiao2024,EXP,Colony 1,8,8,D72,,,False,False,False,True
Xiao2024,EXP,Colony 2,1,1,I3,96,PP,True,True,True,False
Xiao2024,EXP,Colony 2,2,2,I4,20,PP,True,True,False,True
Xiao2024,EXP,Colony 2,2,2,I5,17,PP,True,True,False,True
Xiao2024,EXP,Colony 2,3,3,I6,17,PP,True,True,False,True
Xiao2024,EXP,Colony 2,3,3,I7,16,PP,True,True,False,True
Xiao2024,EXP,Colony 2,3,3,I8,15,PP,True,True,False,True
Xiao2024,EXP,Colony 2,3,3,I9,14,PP,True,True,False,True
Xiao2024,EXP,Colony 2,4,4,I10,18,PU,True,True,False,True
Xiao2024,EXP,Colony 2,4,4,I11,23,PP,True,True,False,True
Xiao2024,EXP,Colony 2,4,4,I12,15,PP,True,True,False,True
Xiao2024,EXP,Colony 2,4,4,I13,24,PP,True,True,False,True
Xiao2024,EXP,Colony 2,4,4,I14,33,DD,True,True,False,True
Xiao2024,EXP,Colony 2,4,4,I15,16,PP,True,True,False,True
Xiao2024,EXP,Colony 2,4,4,I16,17,PP,True,True,False,True
Xiao2024,EXP,Colony 2,4,4,I17,18,PP,True,True,False,True
Xiao2024,EXP,Colony 2,5,5,I18,23,PP,True,True,False,True
Xiao2024,EXP,Colony 2,5,5,I19,18,PP,True,True,False,True
Xiao2024,EXP,Colony 2,5,5,I20,18,PP,True,True,False,True
Xiao2024,EXP,Colony 2,5,5,I21,18,PP,True,True,False,True
Xiao2024,EXP,Colony 2,5,5,I22,14,PP,True,True,False,True
Xiao2024,EXP,Colony 2,5,5,I23,18,PP,True,True,False,True
Xiao2024,EXP,Colony 2,5,5,I24,18,PP,True,True,False,True
Xiao2024,EXP,Colony 2,5,5,I25,,,False,False,False,True
Xiao2024,EXP,Colony 2,5,5,I26,,,False,False,False,True
Xiao2024,EXP,Colony 2,5,5,I27,17,PP,True,True,False,True
Xiao2024,EXP,Colony 2,5,5,I28,16,PP,True,True,False,True
Xiao2024,EXP,Colony 2,5,5,I29,16,PP,True,True,False,True
Xiao2024,EXP,Colony 2,5,5,I30,17,PU,True,True,False,True
Xiao2024,EXP,Colony 2,5,5,I31,17,PP,True,True,False,True
Xiao2024,EXP,Colony 2,5,5,I32,15,PP,True,True,False,True
Xiao2024,EXP,Colony 2,6,6,I33,17,PP,True,True,False,True
Xiao2024,EXP,Colony 2,6,6,I34,18,PP,True,True,False,True
Xiao2024,EXP,Colony 2,6,6,I35,15,PP,True,True,False,True
Xiao2024,EXP,Colony 2,6,6,I36,16,PP,True,True,False,True
Xiao2024,EXP,Colony 2,6,6,I37,32,PP,True,True,False,True
Xiao2024,EXP,Colony 2,6,6,I38,19,PP,True,True,False,True
Xiao2024,EXP,Colony 2,6,6,I39,18,PP,True,True,False,True
Xiao2024,EXP,Colony 2,6,6,I40,28,PP,True,True,False,True
Xiao2024,EXP,Colony 2,6,6,I41,16,PU,True,True,False,True
Xiao2024,EXP,Colony 2,6,6,I42,17,PP,True,True,False,True
Xiao2024,EXP,Colony 2,6,6,I43,32,PP,True,True,False,True
Xiao2024,EXP,Colony 2,6,6,I44,19,PP,True,True,False,True
Xiao2024,EXP,Colony 2,6,6,I45,15,PP,True,True,False,True
Xiao2024,EXP,Colony 2,6,6,I46,16,PP,True,True,False,True
Xiao2024,EXP,Colony 2,6,6,I47,18,PP,True,True,False,True
Xiao2024,EXP,Colony 2,6,6,I48,17,PP,True,True,False,True
Xiao2024,EXP,Colony 2,6,6,I49,14,PP,True,True,False,True
Xiao2024,EXP,Colony 2,6,6,I50,17,PP,True,True,False,True
Xiao2024,EXP,Colony 2,6,6,I51,16,PP,True,True,False,True
Xiao2024,EXP,Colony 2,6,6,I52,14,PP,True,True,False,True
Xiao2024,EXP,Colony 2,6,6,I53,53,PP,True,True,False,True
Xiao2024,EXP,Colony 2,6,6,I54,64,UU,True,True,False,True
Xiao2024,EXP,Colony 2,6,6,I55,18,PP,True,True,False,True
Xiao2024,EXP,Colony 2,6,6,I56,20,PP,True,True,False,True
Xiao2024,EXP,Colony 2,6,6,I57,16,PP,True,True,False,True
Xiao2024,EXP,Colony 2,7,7,I58,24,PP,True,True,False,True
Xiao2024,EXP,Colony 2,7,7,I59,16,PP,True,True,False,True
Xiao2024,EXP,Colony 2,7,7,I60,18,PP,True,True,False,True
Xiao2024,EXP,Colony 2,7,7,I61,20,PP,True,True,False,True
Xiao2024,EXP,Colony 2,7,7,I62,17,UU,True,True,False,True
Xiao2024,EXP,Colony 2,7,7,I63,19,PP,True,True,False,True
Xiao2024,EXP,Colony 2,7,7,I64,20,PP,True,True,False,True
Xiao2024,EXP,Colony 2,7,7,I65,17,PU,True,True,False,True
Xiao2024,EXP,Colony 2,7,7,I66,29,PU,True,True,False,True
Xiao2024,EXP,Colony 2,7,7,I67,21,PU,True,True,False,True
Xiao2024,EXP,Colony 2,7,7,I68,21,UU,True,True,False,True
Xiao2024,EXP,Colony 2,7,7,I69,19,PP,True,True,False,True
Xiao2024,EXP,Colony 2,7,7,I70,17,PP,True,True,False,True
Xiao2024,EXP,Colony 2,7,7,I71,19,PP,True,True,False,True
Xiao2024,EXP,Colony 2,7,7,I72,23,PP,True,True,False,True
Xiao2024,EXP,Colony 2,7,7,I73,22,PD,True,True,False,True
Xiao2024,EXP,Colony 2,7,7,I74,28,PP,True,True,False,True
Xiao2024,EXP,Colony 2,7,7,I75,21,PP,True,True,False,True
Xiao2024,EXP,Colony 2,7,7,I76,24,PP,True,True,False,True
Xiao2024,EXP,Colony 2,7,7,I77,29,DD,True,True,False,True
Xiao2024,EXP,Colony 2,7,7,I78,11,DD,True,True,False,True
Xiao2024,EXP,Colony 2,7,7,I79,21,UU,True,True,False,True
Xiao2024,EXP,Colony 2,7,7,I80,19,UU,True,True,False,True
Xiao2024,EXP,Colony 2,7,7,I81,17,UU,True,True,False,True
Xiao2024,EXP,Colony 2,7,7,I82,19,UU,True,True,False,True
Xiao2024,EXP,Colony 2,7,7,I83,20,UU,True,True,False,True
Xiao2024,EXP,Colony 2,7,7,I84,21,UU,True,True,False,True
Xiao2024,EXP,Colony 2,7,7,I85,25,PP,True,True,False,True
Xiao2024,EXP,Colony 2,7,7,I86,18,PP,True,True,False,True
Xiao2024,EXP,Colony 2,7,7,I87,24,PP,True,True,False,True
Xiao2024,EXP,Colony 2,7,7,I88,28,PP,True,True,False,True
Xiao2024,EXP,Colony 2,7,7,I89,27,PP,True,True,False,True
Xiao2024,EXP,Colony 2,7,7,I90,23,PP,True,True,False,True
Xiao2024,EXP,Colony 2,7,7,I91,21,PP,True,True,False,True
Xiao2024,EXP,Colony 2,7,7,I92,16,PP,True,True,False,True
Xiao2024,EXP,Colony 2,7,7,I93,27,PP,True,True,False,True
Xiao2024,EXP,Colony 2,7,7,I94,17,PP,True,True,False,True
Xiao2024,EXP,Colony 2,7,7,I95,23,PP,True,True,False,True
Xiao2024,EXP,Colony 2,7,7,I96,27,PP,True,True,False,True
Xiao2024,EXP,Colony 2,7,7,I97,34,UU,True,True,False,True
Xiao2024,EXP,Colony 2,7,7,I98,26,UU,True,True,False,True
Xiao2024,EXP,Colony 2,7,7,I99,,,False,False,False,True
Xiao2024,EXP,Colony 2,7,7,I100,,,False,False,False,True
Xiao2024,EXP,Colony 2,7,7,I101,34,PP,True,True,False,True
Xiao2024,EXP,Colony 2,7,7,I102,33,PU,True,True,False,True
Xiao2024,EXP,Colony 2,7,7,I103,,,False,False,False,True
Xiao2024,EXP,Colony 2,7,7,I104,61,UU,True,True,False,True
Xiao2024,EXP,Colony 2,7,7,I105,27,PP,True,True,False,True
Xiao2024,EXP,Colony 2,7,7,I106,20,PP,True,True,False,True
Xiao2024,EXP,Colony 2,8,8,I107,19,PP,True,True,False,True
Xiao2024,EXP,Colony 2,8,8,I108,19,PP,True,True,False,True
Xiao2024,EXP,Colony 2,8,8,I109,21,PP,True,True,False,True
Xiao2024,EXP,Colony 2,8,8,I110,18,PP,True,True,False,True
Xiao2024,EXP,Colony 2,8,8,I111,27,PU,True,True,False,True
Xiao2024,EXP,Colony 2,8,8,I112,32,UU,True,True,False,True
Xiao2024,EXP,Colony 2,8,8,I113,22,PP,True,True,False,True
Xiao2024,EXP,Colony 2,8,8,I114,21,PP,True,True,False,True
Xiao2024,EXP,Colony 2,8,8,I115,24,PP,True,True,False,True
Xiao2024,EXP,Colony 2,8,8,I116,20,UU,True,True,False,True
Xiao2024,EXP,Colony 2,8,8,I117,20,PP,True,True,False,True
Xiao2024,EXP,Colony 2,8,8,I118,22,PP,True,True,False,True
Xiao2024,EXP,Colony 2,8,8,I119,,,False,False,False,True
Xiao2024,EXP,Colony 2,8,8,I120,16,PU,True,True,False,True
Xiao2024,EXP,Colony 2,8,8,I121,,,False,False,False,True
Xiao2024,EXP,Colony 2,8,8,I122,26,UU,True,True,False,True
Xiao2024,EXP,Colony 2,8,8,I123,25,UU,True,True,False,True
Xiao2024,EXP,Colony 2,8,8,I124,,,False,False,False,True
Xiao2024,EXP,Colony 2,8,8,I125,31,UU,True,True,False,True
Xiao2024,EXP,Colony 2,8,8,I126,34,PU,True,True,False,True
Xiao2024,EXP,Colony 2,8,8,I127,18,PU,True,True,False,True
Xiao2024,EXP,Colony 2,8,8,I128,18,PP,True,True,False,True
Xiao2024,EXP,Colony 2,8,8,I129,20,PP,True,True,False,True
Xiao2024,EXP,Colony 2,8,8,I130,20,DU,True,True,False,True
Xiao2024,EXP,Colony 2,8,8,I131,24,UU,True,True,False,True
Xiao2024,EXP,Colony 2,8,8,I132,30,UU,True,True,False,True
Xiao2024,EXP,Colony 2,8,8,I133,,,False,False,False,True
Xiao2024,EXP,Colony 2,8,8,I134,33,UU,True,True,False,True
Xiao2024,EXP,Colony 2,8,8,I135,16,PP,True,True,False,True
Xiao2024,EXP,Colony 2,8,8,I136,18,PP,True,True,False,True
Xiao2024,EXP,Colony 2,8,8,I137,,,False,False,False,True
Xiao2024,EXP,Colony 2,8,8,I138,,,False,False,False,True
Xiao2024,EXP,Colony 2,8,8,I139,,,False,False,False,True
Xiao2024,EXP,Colony 2,8,8,I140,,,False,False,False,True
Xiao2024,EXP,Colony 2,8,8,I141,20,PP,True,True,False,True
Xiao2024,EXP,Colony 2,8,8,I142,42,UU,True,True,False,True
Xiao2024,EXP,Colony 2,8,8,I143,19,PU,True,True,False,True
Xiao2024,EXP,Colony 2,8,8,I144,14,PP,True,True,False,True
Xiao2024,EXP,Colony 2,8,8,I145,31,PP,True,True,False,True
Xiao2024,EXP,Colony 2,8,8,I146,30,PP,True,True,False,True
Xiao2024,EXP,Colony 2,8,8,I147,19,PP,True,True,False,True
Xiao2024,EXP,Colony 2,8,8,I148,17,UU,True,True,False,True
Xiao2024,EXP,Colony 2,8,8,I149,19,PP,True,True,False,True
Xiao2024,EXP,Colony 2,8,8,I150,17,PP,True,True,False,True
Xiao2024,EXP,Colony 2,8,8,I151,20,PP,True,True,False,True
Xiao2024,EXP,Colony 2,8,8,I152,17,PU,True,True,False,True
Xiao2024,EXP,Colony 2,8,8,I153,24,PP,True,True,False,True
Xiao2024,EXP,Colony 2,8,8,I154,23,PP,True,True,False,True
Xiao2024,EXP,Colony 2,8,8,I155,19,PP,True,True,False,True
Xiao2024,EXP,Colony 2,8,8,I156,19,UU,True,True,False,True
Xiao2024,EXP,Colony 2,8,8,I157,29,PP,True,True,False,True
Xiao2024,EXP,Colony 2,8,8,I158,18,PP,True,True,False,True
Xiao2024,EXP,Colony 2,8,8,I159,19,PP,True,True,False,True
Xiao2024,EXP,Colony 2,8,8,I160,19,PP,True,True,False,True
Xiao2024,EXP,Colony 2,8,8,I161,23,PP,True,True,False,True
Xiao2024,EXP,Colony 2,8,8,I162,17,PP,True,True,False,True
Xiao2024,EXP,Colony 2,8,8,I163,16,PP,True,True,False,True
Xiao2024,EXP,Colony 2,8,8,I164,17,PP,True,True,False,True
Xiao2024,EXP,Colony 2,8,8,I165,,,False,False,False,True
Xiao2024,EXP,Colony 2,8,8,I166,,,False,False,False,True
Xiao2024,EXP,Colony 2,8,8,I167,,,False,False,False,True
Xiao2024,EXP,Colony 2,8,8,I168,,,False,False,False,True
Xiao2024,EXP,Colony 2,8,8,I169,28,UU,True,True,False,True
Xiao2024,EXP,Colony 2,8,8,I170,34,UU,True,True,False,True
Xiao2024,EXP,Colony 2,8,8,I171,28,UU,True,True,False,True
Xiao2024,EXP,Colony 2,8,8,I172,,,False,False,False,True
Xiao2024,EXP,Colony 2,8,8,I173,,,False,False,False,True
Xiao2024,EXP,Colony 2,8,8,I174,,,False,False,False,True
Xiao2024,EXP,Colony 2,8,8,I175,29,PP,True,True,False,True
Xiao2024,EXP,Colony 2,8,8,I176,18,PP,True,True,False,True
Xiao2024,EXP,Colony 2,8,8,I177,21,PU,True,True,False,True
Xiao2024,EXP,Colony 2,8,8,I178,20,PU,True,True,False,True
Xiao2024,EXP,Colony 2,9,9,I179,18,UU,True,True,False,True
Xiao2024,EXP,Colony 2,9,9,I180,17,UU,True,True,False,True
Xiao2024,EXP,Colony 2,9,9,I181,20,UU,True,True,False,True
Xiao2024,EXP,Colony 2,9,9,I182,18,UU,True,True,False,True
Xiao2024,EXP,Colony 2,9,9,I183,20,UU,True,True,False,True
Xiao2024,EXP,Colony 2,9,9,I184,19,UU,True,True,False,True
Xiao2024,EXP,Colony 2,9,9,I185,21,UU,True,True,False,True
Xiao2024,EXP,Colony 2,9,9,I186,25,UU,True,True,False,True
Xiao2024,EXP,Colony 2,9,9,I187,26,UU,True,True,False,True
Xiao2024,EXP,Colony 2,9,9,I188,,,False,False,False,True
Xiao2024,EXP,Colony 2,9,9,I189,,,False,False,False,True
Xiao2024,EXP,Colony 2,9,9,I190,21,UU,True,True,False,True
Xiao2024,EXP,Colony 2,9,9,I191,21,UU,True,True,False,True
Xiao2024,EXP,Colony 2,9,9,I192,25,UU,True,True,False,True
Xiao2024,EXP,Colony 2,9,9,I193,22,UU,True,True,False,True
Xiao2024,EXP,Colony 2,9,9,I194,20,UU,True,True,False,True
Xiao2024,EXP,Colony 2,9,9,I195,19,UU,True,True,False,True
Xiao2024,EXP,Colony 2,9,9,I196,18,UU,True,True,False,True
Xiao2024,EXP,Colony 2,9,9,I197,23,UU,True,True,False,True
Xiao2024,EXP,Colony 2,9,9,I198,43,UU,True,True,False,True
Xiao2024,EXP,Colony 2,9,9,I199,53,UU,True,True,False,True
Xiao2024,EXP,Colony 2,9,9,I200,17,UU,True,True,False,True
Xiao2024,EXP,Colony 2,9,9,I201,,,False,False,False,True
Xiao2024,EXP,Colony 2,9,9,I202,,,False,False,False,True
Xiao2024,EXP,Colony 2,9,9,I203,,,False,False,False,True
Xiao2024,EXP,Colony 2,9,9,I204,,,False,False,False,True
Xiao2024,EXP,Colony 2,9,9,I205,,,False,False,False,True
Xiao2024,EXP,Colony 2,9,9,I206,15,UU,True,True,False,True
Xiao2024,EXP,Colony 2,9,9,I207,19,PP,True,True,False,True
Xiao2024,EXP,Colony 2,9,9,I208,19,UU,True,True,False,True
Xiao2024,EXP,Colony 2,9,9,I209,21,DU,True,True,False,True
Xiao2024,EXP,Colony 2,9,9,I210,22,UU,True,True,False,True
Xiao2024,EXP,Colony 2,9,9,I211,19,UU,True,True,False,True
Xiao2024,EXP,Colony 2,9,9,I212,,,False,False,False,True
Xiao2024,EXP,Colony 2,9,9,I213,,,False,False,False,True
Xiao2024,EXP,Colony 2,9,9,I214,,,False,False,False,True
Xiao2024,EXP,Colony 2,9,9,I215,,,False,False,False,True
Xiao2024,EXP,Colony 2,9,9,I216,,,False,False,False,True
Xiao2024,EXP,Colony 2,9,9,I217,,,False,False,False,True
Xiao2024,EXP,Colony 2,9,9,I218,,,False,False,False,True
Xiao2024,EXP,Colony 2,9,9,I219,22,UU,True,True,False,True
Xiao2024,EXP,Colony 2,9,9,I220,23,UU,True,True,False,True
Xiao2024,EXP,Colony 2,9,9,I221,20,UU,True,True,False,True
Xiao2024,EXP,Colony 2,9,9,I222,20,UU,True,True,False,True
Xiao2024,EXP,Colony 2,9,9,I223,26,UU,True,True,False,True
Xiao2024,EXP,Colony 2,9,9,I224,25,UU,True,True,False,True
Xiao2024,EXP,Colony 2,9,9,I225,26,UU,True,True,False,True
Xiao2024,EXP,Colony 2,9,9,I226,28,UU,True,True,False,True
Xiao2024,EXP,Colony 2,9,9,I227,24,UU,True,True,False,True
Xiao2024,EXP,Colony 2,9,9,I228,35,UU,True,True,False,True
Xiao2024,EXP,Colony 2,9,9,I229,32,UU,True,True,False,True
Xiao2024,EXP,Colony 2,9,9,I230,22,UU,True,True,False,True
Xiao2024,EXP,Colony 2,9,9,I231,40,UU,True,True,False,True
Xiao2024,EXP,Colony 2,9,9,I232,22,UU,True,True,False,True
Xiao2024,EXP,Colony 2,9,9,I233,,,False,False,False,True
Xiao2024,EXP,Colony 2,9,9,I234,,,False,False,False,True
Xiao2024,EXP,Colony 2,9,9,I235,22,UU,True,True,False,True
Xiao2024,EXP,Colony 2,9,9,I236,29,UU,True,True,False,True
Xiao2024,EXP,Colony 2,9,9,I237,23,PP,True,True,False,True
Xiao2024,EXP,Colony 2,9,9,I238,19,UU,True,True,False,True
Xiao2024,EXP,Colony 2,9,9,I239,15,UU,True,True,False,True
Xiao2024,EXP,Colony 2,9,9,I240,32,UU,True,True,False,True
Xiao2024,EXP,Colony 2,9,9,I241,26,UU,True,True,False,True
Xiao2024,EXP,Colony 2,9,9,I242,20,UU,True,True,False,True
Xiao2024,EXP,Colony 2,9,9,I243,26,UU,True,True,False,True
Xiao2024,EXP,Colony 2,9,9,I244,16,PP,True,True,False,True
Xiao2024,EXP,Colony 2,9,9,I245,21,PP,True,True,False,True
Xiao2024,EXP,Colony 2,9,9,I246,21,PD,True,True,False,True
Xiao2024,EXP,Colony 2,9,9,I247,23,PP,True,True,False,True
Xiao2024,EXP,Colony 2,9,9,I248,17,PP,True,True,False,True
Xiao2024,EXP,Colony 2,9,9,I249,19,PP,True,True,False,True
Xiao2024,EXP,Colony 2,9,9,I250,18,PP,True,True,False,True
Xiao2024,EXP,Colony 2,9,9,I251,19,PP,True,True,False,True
Xiao2024,EXP,Colony 2,9,9,I252,19,PP,True,True,False,True
Xiao2024,EXP,Colony 2,9,9,I253,18,PP,True,True,False,True
Xiao2024,EXP,Colony 2,9,9,I254,16,PU,True,True,False,True
Xiao2024,EXP,Colony 2,9,9,I255,13,PP,True,True,False,True
Xiao2024,EXP,Colony 2,9,9,I256,15,PU,True,True,False,True
Xiao2024,EXP,Colony 2,9,9,I257,15,PP,True,True,False,True
Xiao2024,EXP,Colony 2,9,9,I258,17,UU,True,True,False,True
Xiao2024,EXP,Colony 2,9,9,I259,24,UU,True,True,False,True
Xiao2024,EXP,Colony 2,9,9,I260,15,PP,True,True,False,True
Xiao2024,EXP,Colony 2,9,9,I261,19,PP,True,True,False,True
Xiao2024,EXP,Colony 2,9,9,I262,15,PP,True,True,False,True
Xiao2024,EXP,Colony 2,9,9,I263,18,UU,True,True,False,True
Xiao2024,EXP,Colony 2,9,9,I264,33,UU,True,True,False,True
Xiao2024,EXP,Colony 2,9,9,I265,25,PP,True,True,False,True
Xiao2024,EXP,Colony 2,9,9,I266,16,PP,True,True,False,True
Xiao2024,EXP,Colony 2,9,9,I267,21,PU,True,True,False,True
Xiao2024,EXP,Colony 2,9,9,I268,17,PP,True,True,False,True
Xiao2024,EXP,Colony 2,9,9,I269,19,PP,True,True,False,True
Xiao2024,EXP,Colony 2,9,9,I270,17,PP,True,True,False,True
Xiao2024,EXP,Colony 2,9,9,I271,19,PP,True,True,False,True
Xiao2024,EXP,Colony 2,9,9,I272,21,PD,True,True,False,True
Xiao2024,EXP,Colony 2,9,9,I273,,,False,False,False,True
Xiao2024,EXP,Colony 2,9,9,I274,,,False,False,False,True
Xiao2024,EXP,Colony 2,9,9,I275,,,False,False,False,True
Xiao2024,EXP,Colony 2,9,9,I276,,,False,False,False,True
Xiao2024,EXP,Colony 2,9,9,I277,,,False,False,False,True
Xiao2024,EXP,Colony 2,9,9,I278,,,False,False,False,True
Xiao2024,EXP,Colony 2,9,9,I279,17,PP,True,True,False,True
Xiao2024,EXP,Colony 2,9,9,I280,24,PP,True,True,False,True
Xiao2024,EXP,Colony 2,9,9,I281,15,UU,True,True,False,True
Xiao2024,EXP,Colony 2,9,9,I282,19,PP,True,True,False,True
Xiao2024,EXP,Colony 2,9,9,I283,19,PU,True,True,False,True
Xiao2024,EXP,Colony 2,9,9,I284,19,PP,True,True,False,True
Xiao2024,EXP,Colony 2,10,10,I285,,,False,False,False,True
Xiao2024,EXP,Colony 2,10,10,I286,,,False,False,False,True
Xiao2024,EXP,Colony 2,10,10,I287,,,False,False,False,True
Xiao2024,EXP,Colony 2,10,10,I288,,,False,False,False,True
Xiao2024,EXP,Colony 2,10,10,I289,,,False,False,False,True
Xiao2024,EXP,Colony 2,10,10,I290,,,False,False,False,True
Xiao2024,EXP,Colony 2,10,10,I291,,,False,False,False,True
Xiao2024,EXP,Colony 2,10,10,I292,,,False,False,False,True
Xiao2024,EXP,Colony 2,10,10,I293,,,False,False,False,True
Xiao2024,EXP,Colony 2,10,10,I294,,,False,False,False,True
Xiao2024,EXP,Colony 2,10,10,I295,,,False,False,False,True
Xiao2024,EXP,Colony 2,10,10,I296,,,False,False,False,True
Xiao2024,EXP,Colony 2,10,10,I297,,,False,False,False,True
Xiao2024,EXP,Colony 2,10,10,I298,,,False,False,False,True
Xiao2024,EXP,Colony 2,10,10,I299,,,False,False,False,True
Xiao2024,EXP,Colony 2,10,10,I300,,,False,False,False,True
Xiao2024,EXP,Colony 2,10,10,I301,,,False,False,False,True
Xiao2024,EXP,Colony 2,10,10,I302,,,False,False,False,True
Xiao2024,EXP,Colony 2,10,10,I303,,,False,False,False,True
Xiao2024,EXP,Colony 2,10,10,I304,,,False,False,False,True
Xiao2024,EXP,Colony 2,10,10,I305,,,False,False,False,True
Xiao2024,EXP,Colony 2,10,10,I306,,,False,False,False,True
Xiao2024,EXP,Colony 2,10,10,I307,,,False,False,False,True
Xiao2024,EXP,Colony 2,10,10,I308,,,False,False,False,True
Xiao2024,EXP,Colony 2,10,10,I309,,,False,False,False,True
Xiao2024,EXP,Colony 2,10,10,I310,,,False,False,False,True
Xiao2024,EXP,Colony 2,10,10,I311,,,False,False,False,True
Xiao2024,EXP,Colony 2,10,10,I312,,,False,False,False,True
Xiao2024,EXP,Colony 2,10,10,I313,,,False,False,False,True
Xiao2024,EXP,Colony 2,10,10,I314,,,False,False,False,True
Xiao2024,EXP,Colony 2,10,10,I315,,,False,False,False,True
Xiao2024,EXP,Colony 2,10,10,I316,,,False,False,False,True
Xiao2024,EXP,Colony 2,10,10,I317,,,False,False,False,True
Xiao2024,EXP,Colony 2,10,10,I318,,,False,False,False,True
Xiao2024,EXP,Colony 2,10,10,I319,,,False,False,False,True
Xiao2024,EXP,Colony 2,10,10,I320,,,False,False,False,True
Xiao2024,EXP,Colony 2,10,10,I321,,,False,False,False,True
Xiao2024,EXP,Colony 2,10,10,I322,,,False,False,False,True
Xiao2024,EXP,Colony 2,10,10,I323,,,False,False,False,True
Xiao2024,EXP,Colony 2,10,10,I324,,,False,False,False,True
Xiao2024,EXP,Colony 2,10,10,I325,,,False,False,False,True
Xiao2024,EXP,Colony 2,10,10,I326,,,False,False,False,True
Xiao2024,EXP,Colony 2,10,10,I327,,,False,False,False,True
Xiao2024,EXP,Colony 2,10,10,I328,,,False,False,False,True
Xiao2024,EXP,Colony 2,10,10,I329,,,False,False,False,True
Xiao2024,EXP,Colony 2,10,10,I330,22,UU,True,True,False,True
Xiao2024,EXP,Colony 2,10,10,I331,18,UU,True,True,False,True
Xiao2024,EXP,Colony 2,10,10,I332,,,False,False,False,True
Xiao2024,EXP,Colony 2,10,10,I333,,,False,False,False,True
Xiao2024,EXP,Colony 2,10,10,I334,,,False,False,False,True
Xiao2024,EXP,Colony 2,10,10,I335,,,False,False,False,True
Xiao2024,EXP,Colony 2,10,10,I336,,,False,False,False,True
Xiao2024,EXP,Colony 2,10,10,I337,,,False,False,False,True
Xiao2024,EXP,Colony 2,10,10,I338,,,False,False,False,True
Xiao2024,EXP,Colony 2,10,10,I339,,,False,False,False,True
Xiao2024,EXP,Colony 2,10,10,I340,,,False,False,False,True
Xiao2024,EXP,Colony 2,10,10,I341,,,False,False,False,True
Xiao2024,EXP,Colony 2,10,10,I342,,,False,False,False,True
Xiao2024,EXP,Colony 2,10,10,I343,,,False,False,False,True
Xiao2024,EXP,Colony 2,10,10,I344,,,False,False,False,True
Xiao2024,EXP,Colony 2,10,10,I345,,,False,False,False,True
Xiao2024,EXP,Colony 2,10,10,I346,,,False,False,False,True
Xiao2024,EXP,Colony 2,10,10,I347,,,False,False,False,True
Xiao2024,EXP,Colony 2,10,10,I348,,,False,False,False,True
Xiao2024,EXP,Colony 2,10,10,I349,,,False,False,False,True
Xiao2024,EXP,Colony 2,10,10,I350,,,False,False,False,True
Xiao2024,EXP,Colony 2,10,10,I351,,,False,False,False,True
Xiao2024,EXP,Colony 2,10,10,I352,,,False,False,False,True
Xiao2024,EXP,Colony 2,10,10,I353,,,False,False,False,True
Xiao2024,EXP,Colony 2,10,10,I354,,,False,False,False,True
Xiao2024,EXP,Colony 2,10,10,I355,,,False,False,False,True
Xiao2024,EXP,Colony 2,10,10,I356,,,False,False,False,True
Xiao2024,EXP,Colony 2,10,10,I357,,,False,False,False,True
Xiao2024,EXP,Colony 2,10,10,I358,,,False,False,False,True
Xiao2024,EXP,Colony 2,10,10,I359,,,False,False,False,True
Xiao2024,EXP,Colony 2,10,10,I360,,,False,False,False,True
Xiao2024,EXP,Colony 2,10,10,I361,,,False,False,False,True
Xiao2024,EXP,Colony 2,10,10,I362,,,False,False,False,True
Xiao2024,EXP,Colony 2,10,10,I363,,,False,False,False,True
Xiao2024,EXP,Colony 2,10,10,I364,,,False,False,False,True
Xiao2024,EXP,Colony 2,10,10,I365,,,False,False,False,True
Xiao2024,EXP,Colony 2,10,10,I366,,,False,False,False,True
Xiao2024,EXP,Colony 2,10,10,I367,,,False,False,False,True
Xiao2024,EXP,Colony 2,10,10,I368,,,False,False,False,True
Xiao2024,EXP,Colony 2,10,10,I369,,,False,False,False,True
Xiao2024,EXP,Colony 2,10,10,I370,,,False,False,False,True
Xiao2024,EXP,Colony 2,10,10,I371,,,False,False,False,True
Xiao2024,EXP,Colony 2,10,10,I372,,,False,False,False,True
Xiao2024,EXP,Colony 2,10,10,I373,,,False,False,False,True
Xiao2024,EXP,Colony 2,10,10,I374,,,False,False,False,True
Xiao2024,EXP,Colony 2,10,10,I375,,,False,False,False,True
Xiao2024,EXP,Colony 2,10,10,I376,,,False,False,False,True
Xiao2024,EXP,Colony 2,10,10,I377,,,False,False,False,True
Xiao2024,EXP,Colony 2,10,10,I378,,,False,False,False,True
Xiao2024,EXP,Colony 2,10,10,I379,,,False,False,False,True
Xiao2024,EXP,Colony 2,10,10,I380,,,False,False,False,True
Xiao2024,EXP,Colony 2,10,10,I381,,,False,False,False,True
Xiao2024,EXP,Colony 2,10,10,I382,19,UU,True,True,False,True
Xiao2024,EXP,Colony 2,10,10,I383,17,UU,True,True,False,True
Xiao2024,EXP,Colony 2,10,10,I384,23,UU,True,True,False,True
Xiao2024,EXP,Colony 2,10,10,I385,23,UU,True,True,False,True
Xiao2024,EXP,Colony 2,10,10,I386,18,UU,True,True,False,True
Xiao2024,EXP,Colony 2,10,10,I387,,,False,False,False,True
Xiao2024,EXP,Colony 2,10,10,I388,,,False,False,False,True
Xiao2024,EXP,Colony 2,10,10,I389,19,UU,True,True,False,True
Xiao2024,EXP,Colony 2,10,10,I390,26,UU,True,True,False,True
Xiao2024,EXP,Colony 2,10,10,I391,22,UU,True,True,False,True
Xiao2024,EXP,Colony 2,10,10,I392,20,UU,True,True,False,True
Xiao2024,EXP,Colony 2,10,10,I393,19,UU,True,True,False,True
Xiao2024,EXP,Colony 2,10,10,I394,22,UU,True,True,False,True
Xiao2024,EXP,Colony 2,10,10,I395,30,UU,True,True,False,True
Xiao2024,EXP,Colony 2,10,10,I396,25,UU,True,True,False,True
Xiao2024,EXP,Colony 2,10,10,I397,22,UU,True,True,False,True
Xiao2024,EXP,Colony 2,10,10,I398,18,UU,True,True,False,True
Xiao2024,EXP,Colony 2,10,10,I399,18,UU,True,True,False,True
Xiao2024,EXP,Colony 2,10,10,I400,18,UU,True,True,False,True
Xiao2024,EXP,Colony 2,10,10,I401,18,UU,True,True,False,True
Xiao2024,EXP,Colony 2,10,10,I402,17,UU,True,True,False,True
Xiao2024,EXP,Colony 2,10,10,I403,18,UU,True,True,False,True
Xiao2024,EXP,Colony 2,10,10,I404,24,UU,True,True,False,True
Xiao2024,EXP,Colony 2,10,10,I405,18,UU,True,True,False,True
Xiao2024,EXP,Colony 2,10,10,I406,17,UU,True,True,False,True
Xiao2024,EXP,Colony 2,10,10,I407,16,UU,True,True,False,True
Xiao2024,EXP,Colony 2,10,10,I408,,,False,False,False,True
Xiao2024,EXP,Colony 2,10,10,I409,,,False,False,False,True
Xiao2024,EXP,Colony 2,10,10,I410,,,False,False,False,True
Xiao2024,EXP,Colony 2,10,10,I411,,,False,False,False,True
Xiao2024,EXP,Colony 2,10,10,I412,18,UU,True,True,False,True
Xiao2024,EXP,Colony 2,10,10,I413,18,UU,True,True,False,True
Xiao2024,EXP,Colony 2,10,10,I414,19,UU,True,True,False,True
Xiao2024,EXP,Colony 2,10,10,I415,19,UU,True,True,False,True
Xiao2024,EXP,Colony 2,10,10,I416,21,UU,True,True,False,True
Xiao2024,EXP,Colony 2,10,10,I417,20,UU,True,True,False,True
Xiao2024,EXP,Colony 2,10,10,I418,,,False,False,False,True
Xiao2024,EXP,Colony 2,10,10,I419,,,False,False,False,True
Xiao2024,EXP,Colony 2,10,10,I420,23,UU,True,True,False,True
Xiao2024,EXP,Colony 2,10,10,I421,23,UU,True,True,False,True
Xiao2024,EXP,Colony 2,10,10,I422,31,UU,True,True,False,True
Xiao2024,EXP,Colony 2,10,10,I423,24,UU,True,True,False,True
Xiao2024,EXP,Colony 2,10,10,I424,22,UU,True,True,False,True
Xiao2024,EXP,Colony 2,10,10,I425,26,UU,True,True,False,True
Xiao2024,EXP,Colony 2,10,10,I426,22,UU,True,True,False,True
Xiao2024,EXP,Colony 2,10,10,I427,20,UU,True,True,False,True
Xiao2024,EXP,Colony 2,10,10,I428,19,UU,True,True,False,True
Xiao2024,EXP,Colony 2,10,10,I429,18,UU,True,True,False,True
Xiao2024,EXP,Colony 2,10,10,I430,,,False,False,False,True
Xiao2024,EXP,Colony 2,10,10,I431,,,False,False,False,True
Xiao2024,EXP,Colony 2,10,10,I432,,,False,False,False,True
Xiao2024,EXP,Colony 2,10,10,I433,,,False,False,False,True
Xiao2024,EXP,Colony 2,10,10,I434,,,False,False,False,True
Xiao2024,EXP,Colony 2,10,10,I435,19,UU,True,True,False,True
Xiao2024,EXP,Colony 2,10,10,I436,18,UU,True,True,False,True
Xiao2024,EXP,Colony 2,10,10,I437,10,UU,True,True,False,True
Xiao2024,EXP,Colony 2,10,10,I438,20,UU,True,True,False,True
Xiao2024,EXP,Colony 2,10,10,I439,19,UU,True,True,False,True
Xiao2024,EXP,Colony 2,11,11,I440,,,False,False,False,True
Xiao2024,EXP,Colony 2,11,11,I441,,,False,False,False,True
Xiao2024,EXP,Colony 2,11,11,I442,,,False,False,False,True
Xiao2024,EXP,Colony 2,11,11,I443,,,False,False,False,True
Xiao2024,EXP,Colony 2,11,11,I444,,,False,False,False,True
Xiao2024,EXP,Colony 2,11,11,I445,,,False,False,False,True
Xiao2024,EXP,Colony 2,11,11,I446,,,False,False,False,True
Xiao2024,EXP,Colony 2,11,11,I447,,,False,False,False,True
Xiao2024,EXP,Colony 2,11,11,I448,,,False,False,False,True
Xiao2024,EXP,Colony 2,11,11,I449,,,False,False,False,True
Xiao2024,EXP,Colony 2,11,11,I450,,,False,False,False,True
Xiao2024,EXP,Colony 2,11,11,I451,,,False,False,False,True
Xiao2024,EXP,Colony 2,11,11,I452,,,False,False,False,True
Xiao2024,EXP,Colony 2,11,11,I453,,,False,False,False,True
Xiao2024,EXP,Colony 2,11,11,I454,,,False,False,False,True
Xiao2024,EXP,Colony 2,11,11,I455,,,False,False,False,True
Xiao2024,EXP,Colony 2,11,11,I456,,,False,False,False,True
Xiao2024,EXP,Colony 2,11,11,I457,,,False,False,False,True
Xiao2024,EXP,Colony 2,11,11,I458,,,False,False,False,True
Xiao2024,EXP,Colony 2,11,11,I459,,,False,False,False,True
Xiao2024,EXP,Colony 2,11,11,I460,,,False,False,False,True
Xiao2024,EXP,Colony 2,11,11,I461,,,False,False,False,True
Xiao2024,EXP,Colony 2,11,11,I462,,,False,False,False,True
Xiao2024,EXP,Colony 2,11,11,I463,,,False,False,False,True
Xiao2024,EXP,Colony 2,11,11,I464,,,False,False,False,True
Xiao2024,EXP,Colony 2,11,11,I465,,,False,False,False,True
Xiao2024,EXP,Colony 2,11,11,I466,,,False,False,False,True
Xiao2024,EXP,Colony 2,11,11,I467,,,False,False,False,True
Xiao2024,EXP,Colony 2,11,11,I468,,,False,False,False,True
Xiao2024,EXP,Colony 2,11,11,I469,,,False,False,False,True
Xiao2024,EXP,Colony 2,11,11,I470,,,False,False,False,True
Xiao2024,EXP,Colony 2,11,11,I471,,,False,False,False,True
Xiao2024,EXP,Colony 2,11,11,I472,,,False,False,False,True
Xiao2024,EXP,Colony 2,11,11,I473,,,False,False,False,True
Xiao2024,EXP,Colony 2,11,11,I474,,,False,False,False,True
Xiao2024,EXP,Colony 2,11,11,I475,,,False,False,False,True
Xiao2024,EXP,Colony 2,11,11,I476,,,False,False,False,True
Xiao2024,EXP,Colony 2,11,11,I477,,,False,False,False,True
Xiao2024,EXP,Colony 2,11,11,I478,,,False,False,False,True
Xiao2024,EXP,Colony 2,11,11,I479,,,False,False,False,True
Xiao2024,EXP,Colony 2,11,11,I480,,,False,False,False,True
Xiao2024,EXP,Colony 2,11,11,I481,,,False,False,False,True
Xiao2024,EXP,Colony 2,11,11,I482,,,False,False,False,True
Xiao2024,EXP,Colony 2,11,11,I483,,,False,False,False,True
Xiao2024,EXP,Colony 2,11,11,I484,,,False,False,False,True
Xiao2024,EXP,Colony 2,11,11,I485,,,False,False,False,True
Xiao2024,EXP,Colony 2,11,11,I486,,,False,False,False,True
Xiao2024,EXP,Colony 2,11,11,I487,,,False,False,False,True
Xiao2024,EXP,Colony 2,11,11,I488,,,False,False,False,True
Xiao2024,EXP,Colony 2,11,11,I489,,,False,False,False,True
Xiao2024,EXP,Colony 2,11,11,I490,,,False,False,False,True
Xiao2024,EXP,Colony 2,11,11,I491,,,False,False,False,True
Xiao2024,EXP,Colony 2,11,11,I492,,,False,False,False,True
Xiao2024,EXP,Colony 2,11,11,I493,,,False,False,False,True
Xiao2024,EXP,Colony 2,11,11,I494,,,False,False,False,True
Xiao2024,EXP,Colony 2,11,11,I495,,,False,False,False,True
Xiao2024,EXP,Colony 2,11,11,I496,,,False,False,False,True
Xiao2024,EXP,Colony 2,11,11,I497,,,False,False,False,True
Xiao2024,EXP,Colony 2,11,11,I498,,,False,False,False,True
Xiao2024,EXP,Colony 2,11,11,I499,,,False,False,False,True
Xiao2024,EXP,Colony 2,11,11,I500,,,False,False,False,True
Xiao2024,EXP,Colony 2,11,11,I501,,,False,False,False,True
Xiao2024,EXP,Colony 2,11,11,I502,,,False,False,False,True
Xiao2024,EXP,Colony 2,11,11,I503,,,False,False,False,True
Xiao2024,EXP,Colony 2,11,11,I504,,,False,False,False,True
Xiao2024,EXP,Colony 2,11,11,I505,,,False,False,False,True
Xiao2024,EXP,Colony 2,11,11,I506,,,False,False,False,True
Xiao2024,EXP,Colony 2,11,11,I507,,,False,False,False,True
Xiao2024,EXP,Colony 2,11,11,I508,,,False,False,False,True
Xiao2024,EXP,Colony 2,11,11,I509,,,False,False,False,True
Xiao2024,EXP,Colony 2,11,11,I510,,,False,False,False,True
Xiao2024,EXP,Colony 2,11,11,I511,,,False,False,False,True
Xiao2024,EXP,Colony 2,11,11,I512,,,False,False,False,True
Xiao2024,EXP,Colony 2,11,11,I513,,,False,False,False,True
Xiao2024,EXP,Colony 2,11,11,I514,,,False,False,False,True
Xiao2024,EXP,Colony 2,11,11,I515,,,False,False,False,True
Xiao2024,EXP,Colony 2,11,11,I516,,,False,False,False,True
Xiao2024,EXP,Colony 2,11,11,I517,,,False,False,False,True
Xiao2024,EXP,Colony 2,11,11,I518,,,False,False,False,True
Xiao2024,EXP,Colony 2,11,11,I519,,,False,False,False,True
Xiao2024,EXP,Colony 2,11,11,I520,,,False,False,False,True
Xiao2024,EXP,Colony 2,11,11,I521,,,False,False,False,True
Xiao2024,EXP,Colony 2,11,11,I522,,,False,False,False,True
Xiao2024,EXP,Colony 2,11,11,I523,,,False,False,False,True
Xiao2024,EXP,Colony 2,11,11,I524,,,False,False,False,True
Xiao2024,EXP,Colony 2,11,11,I525,,,False,False,False,True
Xiao2024,EXP,Colony 2,11,11,I526,,,False,False,False,True
Xiao2024,EXP,Colony 2,11,11,I527,,,False,False,False,True
Xiao2024,EXP,Colony 2,11,11,I528,,,False,False,False,True
Xiao2024,EXP,Colony 2,11,11,I529,,,False,False,False,True
Xiao2024,EXP,Colony 2,11,11,I530,,,False,False,False,True
Xiao2024,EXP,Colony 2,11,11,I531,,,False,False,False,True
Xiao2024,EXP,Colony 2,11,11,I532,,,False,False,False,True
Xiao2024,EXP,Colony 2,11,11,I533,,,False,False,False,True
Xiao2024,EXP,Colony 2,11,11,I534,,,False,False,False,True
Xiao2024,EXP,Colony 2,11,11,I535,,,False,False,False,True
Xiao2024,EXP,Colony 2,11,11,I536,,,False,False,False,True
Xiao2024,EXP,Colony 2,11,11,I537,,,False,False,False,True
Xiao2024,EXP,Colony 2,11,11,I538,,,False,False,False,True
Xiao2024,EXP,Colony 2,11,11,I539,,,False,False,False,True
Xiao2024,EXP,Colony 2,11,11,I540,,,False,False,False,True
Xiao2024,EXP,Colony 2,11,11,I541,,,False,False,False,True
Xiao2024,EXP,Colony 2,11,11,I542,,,False,False,False,True
Xiao2024,EXP,Colony 2,11,11,I543,,,False,False,False,True
Xiao2024,EXP,Colony 2,11,11,I544,,,False,False,False,True
Xiao2024,EXP,Colony 2,11,11,I545,,,False,False,False,True
Xiao2024,EXP,Colony 3,1,1,N3,76,PP,True,True,True,False
Xiao2024,EXP,Colony 3,2,2,N4,17,PP,True,True,False,True
Xiao2024,EXP,Colony 3,2,2,N5,16,PP,True,True,False,True
Xiao2024,EXP,Colony 3,3,3,N6,13,PP,True,True,False,True
Xiao2024,EXP,Colony 3,3,3,N7,15,PP,True,True,False,True
Xiao2024,EXP,Colony 3,3,3,N8,13,PP,True,True,False,True
Xiao2024,EXP,Colony 3,3,3,N9,15,PP,True,True,False,True
Xiao2024,EXP,Colony 3,4,4,N10,17,PP,True,True,False,True
Xiao2024,EXP,Colony 3,4,4,N11,12,PP,True,True,False,True
Xiao2024,EXP,Colony 3,4,4,N12,14,PP,True,True,False,True
Xiao2024,EXP,Colony 3,4,4,N13,14,PP,True,True,False,True
Xiao2024,EXP,Colony 3,4,4,N14,18,PP,True,True,False,True
Xiao2024,EXP,Colony 3,4,4,N15,15,PP,True,True,False,True
Xiao2024,EXP,Colony 3,4,4,N16,15,PP,True,True,False,True
Xiao2024,EXP,Colony 3,4,4,N17,16,PP,True,True,False,True
Xiao2024,EXP,Colony 3,5,5,N18,16,PP,True,True,False,True
Xiao2024,EXP,Colony 3,5,5,N19,21,PP,True,True,False,True
Xiao2024,EXP,Colony 3,5,5,N20,17,PP,True,True,False,True
Xiao2024,EXP,Colony 3,5,5,N21,13,PP,True,True,False,True
Xiao2024,EXP,Colony 3,5,5,N22,18,PD,True,True,False,True
Xiao2024,EXP,Colony 3,5,5,N23,15,PP,True,True,False,True
Xiao2024,EXP,Colony 3,5,5,N24,17,PP,True,True,False,True
Xiao2024,EXP,Colony 3,5,5,N25,75,DD,True,True,False,True
Xiao2024,EXP,Colony 3,5,5,N26,15,PU,True,True,False,True
Xiao2024,EXP,Colony 3,5,5,N27,21,PU,True,True,False,True
Xiao2024,EXP,Colony 3,5,5,N28,14,PU,True,True,False,True
Xiao2024,EXP,Colony 3,5,5,N29,15,PD,True,True,False,True
Xiao2024,EXP,Colony 3,5,5,N30,19,PD,True,True,False,True
Xiao2024,EXP,Colony 3,5,5,N31,20,PP,True,True,False,True
Xiao2024,EXP,Colony 3,5,5,N32,16,PP,True,True,False,True
Xiao2024,EXP,Colony 3,5,5,N33,18,PP,True,True,False,True
Xiao2024,EXP,Colony 3,6,6,N34,13,PP,True,True,False,True
Xiao2024,EXP,Colony 3,6,6,N35,15,PP,True,True,False,True
Xiao2024,EXP,Colony 3,6,6,N36,15,PP,True,True,False,True
Xiao2024,EXP,Colony 3,6,6,N37,25,PP,True,True,False,True
Xiao2024,EXP,Colony 3,6,6,N38,16,PU,True,True,False,True
Xiao2024,EXP,Colony 3,6,6,N39,19,PP,True,True,False,True
Xiao2024,EXP,Colony 3,6,6,N40,16,PP,True,True,False,True
Xiao2024,EXP,Colony 3,6,6,N41,14,PP,True,True,False,True
Xiao2024,EXP,Colony 3,6,6,N42,,,False,False,False,True
Xiao2024,EXP,Colony 3,6,6,N43,,,False,False,False,True
Xiao2024,EXP,Colony 3,6,6,N44,16,PP,True,True,False,True
Xiao2024,EXP,Colony 3,6,6,N45,16,PP,True,True,False,True
Xiao2024,EXP,Colony 3,6,6,N46,30,PP,True,True,False,True
Xiao2024,EXP,Colony 3,6,6,N47,39,PD,True,True,False,True
Xiao2024,EXP,Colony 3,6,6,N48,,,False,False,False,True
Xiao2024,EXP,Colony 3,6,6,N49,,,False,False,False,True
Xiao2024,EXP,Colony 3,6,6,N50,23,PP,True,True,False,True
Xiao2024,EXP,Colony 3,6,6,N51,17,PP,True,True,False,True
Xiao2024,EXP,Colony 3,6,6,N52,19,PP,True,True,False,True
Xiao2024,EXP,Colony 3,6,6,N53,24,PP,True,True,False,True
Xiao2024,EXP,Colony 3,6,6,N54,,,False,False,False,True
Xiao2024,EXP,Colony 3,6,6,N55,,,False,False,False,True
Xiao2024,EXP,Colony 3,6,6,N56,,,False,False,False,True
Xiao2024,EXP,Colony 3,6,6,N57,29,PP,True,True,False,True
Xiao2024,EXP,Colony 3,6,6,N58,37,PP,True,True,False,True
Xiao2024,EXP,Colony 3,7,7,N59,14,PP,True,True,False,True
Xiao2024,EXP,Colony 3,7,7,N60,12,PP,True,True,False,True
Xiao2024,EXP,Colony 3,7,7,N61,14,PP,True,True,False,True
Xiao2024,EXP,Colony 3,7,7,N62,13,PP,True,True,False,True
Xiao2024,EXP,Colony 3,7,7,N63,19,PP,True,True,False,True
Xiao2024,EXP,Colony 3,7,7,N64,19,UU,True,True,False,True
Xiao2024,EXP,Colony 3,7,7,N65,18,PP,True,True,False,True
Xiao2024,EXP,Colony 3,7,7,N66,19,PP,True,True,False,True
Xiao2024,EXP,Colony 3,7,7,N67,18,PP,True,True,False,True
Xiao2024,EXP,Colony 3,7,7,N68,17,PP,True,True,False,True
Xiao2024,EXP,Colony 3,7,7,N69,23,PP,True,True,False,True
Xiao2024,EXP,Colony 3,7,7,N70,24,PP,True,True,False,True
Xiao2024,EXP,Colony 3,7,7,N71,17,PU,True,True,False,True
Xiao2024,EXP,Colony 3,7,7,N72,14,PP,True,True,False,True
Xiao2024,EXP,Colony 3,7,7,N73,20,PP,True,True,False,True
Xiao2024,EXP,Colony 3,7,7,N74,,,False,False,False,True
Xiao2024,EXP,Colony 3,7,7,N75,34,PP,True,True,False,True
Xiao2024,EXP,Colony 3,7,7,N76,22,PP,True,True,False,True
Xiao2024,EXP,Colony 3,7,7,N77,15,PP,True,True,False,True
Xiao2024,EXP,Colony 3,7,7,N78,18,PP,True,True,False,True
Xiao2024,EXP,Colony 3,7,7,N79,18,PP,True,True,False,True
Xiao2024,EXP,Colony 3,7,7,N80,,,False,False,False,True
Xiao2024,EXP,Colony 3,7,7,N81,21,DD,True,True,False,True
Xiao2024,EXP,Colony 3,7,7,N82,30,PU,True,True,False,True
Xiao2024,EXP,Colony 3,7,7,N83,33,PP,True,True,False,True
Xiao2024,EXP,Colony 3,7,7,N84,19,PP,True,True,False,True
Xiao2024,EXP,Colony 3,7,7,N85,23,PU,True,True,False,True
Xiao2024,EXP,Colony 3,7,7,N86,20,PP,True,True,False,True
Xiao2024,EXP,Colony 3,7,7,N87,106,UU,True,True,False,True
Xiao2024,EXP,Colony 3,7,7,N88,93,UU,True,True,False,True
Xiao2024,EXP,Colony 3,7,7,N89,59,DD,True,True,False,True
Xiao2024,EXP,Colony 3,7,7,N90,,,False,False,False,True
Xiao2024,EXP,Colony 3,7,7,N91,15,PU,True,True,False,True
Xiao2024,EXP,Colony 3,7,7,N92,22,PP,True,True,False,True
Xiao2024,EXP,Colony 3,7,7,N93,,,False,False,False,True
Xiao2024,EXP,Colony 3,7,7,N94,38,PD,True,True,False,True
Xiao2024,EXP,Colony 3,7,7,N95,14,PP,True,True,False,True
Xiao2024,EXP,Colony 3,7,7,N96,12,PU,True,True,False,True
Xiao2024,EXP,Colony 3,7,7,N97,21,PU,True,True,False,True
Xiao2024,EXP,Colony 3,7,7,N98,18,PP,True,True,False,True
Xiao2024,EXP,Colony 3,7,7,N99,20,PP,True,True,False,True
Xiao2024,EXP,Colony 3,7,7,N100,17,PP,True,True,False,True
Xiao2024,EXP,Colony 3,7,7,N101,25,PU,True,True,False,True
Xiao2024,EXP,Colony 3,7,7,N102,16,PP,True,True,False,True
Xiao2024,EXP,Colony 3,8,8,N103,13,PP,True,True,False,True
Xiao2024,EXP,Colony 3,8,8,N104,13,UU,True,True,False,True
Xiao2024,EXP,Colony 3,8,8,N105,13,PP,True,True,False,True
Xiao2024,EXP,Colony 3,8,8,N106,16,PP,True,True,False,True
Xiao2024,EXP,Colony 3,8,8,N107,13,PP,True,True,False,True
Xiao2024,EXP,Colony 3,8,8,N108,12,PP,True,True,False,True
Xiao2024,EXP,Colony 3,8,8,N109,13,PP,True,True,False,True
Xiao2024,EXP,Colony 3,8,8,N110,16,PP,True,True,False,True
Xiao2024,EXP,Colony 3,8,8,N111,19,PU,True,True,False,True
Xiao2024,EXP,Colony 3,8,8,N112,16,PP,True,True,False,True
Xiao2024,EXP,Colony 3,8,8,N113,16,PP,True,True,False,True
Xiao2024,EXP,Colony 3,8,8,N114,17,PP,True,True,False,True
Xiao2024,EXP,Colony 3,8,8,N115,15,PU,True,True,False,True
Xiao2024,EXP,Colony 3,8,8,N116,19,PP,True,True,False,True
Xiao2024,EXP,Colony 3,8,8,N117,18,UU,True,True,False,True
Xiao2024,EXP,Colony 3,8,8,N118,18,PP,True,True,False,True
Xiao2024,EXP,Colony 3,8,8,N119,22,PP,True,True,False,True
Xiao2024,EXP,Colony 3,8,8,N120,24,PP,True,True,False,True
Xiao2024,EXP,Colony 3,8,8,N121,22,PP,True,True,False,True
Xiao2024,EXP,Colony 3,8,8,N122,21,PP,True,True,False,True
Xiao2024,EXP,Colony 3,8,8,N123,19,PP,True,True,False,True
Xiao2024,EXP,Colony 3,8,8,N124,20,PU,True,True,False,True
Xiao2024,EXP,Colony 3,8,8,N125,21,UU,True,True,False,True
Xiao2024,EXP,Colony 3,8,8,N126,19,PP,True,True,False,True
Xiao2024,EXP,Colony 3,8,8,N127,20,PU,True,True,False,True
Xiao2024,EXP,Colony 3,8,8,N128,32,PP,True,True,False,True
Xiao2024,EXP,Colony 3,8,8,N129,19,PP,True,True,False,True
Xiao2024,EXP,Colony 3,8,8,N130,24,DU,True,True,False,True
Xiao2024,EXP,Colony 3,8,8,N131,25,DD,True,True,False,True
Xiao2024,EXP,Colony 3,8,8,N132,19,PP,True,True,False,True
Xiao2024,EXP,Colony 3,8,8,N133,17,PP,True,True,False,True
Xiao2024,EXP,Colony 3,8,8,N134,16,PP,True,True,False,True
Xiao2024,EXP,Colony 3,8,8,N135,18,PP,True,True,False,True
Xiao2024,EXP,Colony 3,8,8,N136,31,PU,True,True,False,True
Xiao2024,EXP,Colony 3,8,8,N137,23,PP,True,True,False,True
Xiao2024,EXP,Colony 3,8,8,N138,,,False,False,False,True
Xiao2024,EXP,Colony 3,8,8,N139,,,False,False,False,True
Xiao2024,EXP,Colony 3,8,8,N140,23,PP,True,True,False,True
Xiao2024,EXP,Colony 3,8,8,N141,18,PU,True,True,False,True
Xiao2024,EXP,Colony 3,8,8,N142,19,PP,True,True,False,True
Xiao2024,EXP,Colony 3,8,8,N143,17,PP,True,True,False,True
Xiao2024,EXP,Colony 3,8,8,N144,16,PP,True,True,False,True
Xiao2024,EXP,Colony 3,8,8,N145,14,PP,True,True,False,True
Xiao2024,EXP,Colony 3,8,8,N146,21,PP,True,True,False,True
Xiao2024,EXP,Colony 3,8,8,N147,,,False,False,False,True
Xiao2024,EXP,Colony 3,8,8,N148,,,False,False,False,True
Xiao2024,EXP,Colony 3,8,8,N149,,,False,False,False,True
Xiao2024,EXP,Colony 3,8,8,N150,,,False,False,False,True
Xiao2024,EXP,Colony 3,8,8,N151,,,False,False,False,True
Xiao2024,EXP,Colony 3,8,8,N152,,,False,False,False,True
Xiao2024,EXP,Colony 3,8,8,N153,24,PU,True,True,False,True
Xiao2024,EXP,Colony 3,8,8,N154,16,PU,True,True,False,True
Xiao2024,EXP,Colony 3,8,8,N155,25,PP,True,True,False,True
Xiao2024,EXP,Colony 3,8,8,N156,,,False,False,False,True
Xiao2024,EXP,Colony 3,8,8,N157,,,False,False,False,True
Xiao2024,EXP,Colony 3,8,8,N158,32,UU,True,True,False,True
Xiao2024,EXP,Colony 3,8,8,N159,13,UU,True,True,False,True
Xiao2024,EXP,Colony 3,8,8,N160,13,PP,True,True,False,True
Xiao2024,EXP,Colony 3,8,8,N161,13,PP,True,True,False,True
Xiao2024,EXP,Colony 3,8,8,N162,18,PU,True,True,False,True
Xiao2024,EXP,Colony 3,8,8,N163,26,PP,True,True,False,True
Xiao2024,EXP,Colony 3,8,8,N164,19,PP,True,True,False,True
Xiao2024,EXP,Colony 3,8,8,N165,23,PP,True,True,False,True
Xiao2024,EXP,Colony 3,8,8,N166,27,PP,True,True,False,True
Xiao2024,EXP,Colony 3,8,8,N167,22,UU,True,True,False,True
Xiao2024,EXP,Colony 3,8,8,N168,19,PP,True,True,False,True
Xiao2024,EXP,Colony 3,8,8,N169,23,PP,True,True,False,True
Xiao2024,EXP,Colony 3,8,8,N170,20,PP,True,True,False,True
Xiao2024,EXP,Colony 3,8,8,N171,22,PP,True,True,False,True
Xiao2024,EXP,Colony 3,9,9,N172,24,PU,True,True,False,True
Xiao2024,EXP,Colony 3,9,9,N173,21,PP,True,True,False,True
Xiao2024,EXP,Colony 3,9,9,N174,18,PP,True,True,False,True
Xiao2024,EXP,Colony 3,9,9,N175,18,PP,True,True,False,True
Xiao2024,EXP,Colony 3,9,9,N176,17,PU,True,True,False,True
Xiao2024,EXP,Colony 3,9,9,N177,17,PP,True,True,False,True
Xiao2024,EXP,Colony 3,9,9,N178,18,PP,True,True,False,True
Xiao2024,EXP,Colony 3,9,9,N179,17,PP,True,True,False,True
Xiao2024,EXP,Colony 3,9,9,N180,21,PP,True,True,False,True
Xiao2024,EXP,Colony 3,9,9,N181,20,PP,True,True,False,True
Xiao2024,EXP,Colony 3,9,9,N182,19,PP,True,True,False,True
Xiao2024,EXP,Colony 3,9,9,N183,17,PU,True,True,False,True
Xiao2024,EXP,Colony 3,9,9,N184,14,PP,True,True,False,True
Xiao2024,EXP,Colony 3,9,9,N185,16,PP,True,True,False,True
Xiao2024,EXP,Colony 3,9,9,N186,24,PU,True,True,False,True
Xiao2024,EXP,Colony 3,9,9,N187,12,PU,True,True,False,True
Xiao2024,EXP,Colony 3,9,9,N188,17,PU,True,True,False,True
Xiao2024,EXP,Colony 3,9,9,N189,23,PP,True,True,False,True
Xiao2024,EXP,Colony 3,9,9,N190,23,PP,True,True,False,True
Xiao2024,EXP,Colony 3,9,9,N191,22,PP,True,True,False,True
Xiao2024,EXP,Colony 3,9,9,N192,20,PU,True,True,False,True
Xiao2024,EXP,Colony 3,9,9,N193,20,PP,True,True,False,True
Xiao2024,EXP,Colony 3,9,9,N194,20,PP,True,True,False,True
Xiao2024,EXP,Colony 3,9,9,N195,17,PP,True,True,False,True
Xiao2024,EXP,Colony 3,9,9,N196,21,PP,True,True,False,True
Xiao2024,EXP,Colony 3,9,9,N197,22,PP,True,True,False,True
Xiao2024,EXP,Colony 3,9,9,N198,39,PU,True,True,False,True
Xiao2024,EXP,Colony 3,9,9,N199,22,PP,True,True,False,True
Xiao2024,EXP,Colony 3,9,9,N200,17,PP,True,True,False,True
Xiao2024,EXP,Colony 3,9,9,N201,20,PP,True,True,False,True
Xiao2024,EXP,Colony 3,9,9,N202,20,PP,True,True,False,True
Xiao2024,EXP,Colony 3,9,9,N203,23,PP,True,True,False,True
Xiao2024,EXP,Colony 3,9,9,N204,18,UU,True,True,False,True
Xiao2024,EXP,Colony 3,9,9,N205,21,PP,True,True,False,True
Xiao2024,EXP,Colony 3,9,9,N206,23,PP,True,True,False,True
Xiao2024,EXP,Colony 3,9,9,N207,24,PP,True,True,False,True
Xiao2024,EXP,Colony 3,9,9,N208,23,PU,True,True,False,True
Xiao2024,EXP,Colony 3,9,9,N209,16,PP,True,True,False,True
Xiao2024,EXP,Colony 3,9,9,N210,34,UU,True,True,False,True
Xiao2024,EXP,Colony 3,9,9,N211,21,PP,True,True,False,True
Xiao2024,EXP,Colony 3,9,9,N212,13,PP,True,True,False,True
Xiao2024,EXP,Colony 3,9,9,N213,23,PU,True,True,False,True
Xiao2024,EXP,Colony 3,9,9,N214,17,PP,True,True,False,True
Xiao2024,EXP,Colony 3,9,9,N215,19,PP,True,True,False,True
Xiao2024,EXP,Colony 3,9,9,N216,,,False,False,False,True
Xiao2024,EXP,Colony 3,9,9,N217,,,False,False,False,True
Xiao2024,EXP,Colony 3,9,9,N218,,,False,False,False,True
Xiao2024,EXP,Colony 3,9,9,N219,22,PP,True,True,False,True
Xiao2024,EXP,Colony 3,9,9,N220,24,PP,True,True,False,True
Xiao2024,EXP,Colony 3,9,9,N221,32,PP,True,True,False,True
Xiao2024,EXP,Colony 3,9,9,N222,23,PP,True,True,False,True
Xiao2024,EXP,Colony 3,9,9,N223,14,PP,True,True,False,True
Xiao2024,EXP,Colony 3,9,9,N224,18,PP,True,True,False,True
Xiao2024,EXP,Colony 3,9,9,N225,18,PP,True,True,False,True
Xiao2024,EXP,Colony 3,9,9,N226,20,PP,True,True,False,True
Xiao2024,EXP,Colony 3,9,9,N227,19,PU,True,True,False,True
Xiao2024,EXP,Colony 3,9,9,N228,22,PP,True,True,False,True
Xiao2024,EXP,Colony 3,9,9,N229,22,PP,True,True,False,True
Xiao2024,EXP,Colony 3,9,9,N230,23,PP,True,True,False,True
Xiao2024,EXP,Colony 3,9,9,N231,20,PP,True,True,False,True
Xiao2024,EXP,Colony 3,9,9,N232,36,PU,True,True,False,True
Xiao2024,EXP,Colony 3,9,9,N233,22,PP,True,True,False,True
Xiao2024,EXP,Colony 3,9,9,N234,20,PP,True,True,False,True
Xiao2024,EXP,Colony 3,9,9,N235,20,PP,True,True,False,True
Xiao2024,EXP,Colony 3,9,9,N236,17,PP,True,True,False,True
Xiao2024,EXP,Colony 3,9,9,N237,22,PP,True,True,False,True
Xiao2024,EXP,Colony 3,9,9,N238,21,PP,True,True,False,True
Xiao2024,EXP,Colony 3,9,9,N239,17,PU,True,True,False,True
Xiao2024,EXP,Colony 3,9,9,N240,15,PP,True,True,False,True
Xiao2024,EXP,Colony 3,9,9,N241,19,PP,True,True,False,True
Xiao2024,EXP,Colony 3,9,9,N242,16,PP,True,True,False,True
Xiao2024,EXP,Colony 3,9,9,N243,19,PP,True,True,False,True
Xiao2024,EXP,Colony 3,9,9,N244,16,PP,True,True,False,True
Xiao2024,EXP,Colony 3,9,9,N245,20,PP,True,True,False,True
Xiao2024,EXP,Colony 3,9,9,N246,15,PP,True,True,False,True
Xiao2024,EXP,Colony 3,9,9,N247,23,PP,True,True,False,True
Xiao2024,EXP,Colony 3,9,9,N248,17,PU,True,True,False,True
Xiao2024,EXP,Colony 3,9,9,N249,17,PU,True,True,False,True
Xiao2024,EXP,Colony 3,9,9,N250,32,UU,True,True,False,True
Xiao2024,EXP,Colony 3,9,9,N251,29,PD,True,True,False,True
Xiao2024,EXP,Colony 3,9,9,N252,25,PU,True,True,False,True
Xiao2024,EXP,Colony 3,9,9,N253,15,PP,True,True,False,True
Xiao2024,EXP,Colony 3,9,9,N254,,,False,False,False,True
Xiao2024,EXP,Colony 3,9,9,N255,,,False,False,False,True
Xiao2024,EXP,Colony 3,9,9,N256,20,PP,True,True,False,True
Xiao2024,EXP,Colony 3,9,9,N257,15,PP,True,True,False,True
Xiao2024,EXP,Colony 3,9,9,N258,18,PP,True,True,False,True
Xiao2024,EXP,Colony 3,9,9,N259,18,PP,True,True,False,True
Xiao2024,EXP,Colony 3,9,9,N260,24,PU,True,True,False,True
Xiao2024,EXP,Colony 3,9,9,N261,21,PP,True,True,False,True
Xiao2024,EXP,Colony 3,9,9,N262,19,PP,True,True,False,True
Xiao2024,EXP,Colony 3,9,9,N263,24,PP,True,True,False,True
Xiao2024,EXP,Colony 3,9,9,N264,20,PP,True,True,False,True
Xiao2024,EXP,Colony 3,9,9,N265,27,PP,True,True,False,True
Xiao2024,EXP,Colony 3,9,9,N266,15,PP,True,True,False,True
Xiao2024,EXP,Colony 3,9,9,N267,34,PP,True,True,False,True
Xiao2024,EXP,Colony 3,9,9,N268,29,PP,True,True,False,True
Xiao2024,EXP,Colony 3,9,9,N269,27,PP,True,True,False,True
Xiao2024,EXP,Colony 3,9,9,N270,28,PP,True,True,False,True
Xiao2024,EXP,Colony 3,9,9,N271,27,PP,True,True,False,True
Xiao2024,EXP,Colony 3,9,9,N272,22,PP,True,True,False,True
Xiao2024,EXP,Colony 3,9,9,N273,24,PP,True,True,False,True
Xiao2024,EXP,Colony 3,9,9,N274,34,UU,True,True,False,True
Xiao2024,EXP,Colony 3,10,10,N275,18,PP,True,True,False,True
Xiao2024,EXP,Colony 3,10,10,N276,19,PP,True,True,False,True
Xiao2024,EXP,Colony 3,10,10,N277,24,PP,True,True,False,True
Xiao2024,EXP,Colony 3,10,10,N278,20,PP,True,True,False,True
Xiao2024,EXP,Colony 3,10,10,N279,25,PP,True,True,False,True
Xiao2024,EXP,Colony 3,10,10,N280,17,PP,True,True,False,True
Xiao2024,EXP,Colony 3,10,10,N281,25,PP,True,True,False,True
Xiao2024,EXP,Colony 3,10,10,N282,18,PP,True,True,False,True
Xiao2024,EXP,Colony 3,10,10,N283,17,PP,True,True,False,True
Xiao2024,EXP,Colony 3,10,10,N284,21,PP,True,True,False,True
Xiao2024,EXP,Colony 3,10,10,N285,16,PP,True,True,False,True
Xiao2024,EXP,Colony 3,10,10,N286,17,PP,True,True,False,True
Xiao2024,EXP,Colony 3,10,10,N287,19,PP,True,True,False,True
Xiao2024,EXP,Colony 3,10,10,N288,20,PP,True,True,False,True
Xiao2024,EXP,Colony 3,10,10,N289,17,PP,True,True,False,True
Xiao2024,EXP,Colony 3,10,10,N290,15,PP,True,True,False,True
Xiao2024,EXP,Colony 3,10,10,N291,23,PP,True,True,False,True
Xiao2024,EXP,Colony 3,10,10,N292,21,PP,True,True,False,True
Xiao2024,EXP,Colony 3,10,10,N293,17,PP,True,True,False,True
Xiao2024,EXP,Colony 3,10,10,N294,17,PP,True,True,False,True
Xiao2024,EXP,Colony 3,10,10,N295,16,PP,True,True,False,True
Xiao2024,EXP,Colony 3,10,10,N296,17,PU,True,True,False,True
Xiao2024,EXP,Colony 3,10,10,N297,18,PP,True,True,False,True
Xiao2024,EXP,Colony 3,10,10,N298,19,PP,True,True,False,True
Xiao2024,EXP,Colony 3,10,10,N299,17,PP,True,True,False,True
Xiao2024,EXP,Colony 3,10,10,N300,16,UU,True,True,False,True
Xiao2024,EXP,Colony 3,10,10,N301,19,PP,True,True,False,True
Xiao2024,EXP,Colony 3,10,10,N302,17,PP,True,True,False,True
Xiao2024,EXP,Colony 3,10,10,N303,16,PP,True,True,False,True
Xiao2024,EXP,Colony 3,10,10,N304,20,PP,True,True,False,True
Xiao2024,EXP,Colony 3,10,10,N305,19,UU,True,True,False,True
Xiao2024,EXP,Colony 3,10,10,N306,16,PP,True,True,False,True
Xiao2024,EXP,Colony 3,10,10,N307,17,PP,True,True,False,True
Xiao2024,EXP,Colony 3,10,10,N308,21,UU,True,True,False,True
Xiao2024,EXP,Colony 3,10,10,N309,27,UU,True,True,False,True
Xiao2024,EXP,Colony 3,10,10,N310,15,PU,True,True,False,True
Xiao2024,EXP,Colony 3,10,10,N311,19,PU,True,True,False,True
Xiao2024,EXP,Colony 3,10,10,N312,19,UU,True,True,False,True
Xiao2024,EXP,Colony 3,10,10,N313,20,UU,True,True,False,True
Xiao2024,EXP,Colony 3,10,10,N314,21,UU,True,True,False,True
Xiao2024,EXP,Colony 3,10,10,N315,16,PU,True,True,False,True
Xiao2024,EXP,Colony 3,10,10,N316,17,UU,True,True,False,True
Xiao2024,EXP,Colony 3,10,10,N317,18,PU,True,True,False,True
Xiao2024,EXP,Colony 3,10,10,N318,17,PP,True,True,False,True
Xiao2024,EXP,Colony 3,10,10,N319,20,PP,True,True,False,True
Xiao2024,EXP,Colony 3,10,10,N320,19,UU,True,True,False,True
Xiao2024,EXP,Colony 3,10,10,N321,20,PP,True,True,False,True
Xiao2024,EXP,Colony 3,10,10,N322,18,PP,True,True,False,True
Xiao2024,EXP,Colony 3,10,10,N323,17,PP,True,True,False,True
Xiao2024,EXP,Colony 3,10,10,N324,19,PP,True,True,False,True
Xiao2024,EXP,Colony 3,10,10,N325,18,PP,True,True,False,True
Xiao2024,EXP,Colony 3,10,10,N326,20,PU,True,True,False,True
Xiao2024,EXP,Colony 3,10,10,N327,22,UU,True,True,False,True
Xiao2024,EXP,Colony 3,10,10,N328,21,UU,True,True,False,True
Xiao2024,EXP,Colony 3,10,10,N329,21,UU,True,True,False,True
Xiao2024,EXP,Colony 3,10,10,N330,21,PU,True,True,False,True
Xiao2024,EXP,Colony 3,10,10,N331,20,PP,True,True,False,True
Xiao2024,EXP,Colony 3,10,10,N332,25,PP,True,True,False,True
Xiao2024,EXP,Colony 3,10,10,N333,18,PD,True,True,False,True
Xiao2024,EXP,Colony 3,10,10,N334,19,PP,True,True,False,True
Xiao2024,EXP,Colony 3,10,10,N335,17,PP,True,True,False,True
Xiao2024,EXP,Colony 3,10,10,N336,28,PU,True,True,False,True
Xiao2024,EXP,Colony 3,10,10,N337,17,PU,True,True,False,True
Xiao2024,EXP,Colony 3,10,10,N338,17,PP,True,True,False,True
Xiao2024,EXP,Colony 3,10,10,N339,16,PP,True,True,False,True
Xiao2024,EXP,Colony 3,10,10,N340,28,PP,True,True,False,True
Xiao2024,EXP,Colony 3,10,10,N341,32,PU,True,True,False,True
Xiao2024,EXP,Colony 3,10,10,N342,,,False,False,False,True
Xiao2024,EXP,Colony 3,10,10,N343,17,PU,True,True,False,True
Xiao2024,EXP,Colony 3,10,10,N344,16,PP,True,True,False,True
Xiao2024,EXP,Colony 3,10,10,N345,18,PP,True,True,False,True
Xiao2024,EXP,Colony 3,10,10,N346,23,PP,True,True,False,True
Xiao2024,EXP,Colony 3,10,10,N347,18,PP,True,True,False,True
Xiao2024,EXP,Colony 3,10,10,N348,19,UU,True,True,False,True
Xiao2024,EXP,Colony 3,10,10,N349,21,PP,True,True,False,True
Xiao2024,EXP,Colony 3,10,10,N350,28,PP,True,True,False,True
Xiao2024,EXP,Colony 3,10,10,N351,26,PP,True,True,False,True
Xiao2024,EXP,Colony 3,10,10,N352,18,PP,True,True,False,True
Xiao2024,EXP,Colony 3,10,10,N353,17,PP,True,True,False,True
Xiao2024,EXP,Colony 3,10,10,N354,46,UU,True,True,False,True
Xiao2024,EXP,Colony 3,10,10,N355,20,PP,True,True,False,True
Xiao2024,EXP,Colony 3,10,10,N356,23,PP,True,True,False,True
Xiao2024,EXP,Colony 3,10,10,N357,20,PP,True,True,False,True
Xiao2024,EXP,Colony 3,10,10,N358,23,PP,True,True,False,True
Xiao2024,EXP,Colony 3,10,10,N359,23,PP,True,True,False,True
Xiao2024,EXP,Colony 3,10,10,N360,22,PD,True,True,False,True
Xiao2024,EXP,Colony 3,10,10,N361,24,PP,True,True,False,True
Xiao2024,EXP,Colony 3,10,10,N362,18,PP,True,True,False,True
Xiao2024,EXP,Colony 3,10,10,N363,16,PP,True,True,False,True
Xiao2024,EXP,Colony 3,10,10,N364,39,UU,True,True,False,True
Xiao2024,EXP,Colony 3,10,10,N365,22,UU,True,True,False,True
Xiao2024,EXP,Colony 3,10,10,N366,17,PU,True,True,False,True
Xiao2024,EXP,Colony 3,10,10,N367,16,PU,True,True,False,True
Xiao2024,EXP,Colony 3,10,10,N368,18,UU,True,True,False,True
Xiao2024,EXP,Colony 3,10,10,N369,16,UU,True,True,False,True
Xiao2024,EXP,Colony 3,10,10,N370,28,UU,True,True,False,True
Xiao2024,EXP,Colony 3,10,10,N371,21,PP,True,True,False,True
Xiao2024,EXP,Colony 3,10,10,N372,18,PP,True,True,False,True
Xiao2024,EXP,Colony 3,10,10,N373,23,UU,True,True,False,True
Xiao2024,EXP,Colony 3,10,10,N374,17,PP,True,True,False,True
Xiao2024,EXP,Colony 3,10,10,N375,16,PU,True,True,False,True
Xiao2024,EXP,Colony 3,10,10,N376,16,PU,True,True,False,True
Xiao2024,EXP,Colony 3,10,10,N377,19,PP,True,True,False,True
Xiao2024,EXP,Colony 3,10,10,N378,19,PU,True,True,False,True
Xiao2024,EXP,Colony 3,10,10,N379,20,UU,True,True,False,True
Xiao2024,EXP,Colony 3,10,10,N380,,UU,False,False,False,True
Xiao2024,EXP,Colony 3,10,10,N381,,PU,False,False,False,True
Xiao2024,EXP,Colony 3,10,10,N382,13,UU,True,True,False,True
Xiao2024,EXP,Colony 3,10,10,N383,16,UU,True,True,False,True
Xiao2024,EXP,Colony 3,10,10,N384,19,UU,True,True,False,True
Xiao2024,EXP,Colony 3,10,10,N385,17,UU,True,True,False,True
Xiao2024,EXP,Colony 3,10,10,N386,23,UU,True,True,False,True
Xiao2024,EXP,Colony 3,10,10,N387,15,PP,True,True,False,True
Xiao2024,EXP,Colony 3,10,10,N388,18,UU,True,True,False,True
Xiao2024,EXP,Colony 3,10,10,N389,17,UU,True,True,False,True
Xiao2024,EXP,Colony 3,10,10,N390,20,UU,True,True,False,True
Xiao2024,EXP,Colony 3,10,10,N391,17,UU,True,True,False,True
Xiao2024,EXP,Colony 3,10,10,N392,16,PP,True,True,False,True
Xiao2024,EXP,Colony 3,10,10,N393,22,PP,True,True,False,True
Xiao2024,EXP,Colony 3,10,10,N394,22,PP,True,True,False,True
Xiao2024,EXP,Colony 3,10,10,N395,18,PP,True,True,False,True
Xiao2024,EXP,Colony 3,10,10,N396,17,PP,True,True,False,True
Xiao2024,EXP,Colony 3,10,10,N397,23,DD,True,True,False,True
Xiao2024,EXP,Colony 3,10,10,N398,21,PP,True,True,False,True
Xiao2024,EXP,Colony 3,10,10,N399,18,PP,True,True,False,True
Xiao2024,EXP,Colony 3,10,10,N400,15,PP,True,True,False,True
Xiao2024,EXP,Colony 3,10,10,N401,19,PP,True,True,False,True
Xiao2024,EXP,Colony 3,10,10,N402,17,PP,True,True,False,True
Xiao2024,EXP,Colony 3,10,10,N403,17,PP,True,True,False,True
Xiao2024,EXP,Colony 3,10,10,N404,19,PP,True,True,False,True
Xiao2024,EXP,Colony 3,10,10,N405,,,False,False,False,True
Xiao2024,EXP,Colony 3,10,10,N406,,,False,False,False,True
Xiao2024,EXP,Colony 3,10,10,N407,23,UU,True,True,False,True
Xiao2024,EXP,Colony 3,10,10,N408,,,False,False,False,True
Xiao2024,EXP,Colony 3,10,10,N409,19,UU,True,True,False,True
Xiao2024,EXP,Colony 3,10,10,N410,,,False,False,False,True
Xiao2024,EXP,Colony 3,10,10,N411,19,UU,True,True,False,True
Xiao2024,EXP,Colony 3,10,10,N412,17,UU,True,True,False,True
Xiao2024,EXP,Colony 3,10,10,N413,18,UU,True,True,False,True
Xiao2024,EXP,Colony 3,10,10,N414,18,PP,True,True,False,True
Xiao2024,EXP,Colony 3,10,10,N415,15,PP,True,True,False,True
Xiao2024,EXP,Colony 3,10,10,N416,18,PP,True,True,False,True
Xiao2024,EXP,Colony 3,10,10,N417,25,PP,True,True,False,True
Xiao2024,EXP,Colony 3,10,10,N418,20,PP,True,True,False,True
Xiao2024,EXP,Colony 3,10,10,N419,17,PP,True,True,False,True
Xiao2024,EXP,Colony 3,10,10,N420,25,PP,True,True,False,True
Xiao2024,EXP,Colony 3,10,10,N421,16,UU,True,True,False,True
Xiao2024,EXP,Colony 3,10,10,N422,19,PP,True,True,False,True
Xiao2024,EXP,Colony 3,10,10,N423,20,PP,True,True,False,True
Xiao2024,EXP,Colony 3,10,10,N424,21,PU,True,True,False,True
Xiao2024,EXP,Colony 3,10,10,N425,16,PU,True,True,False,True
Xiao2024,EXP,Colony 3,10,10,N426,17,PP,True,True,False,True
Xiao2024,EXP,Colony 3,10,10,N427,19,PP,True,True,False,True
Xiao2024,EXP,Colony 3,10,10,N428,19,PP,True,True,False,True
Xiao2024,EXP,Colony 3,10,10,N429,22,UU,True,True,False,True
Xiao2024,EXP,Colony 3,10,10,N430,19,UU,True,True,False,True
Xiao2024,EXP,Colony 3,10,10,N431,19,UU,True,True,False,True
Xiao2024,EXP,Colony 3,10,10,N432,19,PU,True,True,False,True
Xiao2024,EXP,Colony 3,10,10,N433,24,UU,True,True,False,True
Xiao2024,EXP,Colony 3,10,10,N434,17,UU,True,True,False,True
Xiao2024,EXP,Colony 3,10,10,N435,20,UU,True,True,False,True
Xiao2024,EXP,Colony 3,10,10,N436,19,UU,True,True,False,True
Xiao2024,EXP,Colony 3,10,10,N437,19,UU,True,True,False,True
Xiao2024,EXP,Colony 3,10,10,N438,17,UU,True,True,False,True
Xiao2024,EXP,Colony 3,10,10,N439,15,UU,True,True,False,True
Xiao2024,EXP,Colony 3,10,10,N440,28,UU,True,True,False,True
Xiao2024,EXP,Colony 3,10,10,N441,21,UU,True,True,False,True
Xiao2024,EXP,Colony 3,10,10,N442,21,UU,True,True,False,True
Xiao2024,EXP,Colony 3,10,10,N443,22,UU,True,True,False,True
Xiao2024,EXP,Colony 3,10,10,N444,21,UU,True,True,False,True
Xiao2024,EXP,Colony 3,10,10,N445,16,UU,True,True,False,True
Xiao2024,EXP,Colony 3,10,10,N446,15,PP,True,True,False,True
Xiao2024,EXP,Colony 3,10,10,N447,18,PP,True,True,False,True
Xiao2024,EXP,Colony 3,10,10,N448,17,PP,True,True,False,True
Xiao2024,EXP,Colony 3,10,10,N449,15,PP,True,True,False,True
Xiao2024,EXP,Colony 3,10,10,N450,29,UU,True,True,False,True
Xiao2024,EXP,Colony 3,10,10,N451,40,UU,True,True,False,True
Xiao2024,EXP,Colony 3,11,11,N452,15,UU,True,True,False,True
Xiao2024,EXP,Colony 3,11,11,N453,20,UU,True,True,False,True
Xiao2024,EXP,Colony 3,11,11,N454,15,PP,True,True,False,True
Xiao2024,EXP,Colony 3,11,11,N455,19,PP,True,True,False,True
Xiao2024,EXP,Colony 3,11,11,N456,19,PU,True,True,False,True
Xiao2024,EXP,Colony 3,11,11,N457,18,UU,True,True,False,True
Xiao2024,EXP,Colony 3,11,11,N458,45,UU,True,True,False,True
Xiao2024,EXP,Colony 3,11,11,N459,20,PP,True,True,False,True
Xiao2024,EXP,Colony 3,11,11,N460,24,UU,True,True,False,True
Xiao2024,EXP,Colony 3,11,11,N461,19,PP,True,True,False,True
Xiao2024,EXP,Colony 3,11,11,N462,38,UU,True,True,False,True
Xiao2024,EXP,Colony 3,11,11,N463,25,UU,True,True,False,True
Xiao2024,EXP,Colony 3,11,11,N464,23,UU,True,True,False,True
Xiao2024,EXP,Colony 3,11,11,N465,20,PP,True,True,False,True
Xiao2024,EXP,Colony 3,11,11,N466,18,PP,True,True,False,True
Xiao2024,EXP,Colony 3,11,11,N467,18,PP,True,True,False,True
Xiao2024,EXP,Colony 3,11,11,N468,15,PP,True,True,False,True
Xiao2024,EXP,Colony 3,11,11,N469,13,PP,True,True,False,True
Xiao2024,EXP,Colony 3,11,11,N470,23,PP,True,True,False,True
Xiao2024,EXP,Colony 3,11,11,N471,15,PP,True,True,False,True
Xiao2024,EXP,Colony 3,11,11,N472,16,PP,True,True,False,True
Xiao2024,EXP,Colony 3,11,11,N473,15,PP,True,True,False,True
Xiao2024,EXP,Colony 3,11,11,N474,12,PP,True,True,False,True
Xiao2024,EXP,Colony 3,11,11,N475,18,PP,True,True,False,True
Xiao2024,EXP,Colony 3,11,11,N476,18,PP,True,True,False,True
Xiao2024,EXP,Colony 3,11,11,N477,25,PU,True,True,False,True
Xiao2024,EXP,Colony 3,11,11,N478,,,False,False,False,True
Xiao2024,EXP,Colony 3,11,11,N479,17,PP,True,True,False,True
Xiao2024,EXP,Colony 3,11,11,N480,16,PP,True,True,False,True
Xiao2024,EXP,Colony 3,11,11,N481,15,PP,True,True,False,True
Xiao2024,EXP,Colony 3,11,11,N482,19,PP,True,True,False,True
Xiao2024,EXP,Colony 3,11,11,N483,25,UU,True,True,False,True
Xiao2024,EXP,Colony 3,11,11,N484,16,PP,True,True,False,True
Xiao2024,EXP,Colony 3,11,11,N485,18,PP,True,True,False,True
Xiao2024,EXP,Colony 3,11,11,N486,16,PP,True,True,False,True
Xiao2024,EXP,Colony 3,11,11,N487,16,PP,True,True,False,True
Xiao2024,EXP,Colony 3,11,11,N488,16,PP,True,True,False,True
Xiao2024,EXP,Colony 3,11,11,N489,17,PP,True,True,False,True
Xiao2024,EXP,Colony 3,11,11,N490,16,PP,True,True,False,True
Xiao2024,EXP,Colony 3,11,11,N491,22,PU,True,True,False,True
Xiao2024,EXP,Colony 3,11,11,N492,19,PP,True,True,False,True
Xiao2024,EXP,Colony 3,11,11,N493,16,PP,True,True,False,True
Xiao2024,EXP,Colony 3,11,11,N494,15,PP,True,True,False,True
Xiao2024,EXP,Colony 3,11,11,N495,16,PP,True,True,False,True
Xiao2024,EXP,Colony 3,11,11,N496,15,PP,True,True,False,True
Xiao2024,EXP,Colony 3,11,11,N497,17,PP,True,True,False,True
Xiao2024,EXP,Colony 3,11,11,N498,15,PP,True,True,False,True
Xiao2024,EXP,Colony 3,11,11,N499,17,PP,True,True,False,True
Xiao2024,EXP,Colony 3,11,11,N500,17,UU,True,True,False,True
Xiao2024,EXP,Colony 3,11,11,N501,17,UU,True,True,False,True
Xiao2024,EXP,Colony 3,11,11,N502,,,False,False,False,True
Xiao2024,EXP,Colony 3,11,11,N503,,,False,False,False,True
Xiao2024,EXP,Colony 3,11,11,N504,15,UU,True,True,False,True
Xiao2024,EXP,Colony 3,11,11,N505,20,UU,True,True,False,True
Xiao2024,EXP,Colony 3,11,11,N506,14,UU,True,True,False,True
Xiao2024,EXP,Colony 3,11,11,N507,15,UU,True,True,False,True
Xiao2024,EXP,Colony 3,11,11,N508,,,False,False,False,True
Xiao2024,EXP,Colony 3,11,11,N509,,,False,False,False,True
Xiao2024,EXP,Colony 3,11,11,N510,,,False,False,False,True
Xiao2024,EXP,Colony 3,11,11,N511,,,False,False,False,True
Xiao2024,EXP,Colony 3,11,11,N512,16,UU,True,True,False,True
Xiao2024,EXP,Colony 3,11,11,N513,,,False,False,False,True
Xiao2024,EXP,Colony 3,11,11,N514,21,UU,True,True,False,True
Xiao2024,EXP,Colony 3,11,11,N515,,,False,False,False,True
Xiao2024,EXP,Colony 3,11,11,N516,,,False,False,False,True
Xiao2024,EXP,Colony 3,11,11,N517,,,False,False,False,True
Xiao2024,EXP,Colony 3,11,11,N518,,,False,False,False,True
Xiao2024,EXP,Colony 3,11,11,N519,,,False,False,False,True
Xiao2024,EXP,Colony 3,11,11,N520,,,False,False,False,True
Xiao2024,EXP,Colony 3,11,11,N521,22,UU,True,True,False,True
Xiao2024,EXP,Colony 3,11,11,N522,18,PU,True,True,False,True
Xiao2024,EXP,Colony 3,11,11,N523,19,UU,True,True,False,True
Xiao2024,EXP,Colony 3,11,11,N524,16,UU,True,True,False,True
Xiao2024,EXP,Colony 3,11,11,N525,20,UU,True,True,False,True
Xiao2024,EXP,Colony 3,11,11,N526,18,UU,True,True,False,True
Xiao2024,EXP,Colony 3,11,11,N527,,,False,False,False,True
Xiao2024,EXP,Colony 3,11,11,N528,,,False,False,False,True
Xiao2024,EXP,Colony 3,11,11,N529,16,UU,True,True,False,True
Xiao2024,EXP,Colony 3,11,11,N530,16,UU,True,True,False,True
Xiao2024,EXP,Colony 3,11,11,N531,15,UU,True,True,False,True
Xiao2024,EXP,Colony 3,11,11,N532,18,UU,True,True,False,True
Xiao2024,EXP,Colony 3,11,11,N533,20,UU,True,True,False,True
Xiao2024,EXP,Colony 3,11,11,N534,17,UU,True,True,False,True
Xiao2024,EXP,Colony 3,11,11,N535,19,UU,True,True,False,True
Xiao2024,EXP,Colony 3,11,11,N536,,,False,False,False,True
Xiao2024,EXP,Colony 3,11,11,N537,20,UU,True,True,False,True
Xiao2024,EXP,Colony 3,11,11,N538,21,UU,True,True,False,True
Xiao2024,EXP,Colony 3,11,11,N539,19,UU,True,True,False,True
Xiao2024,EXP,Colony 3,11,11,N540,15,UU,True,True,False,True
Xiao2024,EXP,Colony 3,11,11,N541,19,UU,True,True,False,True
Xiao2024,EXP,Colony 3,11,11,N542,16,UU,True,True,False,True
Xiao2024,EXP,Colony 3,11,11,N543,20,UU,True,True,False,True
Xiao2024,EXP,Colony 3,11,11,N544,25,UU,True,True,False,True
Xiao2024,EXP,Colony 3,11,11,N545,,,False,False,False,True
Xiao2024,EXP,Colony 3,11,11,N546,24,UU,True,True,False,True
Xiao2024,EXP,Colony 3,11,11,N547,22,UU,True,True,False,True
Xiao2024,EXP,Colony 3,11,11,N548,27,UU,True,True,False,True
Xiao2024,EXP,Colony 3,11,11,N549,23,UU,True,True,False,True
Xiao2024,EXP,Colony 3,11,11,N550,24,UU,True,True,False,True
Xiao2024,EXP,Colony 3,11,11,N551,22,UU,True,True,False,True
Xiao2024,EXP,Colony 3,11,11,N552,17,PP,True,True,False,True
Xiao2024,EXP,Colony 3,11,11,N553,21,PU,True,True,False,True
Xiao2024,EXP,Colony 3,11,11,N554,19,PP,True,True,False,True
Xiao2024,EXP,Colony 3,11,11,N555,16,PU,True,True,False,True
Xiao2024,EXP,Colony 3,11,11,N556,21,PP,True,True,False,True
Xiao2024,EXP,Colony 3,11,11,N557,23,UU,True,True,False,True
Xiao2024,EXP,Colony 3,11,11,N558,24,UU,True,True,False,True
Xiao2024,EXP,Colony 3,11,11,N559,19,UU,True,True,False,True
Xiao2024,EXP,Colony 3,11,11,N560,,,False,False,False,True
Xiao2024,EXP,Colony 3,11,11,N561,21,UU,True,True,False,True
Xiao2024,EXP,Colony 3,11,11,N562,17,PP,True,True,False,True
Xiao2024,EXP,Colony 3,11,11,N563,16,PP,True,True,False,True
Xiao2024,EXP,Colony 3,11,11,N564,15,PD,True,True,False,True
Xiao2024,EXP,Colony 3,11,11,N565,16,PP,True,True,False,True
Xiao2024,EXP,Colony 3,11,11,N566,16,PP,True,True,False,True
Xiao2024,EXP,Colony 3,11,11,N567,19,UU,True,True,False,True
Xiao2024,EXP,Colony 3,11,11,N568,21,PP,True,True,False,True
Xiao2024,EXP,Colony 3,11,11,N569,17,PP,True,True,False,True
Xiao2024,EXP,Colony 3,11,11,N570,19,UU,True,True,False,True
Xiao2024,EXP,Colony 3,11,11,N571,20,UU,True,True,False,True
Xiao2024,EXP,Colony 3,11,11,N572,17,UU,True,True,False,True
Xiao2024,EXP,Colony 3,11,11,N573,16,UU,True,True,False,True
Xiao2024,EXP,Colony 3,11,11,N574,,,False,False,False,True
Xiao2024,EXP,Colony 3,11,11,N575,16,UU,True,True,False,True
Xiao2024,EXP,Colony 3,11,11,N576,13,UU,True,True,False,True
Xiao2024,EXP,Colony 3,11,11,N577,18,UU,True,True,False,True
Xiao2024,EXP,Colony 3,11,11,N578,19,UU,True,True,False,True
Xiao2024,EXP,Colony 3,11,11,N579,18,UU,True,True,False,True
Xiao2024,EXP,Colony 3,11,11,N580,,,False,False,False,True
Xiao2024,EXP,Colony 3,11,11,N581,,,False,False,False,True
Xiao2024,EXP,Colony 3,11,11,N582,,,False,False,False,True
Xiao2024,EXP,Colony 3,11,11,N583,,,False,False,False,True
Xiao2024,EXP,Colony 3,11,11,N584,18,PP,True,True,False,True
Xiao2024,EXP,Colony 3,11,11,N585,16,PP,True,True,False,True
Xiao2024,EXP,Colony 3,11,11,N586,15,PP,True,True,False,True
Xiao2024,EXP,Colony 3,11,11,N587,,,False,False,False,True
Xiao2024,EXP,Colony 3,11,11,N588,22,UU,True,True,False,True
Xiao2024,EXP,Colony 3,11,11,N589,23,UU,True,True,False,True
Xiao2024,EXP,Colony 3,11,11,N590,30,UU,True,True,False,True
Xiao2024,EXP,Colony 3,11,11,N591,19,UU,True,True,False,True
Xiao2024,EXP,Colony 3,11,11,N592,,,False,False,False,True
Xiao2024,EXP,Colony 3,11,11,N593,33,UU,True,True,False,True
Xiao2024,EXP,Colony 3,11,11,N594,25,UU,True,True,False,True
Xiao2024,EXP,Colony 3,11,11,N595,24,UU,True,True,False,True
Xiao2024,EXP,Colony 3,11,11,N596,20,PP,True,True,False,True
Xiao2024,EXP,Colony 3,11,11,N597,,,False,False,False,True
Xiao2024,EXP,Colony 3,11,11,N598,,,False,False,False,True
Xiao2024,EXP,Colony 3,11,11,N599,18,UU,True,True,False,True
Xiao2024,EXP,Colony 3,11,11,N600,11,UU,True,True,False,True
Xiao2024,EXP,Colony 3,11,11,N601,,,False,False,False,True
Xiao2024,EXP,Colony 3,11,11,N602,,,False,False,False,True
Xiao2024,EXP,Colony 3,11,11,N603,,,False,False,False,True
Xiao2024,EXP,Colony 3,11,11,N604,,,False,False,False,True
Xiao2024,EXP,Colony 3,11,11,N605,16,UU,True,True,False,True
Xiao2024,EXP,Colony 3,11,11,N606,15,UU,True,True,False,True
Xiao2024,EXP,Colony 3,11,11,N607,16,UU,True,True,False,True
Xiao2024,EXP,Colony 3,11,11,N608,15,UU,True,True,False,True
Xiao2024,EXP,Colony 3,11,11,N609,,,False,False,False,True
Xiao2024,EXP,Colony 3,11,11,N610,,,False,False,False,True
Xiao2024,EXP,Colony 3,11,11,N611,15,UU,True,True,False,True
Xiao2024,EXP,Colony 3,11,11,N612,14,UU,True,True,False,True
Xiao2024,EXP,Colony 3,11,11,N613,20,UU,True,True,False,True
Xiao2024,EXP,Colony 3,11,11,N614,,,False,False,False,True
Xiao2024,EXP,Colony 3,11,11,N615,19,UU,True,True,False,True
Xiao2024,EXP,Colony 3,11,11,N616,19,UU,True,True,False,True
Xiao2024,EXP,Colony 3,11,11,N617,19,UU,True,True,False,True
Xiao2024,EXP,Colony 3,11,11,N618,,,False,False,False,True
Xiao2024,EXP,Colony 3,11,11,N619,,,False,False,False,True
Xiao2024,EXP,Colony 3,11,11,N620,,,False,False,False,True
Xiao2024,EXP,Colony 3,11,11,N621,,,False,False,False,True
Xiao2024,EXP,Colony 3,11,11,N622,,,False,False,False,True
Xiao2024,EXP,Colony 3,11,11,N623,,,False,False,False,True
Xiao2024,EXP,Colony 3,11,11,N624,,,False,False,False,True
Xiao2024,EXP,Colony 3,11,11,N625,,,False,False,False,True
Xiao2024,EXP,Colony 3,11,11,N626,,,False,False,False,True
Xiao2024,EXP,Colony 3,11,11,N627,,,False,False,False,True
Xiao2024,EXP,Colony 3,11,11,N628,,,False,False,False,True
Xiao2024,EXP,Colony 3,11,11,N629,,,False,False,False,True
Xiao2024,EXP,Colony 3,11,11,N630,,,False,False,False,True
Xiao2024,EXP,Colony 3,11,11,N631,,,False,False,False,True
Xiao2024,EXP,Colony 3,11,11,N632,18,UU,True,True,False,True
Xiao2024,EXP,Colony 3,11,11,N633,20,UU,True,True,False,True
Xiao2024,EXP,Colony 3,11,11,N634,,,False,False,False,True
Xiao2024,EXP,Colony 3,11,11,N635,,,False,False,False,True
Xiao2024,EXP,Colony 3,11,11,N636,,,False,False,False,True
Xiao2024,EXP,Colony 3,11,11,N637,,,False,False,False,True
Xiao2024,EXP,Colony 3,11,11,N638,,,False,False,False,True
Xiao2024,EXP,Colony 3,11,11,N639,,,False,False,False,True
Xiao2024,EXP,Colony 3,11,11,N640,18,UU,True,True,False,True
Xiao2024,EXP,Colony 3,11,11,N641,22,UU,True,True,False,True
Xiao2024,EXP,Colony 3,11,11,N642,19,UU,True,True,False,True
Xiao2024,EXP,Colony 3,11,11,N643,19,UU,True,True,False,True
Xiao2024,EXP,Colony 3,11,11,N644,20,UU,True,True,False,True
Xiao2024,EXP,Colony 3,11,11,N645,21,UU,True,True,False,True
Xiao2024,EXP,Colony 3,11,11,N646,17,UU,True,True,False,True
Xiao2024,EXP,Colony 3,11,11,N647,15,PP,True,True,False,True
Xiao2024,EXP,Colony 3,11,11,N648,14,UU,True,True,False,True
Xiao2024,EXP,Colony 3,11,11,N649,,,False,False,False,True
Xiao2024,EXP,Colony 3,11,11,N650,,,False,False,False,True
Xiao2024,EXP,Colony 3,11,11,N651,19,UU,True,True,False,True
Xiao2024,EXP,Colony 3,11,11,N652,17,UU,True,True,False,True
Xiao2024,EXP,Colony 3,11,11,N653,19,UU,True,True,False,True
Xiao2024,EXP,Colony 3,11,11,N654,20,UU,True,True,False,True
Xiao2024,EXP,Colony 3,11,11,N655,15,PP,True,True,False,True
Xiao2024,EXP,Colony 3,11,11,N656,16,UU,True,True,False,True
Xiao2024,EXP,Colony 3,11,11,N657,18,UU,True,True,False,True
Xiao2024,EXP,Colony 3,11,11,N658,21,UU,True,True,False,True
Xiao2024,EXP,Colony 3,11,11,N659,,,False,False,False,True
Xiao2024,EXP,Colony 3,11,11,N660,15,UU,True,True,False,True
Xiao2024,EXP,Colony 3,11,11,N661,17,UU,True,True,False,True
Xiao2024,EXP,Colony 3,11,11,N662,19,UU,True,True,False,True
Xiao2024,EXP,Colony 3,11,11,N663,18,UU,True,True,False,True
Xiao2024,EXP,Colony 3,11,11,N664,18,UU,True,True,False,True
Xiao2024,EXP,Colony 3,11,11,N665,,,False,False,False,True
Xiao2024,EXP,Colony 3,11,11,N666,,,False,False,False,True
Xiao2024,EXP,Colony 3,11,11,N667,,,False,False,False,True
Xiao2024,EXP,Colony 3,11,11,N668,,,False,False,False,True
Xiao2024,EXP,Colony 3,11,11,N669,,,False,False,False,True
Xiao2024,EXP,Colony 3,11,11,N670,,,False,False,False,True
Xiao2024,EXP,Colony 3,11,11,N671,,,False,False,False,True
Xiao2024,EXP,Colony 3,11,11,N672,24,PU,True,True,False,True
Xiao2024,EXP,Colony 3,11,11,N673,23,PP,True,True,False,True
Xiao2024,EXP,Colony 3,11,11,N674,17,PP,True,True,False,True
Xiao2024,EXP,Colony 3,11,11,N675,17,PP,True,True,False,True
Xiao2024,EXP,Colony 3,11,11,N676,18,UU,True,True,False,True
Xiao2024,EXP,Colony 3,11,11,N677,17,PP,True,True,False,True
Xiao2024,EXP,Colony 3,11,11,N678,20,PP,True,True,False,True
Xiao2024,EXP,Colony 3,11,11,N679,24,PU,True,True,False,True
Xiao2024,EXP,Colony 3,11,11,N680,19,PD,True,True,False,True
Xiao2024,EXP,Colony 3,11,11,N681,18,PD,True,True,False,True
Xiao2024,EXP,Colony 3,11,11,N682,25,PP,True,True,False,True
Xiao2024,EXP,Colony 3,11,11,N683,38,UU,True,True,False,True
Xiao2024,EXP,Colony 3,11,11,N684,25,UU,True,True,False,True
Xiao2024,EXP,Colony 3,11,11,N685,23,UU,True,True,False,True
Xiao2024,EXP,Colony 3,11,11,N686,16,UU,True,True,False,True
Xiao2024,EXP,Colony 3,11,11,N687,19,UU,True,True,False,True
Xiao2024,EXP,Colony 3,11,11,N688,17,UU,True,True,False,True
Xiao2024,EXP,Colony 3,11,11,N689,,,False,False,False,True
Xiao2024,EXP,Colony 3,11,11,N690,16,UU,True,True,False,True
Xiao2024,EXP,Colony 3,11,11,N691,46,UU,True,True,False,True
Xiao2024,EXP,Colony 3,11,11,N692,42,UU,True,True,False,True
Xiao2024,EXP,Colony 3,11,11,N693,41,UU,True,True,False,True
Xiao2024,EXP,Colony 3,11,11,N694,40,UU,True,True,False,True
Xiao2024,EXP,Colony 3,11,11,N695,,,False,False,False,True
Xiao2024,EXP,Colony 3,11,11,N696,,,False,False,False,True
Xiao2024,EXP,Colony 3,11,11,N697,,,False,False,False,True
Xiao2024,EXP,Colony 3,11,11,N698,,,False,False,False,True
Xiao2024,EXP,Colony 3,11,11,N699,17,UU,True,True,False,True
Xiao2024,EXP,Colony 3,11,11,N700,,,False,False,False,True
Xiao2024,EXP,Colony 3,11,11,N701,,,False,False,False,True
Xiao2024,EXP,Colony 3,11,11,N702,,,False,False,False,True
Xiao2024,EXP,Colony 3,11,11,N703,,,False,False,False,True
Xiao2024,EXP,Colony 3,11,11,N704,,,False,False,False,True
Xiao2024,EXP,Colony 3,11,11,N705,,,False,False,False,True
Xiao2024,EXP,Colony 3,11,11,N706,,,False,False,False,True
Xiao2024,EXP,Colony 3,11,11,N707,,,False,False,False,True
Xiao2024,EXP,Colony 3,11,11,N708,,,False,False,False,True
Xiao2024,EXP,Colony 3,11,11,N709,,,False,False,False,True
Xiao2024,EXP,Colony 3,11,11,N710,,,False,False,False,True
Xiao2024,EXP,Colony 3,11,11,N711,,,False,False,False,True
Xiao2024,EXP,Colony 3,11,11,N712,,,False,False,False,True
Xiao2024,EXP,Colony 3,11,11,N713,,,False,False,False,True
Xiao2024,EXP,Colony 3,11,11,N714,,,False,False,False,True
Xiao2024,EXP,Colony 3,11,11,N715,,,False,False,False,True
Xiao2024,EXP,Colony 3,11,11,N716,,,False,False,False,True
Xiao2024,EXP,Colony 3,11,11,N717,,,False,False,False,True
Xiao2024,EXP,Colony 3,11,11,N718,,,False,False,False,True
Xiao2024,EXP,Colony 3,11,11,N719,,,False,False,False,True
Xiao2024,EXP,Colony 3,11,11,N720,,,False,False,False,True
Xiao2024,EXP,Colony 3,11,11,N721,,,False,False,False,True
Xiao2024,EXP,Colony 3,11,11,N722,,,False,False,False,True
Xiao2024,EXP,Colony 3,11,11,N723,,,False,False,False,True
Xiao2024,EXP,Colony 3,11,11,N724,,,False,False,False,True
Xiao2024,EXP,Colony 3,11,11,N725,18,UU,True,True,False,True
Xiao2024,EXP,Colony 3,11,11,N726,17,UU,True,True,False,True
Xiao2024,EXP,Colony 3,11,11,N727,13,UU,True,True,False,True
Xiao2024,EXP,Colony 3,11,11,N728,19,UU,True,True,False,True
Xiao2024,EXP,Colony 3,11,11,N729,21,UU,True,True,False,True
Xiao2024,EXP,Colony 3,11,11,N730,23,UU,True,True,False,True
Xiao2024,EXP,Colony 3,11,11,N731,17,UU,True,True,False,True
Xiao2024,EXP,Colony 3,11,11,N732,16,UU,True,True,False,True
Xiao2024,EXP,Colony 3,11,11,N733,,,False,False,False,True
Xiao2024,EXP,Colony 3,11,11,N734,,,False,False,False,True
Xiao2024,EXP,Colony 3,11,11,N735,,,False,False,False,True
Xiao2024,EXP,Colony 3,11,11,N736,,,False,False,False,True
Xiao2024,EXP,Colony 3,12,12,N737,22,UU,True,True,False,True
Xiao2024,EXP,Colony 3,12,12,N738,19,UU,True,True,False,True
Xiao2024,EXP,Colony 3,12,12,N739,20,UU,True,True,False,True
Xiao2024,EXP,Colony 3,12,12,N740,19,UU,True,True,False,True
Xiao2024,EXP,Colony 3,12,12,N741,,,False,False,False,True
Xiao2024,EXP,Colony 3,12,12,N742,20,UU,True,True,False,True
Xiao2024,EXP,Colony 3,12,12,N743,,,False,False,False,True
Xiao2024,EXP,Colony 3,12,12,N744,,,False,False,False,True
Xiao2024,EXP,Colony 3,12,12,N745,,,False,False,False,True
Xiao2024,EXP,Colony 3,12,12,N746,,,False,False,False,True
Xiao2024,EXP,Colony 3,12,12,N747,,,False,False,False,True
Xiao2024,EXP,Colony 3,12,12,N748,28,UU,True,True,False,True
Xiao2024,EXP,Colony 3,12,12,N749,15,UU,True,True,False,True
Xiao2024,EXP,Colony 3,12,12,N750,21,UU,True,True,False,True
Xiao2024,EXP,Colony 3,12,12,N751,,,False,False,False,True
Xiao2024,EXP,Colony 3,12,12,N752,,,False,False,False,True
Xiao2024,EXP,Colony 3,12,12,N753,17,UU,True,True,False,True
Xiao2024,EXP,Colony 3,12,12,N754,19,UU,True,True,False,True
Xiao2024,EXP,Colony 3,12,12,N755,,,False,False,False,True
Xiao2024,EXP,Colony 3,12,12,N756,,,False,False,False,True
Xiao2024,EXP,Colony 3,12,12,N757,,,False,False,False,True
Xiao2024,EXP,Colony 3,12,12,N758,,,False,False,False,True
Xiao2024,EXP,Colony 3,12,12,N759,,,False,False,False,True
Xiao2024,EXP,Colony 3,12,12,N760,,,False,False,False,True
Xiao2024,EXP,Colony 3,12,12,N761,16,UU,True,True,False,True
Xiao2024,EXP,Colony 3,12,12,N762,16,UU,True,True,False,True
Xiao2024,EXP,Colony 3,12,12,N763,15,UU,True,True,False,True
Xiao2024,EXP,Colony 3,12,12,N764,18,UU,True,True,False,True
Xiao2024,EXP,Colony 3,12,12,N765,19,UU,True,True,False,True
Xiao2024,EXP,Colony 3,12,12,N766,16,PU,True,True,False,True
Xiao2024,EXP,Colony 3,12,12,N767,15,PU,True,True,False,True
Xiao2024,EXP,Colony 3,12,12,N768,16,UU,True,True,False,True
Xiao2024,EXP,Colony 3,12,12,N769,16,UU,True,True,False,True
Xiao2024,EXP,Colony 3,12,12,N770,14,PU,True,True,False,True
Xiao2024,EXP,Colony 3,12,12,N771,18,UU,True,True,False,True
Xiao2024,EXP,Colony 3,12,12,N772,,,False,False,False,True
Xiao2024,EXP,Colony 3,12,12,N773,11,PP,True,True,False,True
Xiao2024,EXP,Colony 3,12,12,N774,16,PU,True,True,False,True
Xiao2024,EXP,Colony 3,12,12,N775,14,PU,True,True,False,True
Xiao2024,EXP,Colony 3,12,12,N776,14,PU,True,True,False,True
Xiao2024,EXP,Colony 3,12,12,N777,16,UU,True,True,False,True
Xiao2024,EXP,Colony 3,12,12,N778,14,PP,True,True,False,True
Xiao2024,EXP,Colony 3,12,12,N779,16,PU,True,True,False,True
Xiao2024,EXP,Colony 3,12,12,N780,16,PU,True,True,False,True
Xiao2024,EXP,Colony 3,12,12,N781,21,UU,True,True,False,True
Xiao2024,EXP,Colony 3,12,12,N782,18,UU,True,True,False,True
Xiao2024,EXP,Colony 3,12,12,N783,17,UU,True,True,False,True
Xiao2024,EXP,Colony 3,12,12,N784,19,UU,True,True,False,True
Xiao2024,EXP,Colony 3,12,12,N785,20,UU,True,True,False,True
Xiao2024,EXP,Colony 3,12,12,N786,,,False,False,False,True
Xiao2024,EXP,Colony 3,12,12,N787,,,False,False,False,True
Xiao2024,EXP,Colony 3,12,12,N788,18,UU,True,True,False,True
Xiao2024,EXP,Colony 3,12,12,N789,22,UU,True,True,False,True
Xiao2024,EXP,Colony 3,12,12,N790,18,UU,True,True,False,True
Xiao2024,EXP,Colony 3,12,12,N791,19,UU,True,True,False,True
Xiao2024,EXP,Colony 3,12,12,N792,15,PU,True,True,False,True
Xiao2024,EXP,Colony 3,12,12,N793,14,UU,True,True,False,True
Xiao2024,EXP,Colony 3,12,12,N794,,,False,False,False,True
Xiao2024,EXP,Colony 3,12,12,N795,,,False,False,False,True
Xiao2024,EXP,Colony 3,12,12,N796,18,UU,True,True,False,True
Xiao2024,EXP,Colony 3,12,12,N797,17,UU,True,True,False,True
Xiao2024,EXP,Colony 3,12,12,N798,21,UU,True,True,False,True
Xiao2024,EXP,Colony 3,12,12,N799,18,UU,True,True,False,True
Xiao2024,EXP,Colony 3,12,12,N800,17,UU,True,True,False,True
Xiao2024,EXP,Colony 3,12,12,N801,17,UU,True,True,False,True
Xiao2024,EXP,Colony 3,12,12,N802,19,UU,True,True,False,True
Xiao2024,EXP,Colony 3,12,12,N803,16,UU,True,True,False,True
Xiao2024,EXP,Colony 3,12,12,N804,20,UU,True,True,False,True
Xiao2024,EXP,Colony 3,12,12,N805,17,UU,True,True,False,True
Xiao2024,EXP,Colony 3,12,12,N806,16,UU,True,True,False,True
Xiao2024,EXP,Colony 3,12,12,N807,18,UU,True,True,False,True
Xiao2024,EXP,Colony 3,12,12,N808,18,UU,True,True,False,True
Xiao2024,EXP,Colony 3,12,12,N809,16,UU,True,True,False,True
Xiao2024,EXP,Colony 3,12,12,N810,17,UU,True,True,False,True
Xiao2024,EXP,Colony 3,12,12,N811,20,UU,True,True,False,True
Xiao2024,EXP,Colony 3,12,12,N812,19,UU,True,True,False,True
Xiao2024,EXP,Colony 3,12,12,N813,15,PP,True,True,False,True
Xiao2024,EXP,Colony 3,12,12,N814,17,PU,True,True,False,True
Xiao2024,EXP,Colony 3,12,12,N815,21,UU,True,True,False,True
Xiao2024,EXP,Colony 3,12,12,N816,15,UU,True,True,False,True
Xiao2024,EXP,Colony 3,12,12,N817,17,UU,True,True,False,True
Xiao2024,EXP,Colony 3,12,12,N818,19,UU,True,True,False,True
Xiao2024,EXP,Colony 3,12,12,N819,26,UU,True,True,False,True
Xiao2024,EXP,Colony 3,12,12,N820,17,UU,True,True,False,True
Xiao2024,EXP,Colony 3,12,12,N821,18,UU,True,True,False,True
Xiao2024,EXP,Colony 3,12,12,N822,19,UU,True,True,False,True
Xiao2024,EXP,Colony 3,12,12,N823,14,PU,True,True,False,True
Xiao2024,EXP,Colony 3,12,12,N824,17,UU,True,True,False,True
Xiao2024,EXP,Colony 3,12,12,N825,24,UU,True,True,False,True
Xiao2024,EXP,Colony 3,12,12,N826,19,UU,True,True,False,True
Xiao2024,EXP,Colony 3,12,12,N827,,,False,False,False,True
Xiao2024,EXP,Colony 3,12,12,N828,,,False,False,False,True
Xiao2024,EXP,Colony 3,12,12,N829,,,False,False,False,True
Xiao2024,EXP,Colony 3,12,12,N830,,,False,False,False,True
Xiao2024,EXP,Colony 3,12,12,N831,,,False,False,False,True
Xiao2024,EXP,Colony 3,12,12,N832,,,False,False,False,True
Xiao2024,EXP,Colony 3,12,12,N833,,,False,False,False,True
Xiao2024,EXP,Colony 3,12,12,N834,,,False,False,False,True
Xiao2024,EXP,Colony 3,12,12,N835,,,False,False,False,True
Xiao2024,EXP,Colony 3,12,12,N836,,,False,False,False,True
Xiao2024,EXP,Colony 3,12,12,N837,,,False,False,False,True
Xiao2024,EXP,Colony 3,12,12,N838,,,False,False,False,True
Xiao2024,EXP,Colony 3,12,12,N839,,,False,False,False,True
Xiao2024,EXP,Colony 3,12,12,N840,,,False,False,False,True
Xiao2024,EXP,Colony 3,12,12,N841,,,False,False,False,True
Xiao2024,EXP,Colony 3,12,12,N842,,,False,False,False,True
Xiao2024,EXP,Colony 3,12,12,N843,,,False,False,False,True
Xiao2024,EXP,Colony 3,12,12,N844,,,False,False,False,True
Xiao2024,EXP,Colony 3,12,12,N845,,,False,False,False,True
Xiao2024,EXP,Colony 3,12,12,N846,,,False,False,False,True
Xiao2024,EXP,Colony 3,12,12,N847,,,False,False,False,True
Xiao2024,EXP,Colony 3,12,12,N848,,,False,False,False,True
Xiao2024,EXP,Colony 3,12,12,N849,,,False,False,False,True
Xiao2024,EXP,Colony 3,12,12,N850,,,False,False,False,True
Xiao2024,EXP,Colony 3,12,12,N851,,,False,False,False,True
Xiao2024,EXP,Colony 3,12,12,N852,,,False,False,False,True
Xiao2024,EXP,Colony 3,12,12,N853,19,UU,True,True,False,True
Xiao2024,EXP,Colony 3,12,12,N854,,,False,False,False,True
Xiao2024,EXP,Colony 3,12,12,N855,,,False,False,False,True
Xiao2024,EXP,Colony 3,12,12,N856,,,False,False,False,True
Xiao2024,EXP,Colony 3,12,12,N857,,,False,False,False,True
Xiao2024,EXP,Colony 3,12,12,N858,,,False,False,False,True
Xiao2024,EXP,Colony 3,12,12,N859,,,False,False,False,True
Xiao2024,EXP,Colony 3,12,12,N860,,,False,False,False,True
Xiao2024,EXP,Colony 3,12,12,N861,,,False,False,False,True
Xiao2024,EXP,Colony 3,12,12,N862,,,False,False,False,True
Xiao2024,EXP,Colony 3,12,12,N863,,,False,False,False,True
Xiao2024,EXP,Colony 3,12,12,N864,,,False,False,False,True
Xiao2024,EXP,Colony 3,12,12,N865,,,False,False,False,True
Xiao2024,EXP,Colony 3,12,12,N866,,,False,False,False,True
Xiao2024,EXP,Colony 3,12,12,N867,,,False,False,False,True
Xiao2024,EXP,Colony 3,12,12,N868,,,False,False,False,True
Xiao2024,EXP,Colony 3,12,12,N869,,,False,False,False,True
Xiao2024,EXP,Colony 3,12,12,N870,,,False,False,False,True
Xiao2024,EXP,Colony 3,12,12,N871,,,False,False,False,True
Xiao2024,EXP,Colony 3,12,12,N872,,,False,False,False,True
Xiao2024,EXP,Colony 3,12,12,N873,,,False,False,False,True
Xiao2024,EXP,Colony 3,12,12,N874,,,False,False,False,True
Xiao2024,EXP,Colony 3,12,12,N875,,,False,False,False,True
Xiao2024,EXP,Colony 3,12,12,N876,,,False,False,False,True
Xiao2024,EXP,Colony 3,12,12,N877,,,False,False,False,True
Xiao2024,EXP,Colony 3,12,12,N878,,,False,False,False,True
Xiao2024,EXP,Colony 3,12,12,N879,,,False,False,False,True
Xiao2024,EXP,Colony 3,12,12,N880,,,False,False,False,True
Xiao2024,EXP,Colony 3,12,12,N881,,,False,False,False,True
Xiao2024,EXP,Colony 3,12,12,N882,,,False,False,False,True
Xiao2024,EXP,Colony 3,12,12,N883,,,False,False,False,True
Xiao2024,EXP,Colony 3,12,12,N884,,,False,False,False,True
Xiao2024,EXP,Colony 3,12,12,N885,,,False,False,False,True
Xiao2024,EXP,Colony 3,12,12,N886,,,False,False,False,True
Xiao2024,EXP,Colony 3,12,12,N887,,,False,False,False,True
Xiao2024,EXP,Colony 3,12,12,N888,,,False,False,False,True
Xiao2024,EXP,Colony 3,12,12,N889,,,False,False,False,True
Xiao2024,EXP,Colony 3,12,12,N890,,,False,False,False,True
Xiao2024,EXP,Colony 3,12,12,N891,,,False,False,False,True
Xiao2024,EXP,Colony 3,12,12,N892,,,False,False,False,True
Xiao2024,EXP,Colony 3,12,12,N893,,,False,False,False,True
Xiao2024,EXP,Colony 3,12,12,N894,,,False,False,False,True
Xiao2024,EXP,Colony 3,12,12,N895,,,False,False,False,True
Xiao2024,EXP,Colony 3,12,12,N896,,,False,False,False,True
Xiao2024,EXP,Colony 3,12,12,N897,,,False,False,False,True
Xiao2024,EXP,Colony 3,12,12,N898,,,False,False,False,True
Xiao2024,EXP,Colony 3,12,12,N899,,,False,False,False,True
Xiao2024,EXP,Colony 3,12,12,N900,,,False,False,False,True
Xiao2024,EXP,Colony 3,12,12,N901,,,False,False,False,True
Xiao2024,EXP,Colony 3,12,12,N902,,,False,False,False,True
Xiao2024,EXP,Colony 3,12,12,N903,,,False,False,False,True
Xiao2024,EXP,Colony 3,12,12,N904,,,False,False,False,True
Xiao2024,EXP,Colony 3,12,12,N905,,,False,False,False,True
Xiao2024,EXP,Colony 3,12,12,N906,17,UU,True,True,False,True
Xiao2024,EXP,Colony 3,12,12,N907,19,UU,True,True,False,True
Xiao2024,EXP,Colony 3,12,12,N908,22,UU,True,True,False,True
Xiao2024,EXP,Colony 3,12,12,N909,18,UU,True,True,False,True
Xiao2024,EXP,Colony 3,12,12,N910,19,UU,True,True,False,True
Xiao2024,EXP,Colony 3,12,12,N911,,,False,False,False,True
Xiao2024,EXP,Colony 3,12,12,N912,,,False,False,False,True
Xiao2024,EXP,Colony 3,12,12,N913,,,False,False,False,True
Xiao2024,EXP,Colony 3,12,12,N914,,,False,False,False,True
Xiao2024,EXP,Colony 3,12,12,N915,,,False,False,False,True
Xiao2024,EXP,Colony 3,12,12,N916,,,False,False,False,True
Xiao2024,EXP,Colony 3,12,12,N917,,,False,False,False,True
Xiao2024,EXP,Colony 3,12,12,N918,,,False,False,False,True
Xiao2024,EXP,Colony 3,12,12,N919,,,False,False,False,True
Xiao2024,EXP,Colony 3,12,12,N920,12,UU,True,True,False,True
Xiao2024,EXP,Colony 3,12,12,N921,14,UU,True,True,False,True
Xiao2024,EXP,Colony 3,12,12,N922,18,UU,True,True,False,True
Xiao2024,EXP,Colony 3,12,12,N923,,,False,False,False,True
Xiao2024,EXP,Colony 3,12,12,N924,20,UU,True,True,False,True
Xiao2024,EXP,Colony 3,12,12,N925,16,UU,True,True,False,True
Xiao2024,EXP,Colony 3,12,12,N926,16,UU,True,True,False,True
Xiao2024,EXP,Colony 3,12,12,N927,17,UU,True,True,False,True
Xiao2024,EXP,Colony 3,12,12,N928,17,UU,True,True,False,True
Xiao2024,EXP,Colony 3,12,12,N929,,,False,False,False,True
Xiao2024,EXP,Colony 3,12,12,N930,,,False,False,False,True
Xiao2024,EXP,Colony 3,12,12,N931,17,UU,True,True,False,True
Xiao2024,EXP,Colony 3,12,12,N932,19,UU,True,True,False,True
Xiao2024,EXP,Colony 3,12,12,N933,17,UU,True,True,False,True
Xiao2024,EXP,Colony 3,12,12,N934,15,UU,True,True,False,True
Xiao2024,EXP,Colony 3,12,12,N935,,,False,False,False,True
Xiao2024,EXP,Colony 3,12,12,N936,,,False,False,False,True
Xiao2024,EXP,Colony 3,12,12,N937,,,False,False,False,True
Xiao2024,EXP,Colony 3,12,12,N938,,,False,False,False,True
Xiao2024,EXP,Colony 3,12,12,N939,,,False,False,False,True
Xiao2024,EXP,Colony 3,12,12,N940,,,False,False,False,True
Xiao2024,EXP,Colony 3,12,12,N941,,,False,False,False,True
Xiao2024,EXP,Colony 3,12,12,N942,,,False,False,False,True
Xiao2024,EXP,Colony 3,12,12,N943,,,False,False,False,True
Xiao2024,EXP,Colony 3,12,12,N944,,,False,False,False,True
Xiao2024,EXP,Colony 3,12,12,N945,,,False,False,False,True
Xiao2024,EXP,Colony 3,12,12,N946,,,False,False,False,True
Xiao2024,EXP,Colony 3,12,12,N947,,,False,False,False,True
Xiao2024,EXP,Colony 3,12,12,N948,,,False,False,False,True
Xiao2024,EXP,Colony 3,12,12,N949,,,False,False,False,True
Xiao2024,EXP,Colony 3,12,12,N950,,,False,False,False,True
Xiao2024,EXP,Colony 3,12,12,N951,,,False,False,False,True
Xiao2024,EXP,Colony 3,12,12,N952,,,False,False,False,True
Xiao2024,EXP,Colony 3,12,12,N953,,,False,False,False,True
Xiao2024,EXP,Colony 3,12,12,N954,16,UU,True,True,False,True
Xiao2024,EXP,Colony 3,12,12,N955,16,UU,True,True,False,True
Xiao2024,EXP,Colony 3,12,12,N956,13,UU,True,True,False,True
Xiao2024,EXP,Colony 3,12,12,N957,15,UU,True,True,False,True
Xiao2024,EXP,Colony 3,12,12,N958,19,UU,True,True,False,True
Xiao2024,EXP,Colony 3,12,12,N959,17,UU,True,True,False,True
Xiao2024,EXP,Colony 3,12,12,N960,,,False,False,False,True
Xiao2024,EXP,Colony 3,12,12,N961,,,False,False,False,True
Xiao2024,EXP,Colony 3,12,12,N962,,,False,False,False,True
Xiao2024,EXP,Colony 3,12,12,N963,,,False,False,False,True
Xiao2024,EXP,Colony 3,12,12,N964,,,False,False,False,True
Xiao2024,EXP,Colony 3,12,12,N965,,,False,False,False,True
Xiao2024,EXP,Colony 3,12,12,N966,,,False,False,False,True
Xiao2024,EXP,Colony 3,12,12,N967,,,False,False,False,True
Xiao2024,EXP,Colony 3,12,12,N968,,,False,False,False,True
Xiao2024,EXP,Colony 3,12,12,N969,,,False,False,False,True
Xiao2024,EXP,Colony 3,12,12,N970,,,False,False,False,True
Xiao2024,EXP,Colony 3,12,12,N971,,,False,False,False,True
Xiao2024,EXP,Colony 3,12,12,N972,,,False,False,False,True
Xiao2024,EXP,Colony 3,12,12,N973,,,False,False,False,True
Xiao2024,EXP,Colony 3,12,12,N974,,,False,False,False,True
Xiao2024,EXP,Colony 3,12,12,N975,,,False,False,False,True
Xiao2024,EXP,Colony 3,12,12,N976,,,False,False,False,True
Xiao2024,EXP,Colony 3,12,12,N977,,,False,False,False,True
Xiao2024,EXP,Colony 3,12,12,N978,,,False,False,False,True
Xiao2024,EXP,Colony 3,12,12,N979,,,False,False,False,True
Xiao2024,EXP,Colony 3,12,12,N980,,,False,False,False,True
Xiao2024,EXP,Colony 3,12,12,N981,,,False,False,False,True
Xiao2024,EXP,Colony 3,12,12,N982,,,False,False,False,True
Xiao2024,EXP,Colony 3,12,12,N983,,,False,False,False,True
Xiao2024,EXP,Colony 3,12,12,N984,,,False,False,False,True
Xiao2024,EXP,Colony 3,12,12,N985,,,False,False,False,True
Xiao2024,EXP,Colony 3,12,12,N986,,,False,False,False,True
Xiao2024,EXP,Colony 3,12,12,N987,,,False,False,False,True
Xiao2024,EXP,Colony 3,12,12,N988,,,False,False,False,True
Xiao2024,EXP,Colony 3,12,12,N989,,,False,False,False,True
Xiao2024,EXP,Colony 3,12,12,N990,,,False,False,False,True
Xiao2024,EXP,Colony 3,12,12,N991,,,False,False,False,True
Xiao2024,EXP,Colony 3,12,12,N992,,,False,False,False,True
Xiao2024,EXP,Colony 3,12,12,N993,,,False,False,False,True
Xiao2024,EXP,Colony 3,12,12,N994,,,False,False,False,True
Xiao2024,EXP,Colony 3,12,12,N995,,,False,False,False,True
Xiao2024,EXP,Colony 3,12,12,N996,,,False,False,False,True
Xiao2024,EXP,Colony 3,12,12,N997,,,False,False,False,True
Xiao2024,EXP,Colony 3,12,12,N998,,,False,False,False,True
Xiao2024,EXP,Colony 3,12,12,N999,,,False,False,False,True
Xiao2024,EXP,Colony 3,12,12,N1000,,,False,False,False,True
Xiao2024,EXP,Colony 3,12,12,N1001,,,False,False,False,True
Xiao2024,EXP,Colony 3,12,12,N1002,,,False,False,False,True
Xiao2024,EXP,Colony 3,12,12,N1003,,,False,False,False,True
Xiao2024,EXP,Colony 3,12,12,N1004,,,False,False,False,True
Xiao2024,EXP,Colony 3,12,12,N1005,,,False,False,False,True
Xiao2024,EXP,Colony 3,12,12,N1006,,,False,False,False,True
Xiao2024,EXP,Colony 3,12,12,N1007,,,False,False,False,True
Xiao2024,EXP,Colony 3,12,12,N1008,,,False,False,False,True
Xiao2024,EXP,Colony 3,12,12,N1009,,,False,False,False,True
Xiao2024,EXP,Colony 3,12,12,N1010,,,False,False,False,True
Xiao2024,EXP,Colony 3,12,12,N1011,,,False,False,False,True
Xiao2024,EXP,Colony 3,12,12,N1012,,,False,False,False,True
Xiao2024,EXP,Colony 3,12,12,N1013,,,False,False,False,True
Xiao2024,EXP,Colony 3,12,12,N1014,,,False,False,False,True
Xiao2024,EXP,Colony 3,12,12,N1015,,,False,False,False,True
Xiao2024,EXP,Colony 3,12,12,N1016,,,False,False,False,True
Xiao2024,EXP,Colony 3,12,12,N1017,,,False,False,False,True
Xiao2024,EXP,Colony 3,12,12,N1018,,,False,False,False,True
Xiao2024,EXP,Colony 3,12,12,N1019,,,False,False,False,True
Xiao2024,EXP,Colony 3,12,12,N1020,,,False,False,False,True
Xiao2024,EXP,Colony 3,12,12,N1021,,,False,False,False,True
Xiao2024,EXP,Colony 3,12,12,N1022,,,False,False,False,True
Xiao2024,EXP,Colony 3,12,12,N1023,,,False,False,False,True
Xiao2024,EXP,Colony 3,12,12,N1024,,,False,False,False,True
Xiao2024,EXP,Colony 3,12,12,N1025,,,False,False,False,True
Xiao2024,EXP,Colony 3,12,12,N1026,,,False,False,False,True
Xiao2024,EXP,Colony 3,12,12,N1027,,,False,False,False,True
Xiao2024,EXP,Colony 3,12,12,N1028,,,False,False,False,True
Xiao2024,EXP,Colony 3,12,12,N1029,,,False,False,False,True
Xiao2024,EXP,Colony 3,12,12,N1030,,,False,False,False,True
Xiao2024,EXP,Colony 3,12,12,N1031,20,UU,True,True,False,True
Xiao2024,EXP,Colony 3,12,12,N1032,19,UU,True,True,False,True
Xiao2024,EXP,Colony 3,12,12,N1033,,,False,False,False,True
Xiao2024,EXP,Colony 3,12,12,N1034,,,False,False,False,True
Xiao2024,EXP,Colony 3,12,12,N1035,,,False,False,False,True
Xiao2024,EXP,Colony 3,12,12,N1036,,,False,False,False,True
Xiao2024,EXP,Colony 3,12,12,N1037,,,False,False,False,True
Xiao2024,EXP,Colony 3,12,12,N1038,,,False,False,False,True
Xiao2024,EXP,Colony 3,12,12,N1039,,,False,False,False,True
Xiao2024,EXP,Colony 3,12,12,N1040,,,False,False,False,True
Xiao2024,EXP,Colony 3,12,12,N1041,,,False,False,False,True
Xiao2024,EXP,Colony 3,12,12,N1042,,,False,False,False,True
Xiao2024,EXP,Colony 3,12,12,N1043,,,False,False,False,True
Xiao2024,EXP,Colony 3,12,12,N1044,,,False,False,False,True
Xiao2024,EXP,Colony 3,12,12,N1045,,,False,False,False,True
Xiao2024,EXP,Colony 3,12,12,N1046,,,False,False,False,True
Xiao2024,EXP,Colony 3,12,12,N1047,,,False,False,False,True
Xiao2024,EXP,Colony 3,12,12,N1048,,,False,False,False,True
Xiao2024,EXP,Colony 3,12,12,N1049,23,UU,True,True,False,True
Xiao2024,EXP,Colony 3,12,12,N1050,16,UU,True,True,False,True
Xiao2024,EXP,Colony 3,12,12,N1051,19,UU,True,True,False,True
Xiao2024,EXP,Colony 3,12,12,N1052,17,UU,True,True,False,True
Xiao2024,EXP,Colony 3,12,12,N1053,17,UU,True,True,False,True
Xiao2024,EXP,Colony 3,12,12,N1054,16,UU,True,True,False,True
Xiao2024,EXP,Colony 3,12,12,N1055,15,UU,True,True,False,True
Xiao2024,EXP,Colony 3,12,12,N1056,15,UU,True,True,False,True
Xiao2024,EXP,Colony 3,12,12,N1057,26,UU,True,True,False,True
Xiao2024,EXP,Colony 3,12,12,N1058,23,UU,True,True,False,True
Xiao2024,EXP,Colony 3,12,12,N1059,21,UU,True,True,False,True
Xiao2024,EXP,Colony 3,12,12,N1060,18,UU,True,True,False,True
Xiao2024,EXP,Colony 3,12,12,N1061,,,False,False,False,True
Xiao2024,EXP,Colony 3,12,12,N1062,,,False,False,False,True
Xiao2024,EXP,Colony 3,12,12,N1063,19,UU,True,True,False,True
Xiao2024,EXP,Colony 3,12,12,N1064,,,False,False,False,True
Xiao2024,EXP,Colony 3,12,12,N1065,28,UU,True,True,False,True
Xiao2024,EXP,Colony 3,12,12,N1066,19,UU,True,True,False,True
Xiao2024,EXP,Colony 3,12,12,N1067,11,UU,True,True,False,True
Xiao2024,EXP,Colony 3,12,12,N1068,,,False,False,False,True
Xiao2024,EXP,Colony 3,12,12,N1069,,,False,False,False,True
Xiao2024,EXP,Colony 3,12,12,N1070,,,False,False,False,True
Xiao2024,EXP,Colony 3,12,12,N1071,,,False,False,False,True
Xiao2024,EXP,Colony 3,12,12,N1072,,,False,False,False,True
Xiao2024,EXP,Colony 3,12,12,N1073,,,False,False,False,True
Xiao2024,EXP,Colony 3,12,12,N1074,,,False,False,False,True
Xiao2024,EXP,Colony 3,12,12,N1075,,,False,False,False,True
Xiao2024,EXP,Colony 3,12,12,N1076,,,False,False,False,True
Xiao2024,EXP,Colony 3,12,12,N1077,,,False,False,False,True
Xiao2024,EXP,Colony 3,12,12,N1078,,,False,False,False,True
Xiao2024,EXP,Colony 3,12,12,N1079,,,False,False,False,True
Xiao2024,EXP,Colony 3,12,12,N1080,,,False,False,False,True
Xiao2024,EXP,Colony 3,12,12,N1081,,,False,False,False,True
Xiao2024,EXP,Colony 3,12,12,N1082,,,False,False,False,True
Xiao2024,EXP,Colony 3,12,12,N1083,,,False,False,False,True
Xiao2024,EXP,Colony 3,12,12,N1084,,,False,False,False,True
Xiao2024,EXP,Colony 3,12,12,N1085,,,False,False,False,True
Xiao2024,EXP,Colony 3,12,12,N1086,,,False,False,False,True
Xiao2024,EXP,Colony 3,12,12,N1087,,,False,False,False,True
Xiao2024,EXP,Colony 3,12,12,N1088,,,False,False,False,True
Xiao2024,EXP,Colony 3,12,12,N1089,,,False,False,False,True
Xiao2024,EXP,Colony 3,12,12,N1090,,,False,False,False,True
Xiao2024,EXP,Colony 3,12,12,N1091,,,False,False,False,True
Xiao2024,EXP,Colony 3,12,12,N1092,,,False,False,False,True
Xiao2024,EXP,Colony 3,12,12,N1093,,,False,False,False,True
Xiao2024,EXP,Colony 3,12,12,N1094,,,False,False,False,True
Xiao2024,EXP,Colony 3,12,12,N1095,,,False,False,False,True
Xiao2024,EXP,Colony 3,12,12,N1096,,,False,False,False,True
Xiao2024,EXP,Colony 3,12,12,N1097,,,False,False,False,True
Xiao2024,EXP,Colony 3,12,12,N1098,,,False,False,False,True
Xiao2024,EXP,Colony 3,12,12,N1099,,,False,False,False,True
Xiao2024,EXP,Colony 3,12,12,N1100,,,False,False,False,True
Xiao2024,EXP,Colony 3,12,12,N1101,,,False,False,False,True
Xiao2024,EXP,Colony 3,12,12,N1102,,,False,False,False,True
Xiao2024,EXP,Colony 3,12,12,N1103,,,False,False,False,True
Xiao2024,EXP,Colony 3,12,12,N1104,,,False,False,False,True
Xiao2024,EXP,Colony 3,12,12,N1105,,,False,False,False,True
Xiao2024,EXP,Colony 3,12,12,N1106,,,False,False,False,True
Xiao2024,EXP,Colony 3,12,12,N1107,,,False,False,False,True
Xiao2024,EXP,Colony 3,12,12,N1108,,,False,False,False,True
Xiao2024,EXP,Colony 3,12,12,N1109,,,False,False,False,True
Xiao2024,EXP,Colony 3,12,12,N1110,,,False,False,False,True
Xiao2024,EXP,Colony 3,12,12,N1111,,,False,False,False,True
Xiao2024,EXP,Colony 3,13,13,N1112,,,False,False,False,True
Xiao2024,EXP,Colony 3,13,13,N1113,,,False,False,False,True
Xiao2024,EXP,Colony 3,13,13,N1114,,,False,False,False,True
Xiao2024,EXP,Colony 3,13,13,N1115,,,False,False,False,True
Xiao2024,EXP,Colony 3,13,13,N1116,,,False,False,False,True
Xiao2024,EXP,Colony 3,13,13,N1117,,,False,False,False,True
Xiao2024,EXP,Colony 3,13,13,N1118,,,False,False,False,True
Xiao2024,EXP,Colony 3,13,13,N1119,,,False,False,False,True
Xiao2024,EXP,Colony 3,13,13,N1120,,,False,False,False,True
Xiao2024,EXP,Colony 3,13,13,N1121,,,False,False,False,True
Xiao2024,EXP,Colony 3,13,13,N1122,,,False,False,False,True
Xiao2024,EXP,Colony 3,13,13,N1123,,,False,False,False,True
Xiao2024,EXP,Colony 3,13,13,N1124,,,False,False,False,True
Xiao2024,EXP,Colony 3,13,13,N1125,,,False,False,False,True
Xiao2024,EXP,Colony 3,13,13,N1126,,,False,False,False,True
Xiao2024,EXP,Colony 3,13,13,N1127,,,False,False,False,True
Xiao2024,EXP,Colony 3,13,13,N1128,,,False,False,False,True
Xiao2024,EXP,Colony 3,13,13,N1129,,,False,False,False,True
Xiao2024,EXP,Colony 3,13,13,N1130,,,False,False,False,True
Xiao2024,EXP,Colony 3,13,13,N1131,,,False,False,False,True
Xiao2024,EXP,Colony 3,13,13,N1132,,,False,False,False,True
Xiao2024,EXP,Colony 3,13,13,N1133,,,False,False,False,True
Xiao2024,EXP,Colony 3,13,13,N1134,,,False,False,False,True
Xiao2024,EXP,Colony 3,13,13,N1135,,,False,False,False,True
Xiao2024,EXP,Colony 3,13,13,N1136,,,False,False,False,True
Xiao2024,EXP,Colony 3,13,13,N1137,,,False,False,False,True
Xiao2024,EXP,Colony 3,13,13,N1138,,,False,False,False,True
Xiao2024,EXP,Colony 3,13,13,N1139,,,False,False,False,True
Xiao2024,EXP,Colony 3,13,13,N1140,,,False,False,False,True
Xiao2024,EXP,Colony 3,13,13,N1141,,,False,False,False,True
Xiao2024,EXP,Colony 3,13,13,N1142,15,UU,True,True,False,True
Xiao2024,EXP,Colony 3,13,13,N1143,,,False,False,False,True
Xiao2024,EXP,Colony 3,13,13,N1144,17,UU,True,True,False,True
Xiao2024,EXP,Colony 3,13,13,N1145,,,False,False,False,True
Xiao2024,EXP,Colony 3,13,13,N1146,,,False,False,False,True
Xiao2024,EXP,Colony 3,13,13,N1147,,,False,False,False,True
Xiao2024,EXP,Colony 3,13,13,N1148,,,False,False,False,True
Xiao2024,EXP,Colony 3,13,13,N1149,,,False,False,False,True
Xiao2024,EXP,Colony 3,13,13,N1150,15,UU,True,True,False,True
Xiao2024,EXP,Colony 3,13,13,N1151,,,False,False,False,True
Xiao2024,EXP,Colony 3,13,13,N1152,,,False,False,False,True
Xiao2024,EXP,Colony 3,13,13,N1153,,,False,False,False,True
Xiao2024,EXP,Colony 3,13,13,N1154,,,False,False,False,True
Xiao2024,EXP,Colony 3,13,13,N1155,15,UU,True,True,False,True
Xiao2024,EXP,Colony 3,13,13,N1156,,,False,False,False,True
Xiao2024,EXP,Colony 3,13,13,N1157,17,UU,True,True,False,True
Xiao2024,EXP,Colony 3,13,13,N1158,,,False,False,False,True
Xiao2024,EXP,Colony 3,13,13,N1159,,,False,False,False,True
Xiao2024,EXP,Colony 3,13,13,N1160,,,False,False,False,True
Xiao2024,EXP,Colony 3,13,13,N1161,18,UU,True,True,False,True
Xiao2024,EXP,Colony 3,13,13,N1162,15,UU,True,True,False,True
Xiao2024,EXP,Colony 3,13,13,N1163,15,UU,True,True,False,True
Xiao2024,EXP,Colony 3,13,13,N1164,,,False,False,False,True
Xiao2024,EXP,Colony 3,13,13,N1165,,,False,False,False,True
Xiao2024,EXP,Colony 3,13,13,N1166,,,False,False,False,True
Xiao2024,EXP,Colony 3,13,13,N1167,,,False,False,False,True
Xiao2024,EXP,Colony 3,13,13,N1168,,,False,False,False,True
Xiao2024,EXP,Colony 3,13,13,N1169,,,False,False,False,True
Xiao2024,EXP,Colony 3,13,13,N1170,,,False,False,False,True
Xiao2024,EXP,Colony 3,13,13,N1171,,,False,False,False,True
Xiao2024,EXP,Colony 3,13,13,N1172,,,False,False,False,True
Xiao2024,EXP,Colony 3,13,13,N1173,,,False,False,False,True
Xiao2024,EXP,Colony 3,13,13,N1174,,,False,False,False,True
Xiao2024,EXP,Colony 3,13,13,N1175,,,False,False,False,True
Xiao2024,EXP,Colony 3,13,13,N1176,,,False,False,False,True
Xiao2024,EXP,Colony 3,13,13,N1177,,,False,False,False,True
Xiao2024,EXP,Colony 3,13,13,N1178,,,False,False,False,True
Xiao2024,EXP,Colony 3,13,13,N1179,,,False,False,False,True
Xiao2024,EXP,Colony 3,13,13,N1180,,,False,False,False,True
Xiao2024,EXP,Colony 3,13,13,N1181,,,False,False,False,True
Xiao2024,EXP,Colony 3,13,13,N1182,,,False,False,False,True
Xiao2024,EXP,Colony 3,13,13,N1183,,,False,False,False,True
Xiao2024,EXP,Colony 3,13,13,N1184,15,UU,True,True,False,True
Xiao2024,EXP,Colony 3,13,13,N1185,,,False,False,False,True
Xiao2024,EXP,Colony 3,13,13,N1186,,,False,False,False,True
Xiao2024,EXP,Colony 3,13,13,N1187,,,False,False,False,True
Xiao2024,EXP,Colony 3,13,13,N1188,,,False,False,False,True
Xiao2024,EXP,Colony 3,13,13,N1189,,,False,False,False,True
Xiao2024,EXP,Colony 3,13,13,N1190,,,False,False,False,True
Xiao2024,EXP,Colony 3,13,13,N1191,,,False,False,False,True
Xiao2024,EXP,Colony 3,13,13,N1192,,,False,False,False,True
Xiao2024,EXP,Colony 3,13,13,N1193,,,False,False,False,True
Xiao2024,EXP,Colony 3,13,13,N1194,,,False,False,False,True
Xiao2024,EXP,Colony 3,13,13,N1195,,,False,False,False,True
Xiao2024,EXP,Colony 3,13,13,N1196,,,False,False,False,True
Xiao2024,EXP,Colony 3,13,13,N1197,,,False,False,False,True
Xiao2024,EXP,Colony 3,13,13,N1198,,,False,False,False,True
Xiao2024,EXP,Colony 3,13,13,N1199,,,False,False,False,True
Xiao2024,EXP,Colony 3,13,13,N1200,,,False,False,False,True
Xiao2024,EXP,Colony 3,13,13,N1201,,,False,False,False,True
Xiao2024,EXP,Colony 3,13,13,N1202,,,False,False,False,True
Xiao2024,EXP,Colony 3,13,13,N1203,,,False,False,False,True
Xiao2024,EXP,Colony 3,13,13,N1204,,,False,False,False,True
Xiao2024,EXP,Colony 3,13,13,N1205,,,False,False,False,True
Xiao2024,EXP,Colony 3,13,13,N1206,,,False,False,False,True
Xiao2024,EXP,Colony 3,13,13,N1207,,,False,False,False,True
Xiao2024,EXP,Colony 3,13,13,N1208,,,False,False,False,True
Xiao2024,EXP,Colony 3,13,13,N1209,,,False,False,False,True
Xiao2024,EXP,Colony 3,13,13,N1210,,,False,False,False,True
Xiao2024,EXP,Colony 3,13,13,N1211,,,False,False,False,True
Xiao2024,EXP,Colony 3,13,13,N1212,,,False,False,False,True
Xiao2024,EXP,Colony 3,13,13,N1213,,,False,False,False,True
Xiao2024,EXP,Colony 3,13,13,N1214,,,False,False,False,True
Xiao2024,EXP,Colony 3,13,13,N1215,,,False,False,False,True
Xiao2024,EXP,Colony 3,13,13,N1216,,,False,False,False,True
Xiao2024,EXP,Colony 3,13,13,N1217,,,False,False,False,True
Xiao2024,EXP,Colony 3,13,13,N1218,,,False,False,False,True
Xiao2024,EXP,Colony 3,13,13,N1219,,,False,False,False,True
Xiao2024,EXP,Colony 3,13,13,N1220,,,False,False,False,True
Xiao2024,EXP,Colony 3,13,13,N1221,,,False,False,False,True
Xiao2024,EXP,Colony 3,13,13,N1222,,,False,False,False,True
Xiao2024,EXP,Colony 3,13,13,N1223,,,False,False,False,True
Xiao2024,EXP,Colony 3,13,13,N1224,,,False,False,False,True
Xiao2024,EXP,Colony 3,13,13,N1225,,,False,False,False,True
Xiao2024,EXP,Colony 3,13,13,N1226,18,UU,True,True,False,True
Xiao2024,EXP,Colony 3,13,13,N1227,18,UU,True,True,False,True
Xiao2024,EXP,Colony 3,13,13,N1228,16,UU,True,True,False,True
Xiao2024,EXP,Colony 3,13,13,N1229,,,False,False,False,True
Xiao2024,EXP,Colony 3,13,13,N1230,,,False,False,False,True
Xiao2024,EXP,Colony 3,13,13,N1231,,,False,False,False,True
Xiao2024,EXP,Colony 3,13,13,N1232,,,False,False,False,True
Xiao2024,EXP,Colony 3,13,13,N1233,,,False,False,False,True
Xiao2024,EXP,Colony 3,13,13,N1234,,,False,False,False,True
Xiao2024,EXP,Colony 3,13,13,N1235,,,False,False,False,True
Xiao2024,EXP,Colony 3,13,13,N1236,,,False,False,False,True
Xiao2024,EXP,Colony 3,13,13,N1237,,,False,False,False,True
Xiao2024,EXP,Colony 3,13,13,N1238,,,False,False,False,True
Xiao2024,EXP,Colony 3,13,13,N1239,,,False,False,False,True
Xiao2024,EXP,Colony 3,13,13,N1240,,,False,False,False,True
Xiao2024,EXP,Colony 3,13,13,N1241,,,False,False,False,True
Xiao2024,EXP,Colony 3,13,13,N1242,,,False,False,False,True
Xiao2024,EXP,Colony 3,13,13,N1243,,,False,False,False,True
Xiao2024,EXP,Colony 3,13,13,N1244,,,False,False,False,True
Xiao2024,EXP,Colony 3,13,13,N1245,,,False,False,False,True
Xiao2024,EXP,Colony 3,13,13,N1246,17,UU,True,True,False,True
Xiao2024,EXP,Colony 3,13,13,N1247,,,False,False,False,True
Xiao2024,EXP,Colony 3,13,13,N1248,,,False,False,False,True
Xiao2024,EXP,Colony 3,13,13,N1249,,,False,False,False,True
Xiao2024,EXP,Colony 3,13,13,N1250,,,False,False,False,True
Xiao2024,EXP,Colony 3,13,13,N1251,,,False,False,False,True
Xiao2024,EXP,Colony 3,13,13,N1252,,,False,False,False,True
Xiao2024,EXP,Colony 3,13,13,N1253,,,False,False,False,True
Xiao2024,EXP,Colony 3,13,13,N1254,,,False,False,False,True
Xiao2024,EXP,Colony 3,13,13,N1255,,,False,False,False,True
Xiao2024,EXP,Colony 3,13,13,N1256,,,False,False,False,True
Xiao2024,EXP,Colony 3,13,13,N1257,,,False,False,False,True
Xiao2024,EXP,Colony 3,13,13,N1258,,,False,False,False,True
Xiao2024,EXP,Colony 3,13,13,N1259,,,False,False,False,True
Xiao2024,EXP,Colony 3,13,13,N1260,,,False,False,False,True
Xiao2024,EXP,Colony 3,13,13,N1261,,,False,False,False,True
Xiao2024,EXP,Colony 3,13,13,N1262,,,False,False,False,True
Xiao2024,EXP,Colony 3,13,13,N1263,,,False,False,False,True
Xiao2024,EXP,Colony 3,13,13,N1264,,,False,False,False,True
Xiao2024,EXP,Colony 3,13,13,N1265,,,False,False,False,True
Xiao2024,EXP,Colony 3,13,13,N1266,,,False,False,False,True
Xiao2024,EXP,Colony 3,13,13,N1267,,,False,False,False,True
Xiao2024,EXP,Colony 3,13,13,N1268,,,False,False,False,True
Xiao2024,EXP,Colony 3,13,13,N1269,,,False,False,False,True
Xiao2024,EXP,Colony 3,13,13,N1270,,,False,False,False,True
Xiao2024,EXP,Colony 3,13,13,N1271,,,False,False,False,True
Xiao2024,EXP,Colony 3,13,13,N1272,,,False,False,False,True
Xiao2024,EXP,Colony 3,13,13,N1273,,,False,False,False,True
Xiao2024,EXP,Colony 3,13,13,N1274,,,False,False,False,True
Xiao2024,EXP,Colony 3,13,13,N1275,,,False,False,False,True
Xiao2024,EXP,Colony 3,13,13,N1276,,,False,False,False,True
Xiao2024,EXP,Colony 3,13,13,N1277,,,False,False,False,True
Xiao2024,EXP,Colony 3,13,13,N1278,,,False,False,False,True
Xiao2024,EXP,Colony 3,13,13,N1279,,,False,False,False,True
Xiao2024,EXP,Colony 3,13,13,N1280,,,False,False,False,True
Xiao2024,EXP,Colony 3,13,13,N1281,,,False,False,False,True
Xiao2024,EXP,Colony 3,13,13,N1282,,,False,False,False,True
Xiao2024,EXP,Colony 3,13,13,N1283,,,False,False,False,True
Xiao2024,EXP,Colony 3,13,13,N1284,,,False,False,False,True
Xiao2024,EXP,Colony 3,13,13,N1285,,,False,False,False,True
Xiao2024,EXP,Colony 3,13,13,N1286,,,False,False,False,True
Xiao2024,EXP,Colony 3,13,13,N1287,,,False,False,False,True
Xiao2024,EXP,Colony 3,13,13,N1288,,,False,False,False,True
Xiao2024,EXP,Colony 3,13,13,N1289,,,False,False,False,True
Xiao2024,EXP,Colony 3,13,13,N1290,,,False,False,False,True
Xiao2024,EXP,Colony 3,13,13,N1291,,,False,False,False,True
Xiao2024,EXP,Colony 3,13,13,N1292,,,False,False,False,True
Xiao2024,EXP,Colony 3,13,13,N1293,,,False,False,False,True
Xiao2024,EXP,Colony 3,13,13,N1294,,,False,False,False,True
Xiao2024,EXP,Colony 3,13,13,N1295,,,False,False,False,True
Xiao2024,EXP,Colony 3,13,13,N1296,,,False,False,False,True
Xiao2024,EXP,Colony 3,13,13,N1297,,,False,False,False,True
Xiao2024,EXP,Colony 3,13,13,N1298,,,False,False,False,True
Xiao2024,EXP,Colony 3,13,13,N1299,,,False,False,False,True
Xiao2024,EXP,Colony 3,13,13,N1300,,,False,False,False,True
Xiao2024,EXP,Colony 3,13,13,N1301,,,False,False,False,True
Xiao2024,EXP,Colony 3,13,13,N1302,,,False,False,False,True
Xiao2024,EXP,Colony 3,13,13,N1303,,,False,False,False,True
Xiao2024,EXP,Colony 3,13,13,N1304,,,False,False,False,True
Xiao2024,EXP,Colony 3,13,13,N1305,,,False,False,False,True
Xiao2024,EXP,Colony 3,13,13,N1306,,,False,False,False,True
Xiao2024,EXP,Colony 3,13,13,N1307,,,False,False,False,True
Xiao2024,EXP,Colony 3,13,13,N1308,,,False,False,False,True
Xiao2024,EXP,Colony 3,13,13,N1309,,,False,False,False,True
Xiao2024,EXP,Colony 3,13,13,N1310,,,False,False,False,True
Xiao2024,EXP,Colony 3,13,13,N1311,,,False,False,False,True
Xiao2024,EXP,Colony 3,13,13,N1312,,,False,False,False,True
Xiao2024,EXP,Colony 3,13,13,N1313,,,False,False,False,True
Xiao2024,EXP,Colony 3,13,13,N1314,,,False,False,False,True
Xiao2024,EXP,Colony 3,13,13,N1315,,,False,False,False,True
Xiao2024,EXP,Colony 3,13,13,N1316,,,False,False,False,True
Xiao2024,EXP,Colony 3,13,13,N1317,,,False,False,False,True
Xiao2024,EXP,Colony 3,13,13,N1318,,,False,False,False,True
Xiao2024,EXP,Colony 3,13,13,N1319,,,False,False,False,True
Xiao2024,EXP,Colony 3,13,13,N1320,,,False,False,False,True
Xiao2024,EXP,Colony 3,13,13,N1321,,,False,False,False,True
Xiao2024,EXP,Colony 3,13,13,N1322,,,False,False,False,True
Xiao2024,EXP,Colony 3,13,13,N1323,,,False,False,False,True
Xiao2024,EXP,Colony 3,13,13,N1324,,,False,False,False,True
Xiao2024,EXP,Colony 3,13,13,N1325,,,False,False,False,True
Xiao2024,EXP,Colony 3,13,13,N1326,,,False,False,False,True
Xiao2024,EXP,Colony 3,13,13,N1327,,,False,False,False,True
Xiao2024,EXP,Colony 3,13,13,N1328,,,False,False,False,True
Xiao2024,EXP,Colony 3,13,13,N1329,,,False,False,False,True
Xiao2024,EXP,Colony 3,13,13,N1330,,,False,False,False,True
Xiao2024,EXP,Colony 3,13,13,N1331,,,False,False,False,True
Xiao2024,EXP,Colony 3,13,13,N1332,,,False,False,False,True
Xiao2024,EXP,Colony 3,13,13,N1333,,,False,False,False,True
Xiao2024,EXP,Colony 3,13,13,N1334,,,False,False,False,True
Xiao2024,EXP,Colony 3,13,13,N1335,,,False,False,False,True
Xiao2024,EXP,Colony 3,13,13,N1336,,,False,False,False,True
Xiao2024,EXP,Colony 3,13,13,N1337,,,False,False,False,True
Xiao2024,EXP,Colony 3,13,13,N1338,,,False,False,False,True
Xiao2024,EXP,Colony 3,13,13,N1339,,,False,False,False,True
Xiao2024,EXP,Colony 3,13,13,N1340,,,False,False,False,True
Xiao2024,EXP,Colony 3,13,13,N1341,,,False,False,False,True
Xiao2024,EXP,Colony 3,13,13,N1342,,,False,False,False,True
Xiao2024,EXP,Colony 3,13,13,N1343,,,False,False,False,True
Xiao2024,EXP,Colony 3,13,13,N1344,,,False,False,False,True
Xiao2024,EXP,Colony 3,13,13,N1345,,,False,False,False,True
Xiao2024,EXP,Colony 3,13,13,N1346,,,False,False,False,True
Xiao2024,EXP,Colony 3,13,13,N1347,,,False,False,False,True
Xiao2024,EXP,Colony 3,13,13,N1348,,,False,False,False,True
Xiao2024,EXP,Colony 3,13,13,N1349,,,False,False,False,True
Xiao2024,EXP,Colony 3,13,13,N1350,,,False,False,False,True
Xiao2024,EXP,Colony 3,13,13,N1351,,,False,False,False,True
Xiao2024,EXP,Colony 3,13,13,N1352,,,False,False,False,True
Xiao2024,EXP,Colony 3,13,13,N1353,,,False,False,False,True
Xiao2024,EXP,Colony 3,13,13,N1354,,,False,False,False,True
Xiao2024,EXP,Colony 3,13,13,N1355,,,False,False,False,True
Xiao2024,EXP,Colony 3,13,13,N1356,,,False,False,False,True
Xiao2024,EXP,Colony 3,13,13,N1357,,,False,False,False,True
Xiao2024,EXP,Colony 3,13,13,N1358,,,False,False,False,True
Xiao2024,EXP,Colony 3,13,13,N1359,,,False,False,False,True
Xiao2024,EXP,Colony 3,13,13,N1360,,,False,False,False,True
Xiao2024,EXP,Colony 3,14,14,N1361,,,False,False,False,True
Xiao2024,EXP,Colony 3,14,14,N1362,,,False,False,False,True
Xiao2024,EXP,Colony 3,14,14,N1363,,,False,False,False,True
Xiao2024,EXP,Colony 3,14,14,N1364,,,False,False,False,True
Xiao2024,EXP,Colony 3,14,14,N1365,,,False,False,False,True
Xiao2024,EXP,Colony 3,14,14,N1366,,,False,False,False,True
Xiao2024,EXP,Colony 3,14,14,N1367,,,False,False,False,True
Xiao2024,EXP,Colony 3,14,14,N1368,,,False,False,False,True
Xiao2024,EXP,Colony 3,14,14,N1369,,,False,False,False,True
Xiao2024,EXP,Colony 3,14,14,N1370,,,False,False,False,True
Xiao2024,EXP,Colony 3,14,14,N1371,,,False,False,False,True
Xiao2024,EXP,Colony 3,14,14,N1372,,,False,False,False,True
Xiao2024,EXP,Colony 3,14,14,N1373,,,False,False,False,True
Xiao2024,EXP,Colony 3,14,14,N1374,,,False,False,False,True
Xiao2024,EXP,Colony 3,14,14,N1375,,,False,False,False,True
Xiao2024,EXP,Colony 3,14,14,N1376,,,False,False,False,True
Xiao2024,EXP,Colony 3,14,14,N1377,,,False,False,False,True
Xiao2024,EXP,Colony 3,14,14,N1378,,,False,False,False,True
Xiao2024,EXP,Colony 3,14,14,N1379,,,False,False,False,True
Xiao2024,EXP,Colony 3,14,14,N1380,,,False,False,False,True
Xiao2024,EXP,Colony 3,14,14,N1381,,,False,False,False,True
Xiao2024,EXP,Colony 3,14,14,N1382,,,False,False,False,True
Xiao2024,EXP,Colony 3,14,14,N1383,,,False,False,False,True
Xiao2024,EXP,Colony 3,14,14,N1384,,,False,False,False,True
Xiao2024,EXP,Colony 3,14,14,N1385,,,False,False,False,True
Xiao2024,EXP,Colony 3,14,14,N1386,,,False,False,False,True
Xiao2024,EXP,Colony 3,14,14,N1387,,,False,False,False,True
Xiao2024,EXP,Colony 3,14,14,N1388,,,False,False,False,True
Xiao2024,EXP,Colony 3,14,14,N1389,,,False,False,False,True
Xiao2024,EXP,Colony 3,14,14,N1390,,,False,False,False,True
Xiao2024,EXP,Colony 3,14,14,N1391,,,False,False,False,True
Xiao2024,EXP,Colony 3,14,14,N1392,,,False,False,False,True
Xiao2024,EXP,Colony 4,1,1,S3,107,PP,True,True,True,False
Xiao2024,EXP,Colony 4,2,2,S4,17,PP,True,True,False,True
Xiao2024,EXP,Colony 4,2,2,S5,33,PP,True,True,False,True
Xiao2024,EXP,Colony 4,3,3,S6,17,PP,True,True,False,True
Xiao2024,EXP,Colony 4,3,3,S7,14,PP,True,True,False,True
Xiao2024,EXP,Colony 4,3,3,S8,16,PP,True,True,False,True
Xiao2024,EXP,Colony 4,3,3,S9,14,PP,True,True,False,True
Xiao2024,EXP,Colony 4,4,4,S10,21,PP,True,True,False,True
Xiao2024,EXP,Colony 4,4,4,S11,37,PP,True,True,False,True
Xiao2024,EXP,Colony 4,4,4,S12,15,PP,True,True,False,True
Xiao2024,EXP,Colony 4,4,4,S13,30,PP,True,True,False,True
Xiao2024,EXP,Colony 4,4,4,S14,16,PP,True,True,False,True
Xiao2024,EXP,Colony 4,4,4,S15,13,PU,True,True,False,True
Xiao2024,EXP,Colony 4,4,4,S16,13,PP,True,True,False,True
Xiao2024,EXP,Colony 4,4,4,S17,13,PP,True,True,False,True
Xiao2024,EXP,Colony 4,5,5,S18,15,PP,True,True,False,True
Xiao2024,EXP,Colony 4,5,5,S19,13,PP,True,True,False,True
Xiao2024,EXP,Colony 4,5,5,S20,37,PD,True,True,False,True
Xiao2024,EXP,Colony 4,5,5,S21,32,PP,True,True,False,True
Xiao2024,EXP,Colony 4,5,5,S22,13,PP,True,True,False,True
Xiao2024,EXP,Colony 4,5,5,S23,13,PP,True,True,False,True
Xiao2024,EXP,Colony 4,5,5,S24,23,PU,True,True,False,True
Xiao2024,EXP,Colony 4,5,5,S25,26,PP,True,True,False,True
Xiao2024,EXP,Colony 4,5,5,S26,26,PU,True,True,False,True
Xiao2024,EXP,Colony 4,5,5,S27,13,PP,True,True,False,True
Xiao2024,EXP,Colony 4,5,5,S28,11,PU,True,True,False,True
Xiao2024,EXP,Colony 4,5,5,S29,11,PP,True,True,False,True
Xiao2024,EXP,Colony 4,5,5,S30,16,PP,True,True,False,True
Xiao2024,EXP,Colony 4,5,5,S31,14,UU,True,True,False,True
Xiao2024,EXP,Colony 4,5,5,S32,16,PU,True,True,False,True
Xiao2024,EXP,Colony 4,6,6,S33,13,PP,True,True,False,True
Xiao2024,EXP,Colony 4,6,6,S34,13,PP,True,True,False,True
Xiao2024,EXP,Colony 4,6,6,S35,19,PP,True,True,False,True
Xiao2024,EXP,Colony 4,6,6,S36,15,UU,True,True,False,True
Xiao2024,EXP,Colony 4,6,6,S37,19,PP,True,True,False,True
Xiao2024,EXP,Colony 4,6,6,S38,49,D,True,False,False,True
Xiao2024,EXP,Colony 4,6,6,S39,16,UU,True,True,False,True
Xiao2024,EXP,Colony 4,6,6,S40,45,UU,True,True,False,True
Xiao2024,EXP,Colony 4,6,6,S41,17,PU,True,True,False,True
Xiao2024,EXP,Colony 4,6,6,S42,15,PP,True,True,False,True
Xiao2024,EXP,Colony 4,6,6,S43,28,PP,True,True,False,True
Xiao2024,EXP,Colony 4,6,6,S44,15,PP,True,True,False,True
Xiao2024,EXP,Colony 4,6,6,S45,22,PU,True,True,False,True
Xiao2024,EXP,Colony 4,6,6,S46,18,PU,True,True,False,True
Xiao2024,EXP,Colony 4,6,6,S47,18,PP,True,True,False,True
Xiao2024,EXP,Colony 4,6,6,S48,20,PP,True,True,False,True
Xiao2024,EXP,Colony 4,6,6,S49,16,PP,True,True,False,True
Xiao2024,EXP,Colony 4,6,6,S50,22,PP,True,True,False,True
Xiao2024,EXP,Colony 4,6,6,S51,17,PP,True,True,False,True
Xiao2024,EXP,Colony 4,6,6,S52,18,UU,True,True,False,True
Xiao2024,EXP,Colony 4,6,6,S53,16,PP,True,True,False,True
Xiao2024,EXP,Colony 4,6,6,S54,18,UU,True,True,False,True
Xiao2024,EXP,Colony 4,7,7,S55,38,U,True,False,False,True
Xiao2024,EXP,Colony 4,7,7,S56,38,U,True,False,False,True
Xiao2024,EXP,Colony 4,7,7,S57,9,U,True,False,False,True
Xiao2024,EXP,Colony 4,7,7,S58,9,U,True,False,False,True
Xiao2024,EXP,Colony 5,1,1,X3,85,PP,True,True,True,False
Xiao2024,EXP,Colony 5,2,2,X4,28,PP,True,True,False,True
Xiao2024,EXP,Colony 5,2,2,X5,33,PP,True,True,False,True
Xiao2024,EXP,Colony 5,3,3,X6,26,PP,True,True,False,True
Xiao2024,EXP,Colony 5,3,3,X7,35,PP,True,True,False,True
Xiao2024,EXP,Colony 5,3,3,X8,35,PP,True,True,False,True
Xiao2024,EXP,Colony 5,3,3,X9,35,PP,True,True,False,True
Xiao2024,EXP,Colony 5,4,4,X10,27,PP,True,True,False,True
Xiao2024,EXP,Colony 5,4,4,X11,42,PU,True,True,False,True
Xiao2024,EXP,Colony 5,4,4,X12,32,PU,True,True,False,True
Xiao2024,EXP,Colony 5,4,4,X13,21,PP,True,True,False,True
Xiao2024,EXP,Colony 5,4,4,X14,14,PP,True,True,False,True
Xiao2024,EXP,Colony 5,4,4,X15,39,UU,True,True,False,True
Xiao2024,EXP,Colony 5,4,4,X16,20,PP,True,True,False,True
Xiao2024,EXP,Colony 5,4,4,X17,19,PU,True,True,False,True
Xiao2024,EXP,Colony 5,5,5,X18,30,PP,True,True,False,True
Xiao2024,EXP,Colony 5,5,5,X19,22,PD,True,True,False,True
Xiao2024,EXP,Colony 5,5,5,X20,,,False,False,False,True
Xiao2024,EXP,Colony 5,5,5,X21,38,PP,True,True,False,True
Xiao2024,EXP,Colony 5,5,5,X22,19,PP,True,True,False,True
Xiao2024,EXP,Colony 5,5,5,X23,22,PP,True,True,False,True
Xiao2024,EXP,Colony 5,5,5,X24,19,PP,True,True,False,True
Xiao2024,EXP,Colony 5,5,5,X25,22,PP,True,True,False,True
Xiao2024,EXP,Colony 5,5,5,X26,,,False,False,False,True
Xiao2024,EXP,Colony 5,5,5,X27,23,PP,True,True,False,True
Xiao2024,EXP,Colony 5,5,5,X28,20,PP,True,True,False,True
Xiao2024,EXP,Colony 5,6,6,X29,22,PP,True,True,False,True
Xiao2024,EXP,Colony 5,6,6,X30,26,UU,True,True,False,True
Xiao2024,EXP,Colony 5,6,6,X31,,,False,False,False,True
Xiao2024,EXP,Colony 5,6,6,X32,27,PP,True,True,False,True
Xiao2024,EXP,Colony 5,6,6,X33,,,False,False,False,True
Xiao2024,EXP,Colony 5,6,6,X34,23,UU,True,True,False,True
Xiao2024,EXP,Colony 5,6,6,X35,,,False,False,False,True
Xiao2024,EXP,Colony 5,6,6,X36,20,PD,True,True,False,True
Xiao2024,EXP,Colony 5,6,6,X37,19,PP,True,True,False,True
Xiao2024,EXP,Colony 5,6,6,X38,32,PP,True,True,False,True
Xiao2024,EXP,Colony 5,6,6,X39,17,PP,True,True,False,True
Xiao2024,EXP,Colony 5,6,6,X40,20,PP,True,True,False,True
Xiao2024,EXP,Colony 5,6,6,X41,21,PP,True,True,False,True
Xiao2024,EXP,Colony 5,6,6,X42,20,UU,True,True,False,True
Xiao2024,EXP,Colony 5,6,6,X43,22,PP,True,True,False,True
Xiao2024,EXP,Colony 5,6,6,X44,,,False,False,False,True
Xiao2024,EXP,Colony 5,6,6,X45,32,PU,True,True,False,True
Xiao2024,EXP,Colony 5,6,6,X46,25,PP,True,True,False,True
Xiao2024,EXP,Colony 5,6,6,X47,34,PP,True,True,False,True
Xiao2024,EXP,Colony 5,6,6,X48,27,UU,True,True,False,True
Xiao2024,EXP,Colony 5,7,7,X49,25,UU,True,True,False,True
Xiao2024,EXP,Colony 5,7,7,X50,27,UU,True,True,False,True
Xiao2024,EXP,Colony 5,7,7,X51,,,False,False,False,True
Xiao2024,EXP,Colony 5,7,7,X52,,,False,False,False,True
Xiao2024,EXP,Colony 5,7,7,X53,22,UU,True,True,False,True
Xiao2024,EXP,Colony 5,7,7,X54,35,UU,True,True,False,True
Xiao2024,EXP,Colony 5,7,7,X55,,,False,False,False,True
Xiao2024,EXP,Colony 5,7,7,X56,,,False,False,False,True
Xiao2024,EXP,Colony 5,7,7,X57,,,False,False,False,True
Xiao2024,EXP,Colony 5,7,7,X58,21,UU,True,True,False,True
Xiao2024,EXP,Colony 5,7,7,X59,30,UU,True,True,False,True
Xiao2024,EXP,Colony 5,7,7,X60,19,UU,True,True,False,True
Xiao2024,EXP,Colony 5,7,7,X61,25,UU,True,True,False,True
Xiao2024,EXP,Colony 5,7,7,X62,26,UU,True,True,False,True
Xiao2024,EXP,Colony 5,7,7,X63,33,UU,True,True,False,True
Xiao2024,EXP,Colony 5,7,7,X64,,,False,False,False,True
Xiao2024,EXP,Colony 5,7,7,X65,22,UU,True,True,False,True
Xiao2024,EXP,Colony 5,7,7,X66,22,UU,True,True,False,True
Xiao2024,EXP,Colony 5,7,7,X67,33,UU,True,True,False,True
Xiao2024,EXP,Colony 5,7,7,X68,26,UU,True,True,False,True
Xiao2024,EXP,Colony 5,7,7,X69,37,UU,True,True,False,True
Xiao2024,EXP,Colony 5,7,7,X70,,,False,False,False,True
Xiao2024,EXP,Colony 5,7,7,X71,,,False,False,False,True
Xiao2024,EXP,Colony 5,8,8,X72,,,False,False,False,True
Xiao2024,EXP,Colony 5,8,8,X73,,,False,False,False,True
Xiao2024,EXP,Colony 5,8,8,X74,,,False,False,False,True
Xiao2024,EXP,Colony 5,8,8,X75,,,False,False,False,True
Xiao2024,EXP,Colony 5,8,8,X76,,,False,False,False,True
Xiao2024,EXP,Colony 5,8,8,X77,,,False,False,False,True
Xiao2024,EXP,Colony 5,8,8,X78,,,False,False,False,True
Xiao2024,EXP,Colony 5,8,8,X79,,,False,False,False,True
Xiao2024,EXP,Colony 5,8,8,X80,,,False,False,False,True
Xiao2024,EXP,Colony 5,8,8,X81,,,False,False,False,True
Xiao2024,EXP,Colony 5,8,8,X82,,,False,False,False,True
Xiao2024,EXP,Colony 5,8,8,X83,,,False,False,False,True
Xiao2024,EXP,Colony 5,8,8,X84,,,False,False,False,True
Xiao2024,EXP,Colony 5,8,8,X85,,,False,False,False,True
Xiao2024,EXP,Colony 5,8,8,X86,,,False,False,False,True
Xiao2024,EXP,Colony 5,8,8,X87,,,False,False,False,True
Xiao2024,EXP,Colony 5,8,8,X88,,,False,False,False,True
Xiao2024,EXP,Colony 5,8,8,X89,,,False,False,False,True
Xiao2024,EXP,Colony 5,8,8,X90,,,False,False,False,True
Xiao2024,EXP,Colony 5,8,8,X91,,,False,False,False,True
Xiao2024,EXP,Colony 5,8,8,X92,,,False,False,False,True
Xiao2024,EXP,Colony 5,8,8,X93,,,False,False,False,True
Xiao2024,EXP,Colony 5,8,8,X94,,,False,False,False,True
Xiao2024,EXP,Colony 5,8,8,X95,,,False,False,False,True
Xiao2024,EXP,Colony 5,8,8,X96,,,False,False,False,True
Xiao2024,EXP,Colony 5,8,8,X97,,,False,False,False,True
Xiao2024,EXP,Colony 5,8,8,X98,,,False,False,False,True
Xiao2024,EXP,Colony 5,8,8,X99,,,False,False,False,True
Xiao2024,EXP,Colony 5,8,8,X100,,,False,False,False,True
Xiao2024,EXP,Colony 5,8,8,X101,,,False,False,False,True
Xiao2024,EXP,Colony 6,1,1,AC3,139,PP,True,True,True,False
Xiao2024,EXP,Colony 6,2,2,AC4,24,PP,True,True,False,True
Xiao2024,EXP,Colony 6,2,2,AC5,35,PP,True,True,False,True
Xiao2024,EXP,Colony 6,3,3,AC6,26,PP,True,True,False,True
Xiao2024,EXP,Colony 6,3,3,AC7,50,PP,True,True,False,True
Xiao2024,EXP,Colony 6,3,3,AC8,15,PP,True,True,False,True
Xiao2024,EXP,Colony 6,3,3,AC9,18,PP,True,True,False,True
Xiao2024,EXP,Colony 6,4,4,AC10,37,PP,True,True,False,True
Xiao2024,EXP,Colony 6,4,4,AC11,19,PP,True,True,False,True
Xiao2024,EXP,Colony 6,4,4,AC12,,,False,False,False,True
Xiao2024,EXP,Colony 6,4,4,AC13,16,PP,True,True,False,True
Xiao2024,EXP,Colony 6,4,4,AC14,15,PP,True,True,False,True
Xiao2024,EXP,Colony 6,4,4,AC15,20,PP,True,True,False,True
Xiao2024,EXP,Colony 6,4,4,AC16,17,PP,True,True,False,True
Xiao2024,EXP,Colony 6,4,4,AC17,27,PP,True,True,False,True
Xiao2024,EXP,Colony 6,5,5,AC18,16,PP,True,True,False,True
Xiao2024,EXP,Colony 6,5,5,AC19,19,PD,True,True,False,True
Xiao2024,EXP,Colony 6,5,5,AC20,20,PP,True,True,False,True
Xiao2024,EXP,Colony 6,5,5,AC21,20,PD,True,True,False,True
Xiao2024,EXP,Colony 6,5,5,AC22,23,DD,True,True,False,True
Xiao2024,EXP,Colony 6,5,5,AC23,36,PD,True,True,False,True
Xiao2024,EXP,Colony 6,5,5,AC24,16,PP,True,True,False,True
Xiao2024,EXP,Colony 6,5,5,AC25,16,PP,True,True,False,True
Xiao2024,EXP,Colony 6,5,5,AC26,29,PD,True,True,False,True
Xiao2024,EXP,Colony 6,5,5,AC27,18,PD,True,True,False,True
Xiao2024,EXP,Colony 6,5,5,AC28,17,PP,True,True,False,True
Xiao2024,EXP,Colony 6,5,5,AC29,15,PP,True,True,False,True
Xiao2024,EXP,Colony 6,5,5,AC30,15,PD,True,True,False,True
Xiao2024,EXP,Colony 6,5,5,AC31,15,PP,True,True,False,True
Xiao2024,EXP,Colony 6,6,6,AC32,31,PU,True,True,False,True
Xiao2024,EXP,Colony 6,6,6,AC33,21,DD,True,True,False,True
Xiao2024,EXP,Colony 6,6,6,AC34,,,False,False,False,True
Xiao2024,EXP,Colony 6,6,6,AC35,34,UU,True,True,False,True
Xiao2024,EXP,Colony 6,6,6,AC36,26,DD,True,True,False,True
Xiao2024,EXP,Colony 6,6,6,AC37,23,PP,True,True,False,True
Xiao2024,EXP,Colony 6,6,6,AC38,37,PP,True,True,False,True
Xiao2024,EXP,Colony 6,6,6,AC39,,,False,False,False,True
Xiao2024,EXP,Colony 6,6,6,AC40,,,False,False,False,True
Xiao2024,EXP,Colony 6,6,6,AC41,,,False,False,False,True
Xiao2024,EXP,Colony 6,6,6,AC42,,,False,False,False,True
Xiao2024,EXP,Colony 6,6,6,AC43,79,DD,True,True,False,True
Xiao2024,EXP,Colony 6,6,6,AC44,20,PP,True,True,False,True
Xiao2024,EXP,Colony 6,6,6,AC45,19,PP,True,True,False,True
Xiao2024,EXP,Colony 6,6,6,AC46,27,PU,True,True,False,True
Xiao2024,EXP,Colony 6,6,6,AC47,26,PP,True,True,False,True
Xiao2024,EXP,Colony 6,6,6,AC48,46,PP,True,True,False,True
Xiao2024,EXP,Colony 6,6,6,AC49,,,False,False,False,True
Xiao2024,EXP,Colony 6,6,6,AC50,,,False,False,False,True
Xiao2024,EXP,Colony 6,6,6,AC51,46,DD,True,True,False,True
Xiao2024,EXP,Colony 6,6,6,AC52,18,PU,True,True,False,True
Xiao2024,EXP,Colony 6,6,6,AC53,31,PD,True,True,False,True
Xiao2024,EXP,Colony 6,6,6,AC54,29,PD,True,True,False,True
Xiao2024,EXP,Colony 6,6,6,AC55,29,DD,True,True,False,True
Xiao2024,EXP,Colony 6,6,6,AC56,25,DD,True,True,False,True
Xiao2024,EXP,Colony 6,6,6,AC57,,,False,False,False,True
Xiao2024,EXP,Colony 6,6,6,AC58,19,PD,True,True,False,True
Xiao2024,EXP,Colony 6,6,6,AC59,24,PD,True,True,False,True
Xiao2024,EXP,Colony 6,7,7,AC60,,,False,False,False,True
Xiao2024,EXP,Colony 6,7,7,AC61,,,False,False,False,True
Xiao2024,EXP,Colony 6,7,7,AC62,,,False,False,False,True
Xiao2024,EXP,Colony 6,7,7,AC63,,,False,False,False,True
Xiao2024,EXP,Colony 6,7,7,AC64,53,PP,True,True,False,True
Xiao2024,EXP,Colony 6,7,7,AC65,37,PD,True,True,False,True
Xiao2024,EXP,Colony 6,7,7,AC66,27,,True,False,False,True
Xiao2024,EXP,Colony 6,7,7,AC67,23,PP,True,True,False,True
Xiao2024,EXP,Colony 6,7,7,AC68,,,False,False,False,True
Xiao2024,EXP,Colony 6,7,7,AC69,,,False,False,False,True
Xiao2024,EXP,Colony 6,7,7,AC70,,,False,False,False,True
Xiao2024,EXP,Colony 6,7,7,AC71,28,PD,True,True,False,True
Xiao2024,EXP,Colony 6,7,7,AC72,22,DD,True,True,False,True
Xiao2024,EXP,Colony 6,7,7,AC73,22,DU,True,True,False,True
Xiao2024,EXP,Colony 6,7,7,AC74,30,DD,True,True,False,True
Xiao2024,EXP,Colony 6,7,7,AC75,34,PD,True,True,False,True
Xiao2024,EXP,Colony 6,7,7,AC76,35,DD,True,True,False,True
Xiao2024,EXP,Colony 6,7,7,AC77,23,PP,True,True,False,True
Xiao2024,EXP,Colony 6,7,7,AC78,28,PP,True,True,False,True
Xiao2024,EXP,Colony 6,7,7,AC79,,,False,False,False,True
Xiao2024,EXP,Colony 6,7,7,AC80,,,False,False,False,True
Xiao2024,EXP,Colony 6,7,7,AC81,24,PP,True,True,False,True
Xiao2024,EXP,Colony 6,7,7,AC82,,,False,False,False,True
Xiao2024,EXP,Colony 6,7,7,AC83,46,DD,True,True,False,True
Xiao2024,EXP,Colony 6,7,7,AC84,,,False,False,False,True
Xiao2024,EXP,Colony 6,7,7,AC85,54,DD,True,True,False,True
Xiao2024,EXP,Colony 6,7,7,AC86,,,False,False,False,True
Xiao2024,EXP,Colony 6,7,7,AC87,,,False,False,False,True
Xiao2024,EXP,Colony 6,7,7,AC88,,,False,False,False,True
Xiao2024,EXP,Colony 6,7,7,AC89,,,False,False,False,True
Xiao2024,EXP,Colony 6,7,7,AC90,,,False,False,False,True
Xiao2024,EXP,Colony 6,7,7,AC91,,,False,False,False,True
Xiao2024,EXP,Colony 6,7,7,AC92,,,False,False,False,True
Xiao2024,EXP,Colony 6,7,7,AC93,50,PP,True,True,False,True
Xiao2024,EXP,Colony 6,8,8,AC94,,,False,False,False,True
Xiao2024,EXP,Colony 6,8,8,AC95,,,False,False,False,True
Xiao2024,EXP,Colony 6,8,8,AC96,59,UU,True,True,False,True
Xiao2024,EXP,Colony 6,8,8,AC97,48,PP,True,True,False,True
Xiao2024,EXP,Colony 6,8,8,AC98,24,DD,True,True,False,True
Xiao2024,EXP,Colony 6,8,8,AC99,,,False,False,False,True
Xiao2024,EXP,Colony 6,8,8,AC100,22,PP,True,True,False,True
Xiao2024,EXP,Colony 6,8,8,AC101,21,UU,True,True,False,True
Xiao2024,EXP,Colony 6,8,8,AC102,,,False,False,False,True
Xiao2024,EXP,Colony 6,8,8,AC103,41,PU,True,True,False,True
Xiao2024,EXP,Colony 6,8,8,AC104,,,False,False,False,True
Xiao2024,EXP,Colony 6,8,8,AC105,,,False,False,False,True
Xiao2024,EXP,Colony 6,8,8,AC106,,,False,False,False,True
Xiao2024,EXP,Colony 6,8,8,AC107,,,False,False,False,True
Xiao2024,EXP,Colony 6,8,8,AC108,,,False,False,False,True
Xiao2024,EXP,Colony 6,8,8,AC109,23,PD,True,True,False,True
Xiao2024,EXP,Colony 6,8,8,AC110,,,False,False,False,True
Xiao2024,EXP,Colony 6,8,8,AC111,,,False,False,False,True
Xiao2024,EXP,Colony 6,8,8,AC112,,,False,False,False,True
Xiao2024,EXP,Colony 6,8,8,AC113,27,UU,True,True,False,True
Xiao2024,EXP,Colony 6,8,8,AC114,22,UU,True,True,False,True
Xiao2024,EXP,Colony 6,8,8,AC115,21,UU,True,True,False,True
Xiao2024,EXP,Colony 6,8,8,AC116,20,UU,True,True,False,True
Xiao2024,EXP,Colony 6,8,8,AC117,24,DD,True,True,False,True
Xiao2024,EXP,Colony 6,8,8,AC118,37,DD,True,True,False,True
Xiao2024,EXP,Colony 6,8,8,AC119,,,False,False,False,True
Xiao2024,EXP,Colony 6,8,8,AC120,,,False,False,False,True
Xiao2024,EXP,Colony 6,8,8,AC121,,,False,False,False,True
Xiao2024,EXP,Colony 6,8,8,AC122,,,False,False,False,True
Xiao2024,EXP,Colony 6,8,8,AC123,37,,True,False,False,True
Xiao2024,EXP,Colony 6,8,8,AC124,27,DD,True,True,False,True
Xiao2024,EXP,Colony 6,9,9,AC125,,,False,False,False,True
Xiao2024,EXP,Colony 6,9,9,AC126,,,False,False,False,True
Xiao2024,EXP,Colony 6,9,9,AC127,17,UU,True,True,False,True
Xiao2024,EXP,Colony 6,9,9,AC128,14,UU,True,True,False,True
Xiao2024,EXP,Colony 6,9,9,AC129,,,False,False,False,True
Xiao2024,EXP,Colony 6,9,9,AC130,,,False,False,False,True
Xiao2024,EXP,Colony 6,9,9,AC131,28,PP,True,True,False,True
Xiao2024,EXP,Colony 6,9,9,AC132,33,UU,True,True,False,True
Xiao2024,EXP,Colony 6,9,9,AC133,,,False,False,False,True
Xiao2024,EXP,Colony 6,9,9,AC134,,,False,False,False,True
Xiao2024,EXP,Colony 6,9,9,AC135,41,UU,True,True,False,True
Xiao2024,EXP,Colony 6,9,9,AC136,31,DD,True,True,False,True
Xiao2024,EXP,Colony 6,9,9,AC137,,,False,False,False,True
Xiao2024,EXP,Colony 6,9,9,AC138,,,False,False,False,True
Xiao2024,EXP,Colony 6,9,9,AC139,,,False,False,False,True
Xiao2024,EXP,Colony 6,9,9,AC140,,,False,False,False,True
Xiao2024,EXP,Colony 6,9,9,AC141,,,False,False,False,True
Xiao2024,EXP,Colony 6,9,9,AC142,,,False,False,False,True
Xiao2024,EXP,Colony 6,9,9,AC143,,,False,False,False,True
Xiao2024,EXP,Colony 6,9,9,AC144,,,False,False,False,True
Xiao2024,EXP,Colony 6,9,9,AC145,,,False,False,False,True
Xiao2024,EXP,Colony 6,9,9,AC146,,,False,False,False,True
Xiao2024,EXP,Colony 6,9,9,AC147,,,False,False,False,True
Xiao2024,EXP,Colony 6,9,9,AC148,,,False,False,False,True
Xiao2024,EXP,Colony 6,9,9,AC149,,,False,False,False,True
Xiao2024,EXP,Colony 6,9,9,AC150,,,False,False,False,True
Xiao2024,EXP,Colony 6,9,9,AC151,,,False,False,False,True
Xiao2024,EXP,Colony 6,10,10,AC152,15,,True,False,False,True
Xiao2024,EXP,Colony 6,10,10,AC153,15,,True,False,False,True
Xiao2024,EXP,Colony 6,10,10,AC154,18,,True,False,False,True
Xiao2024,EXP,Colony 6,10,10,AC155,18,,True,False,False,True
Xiao2024,EXP,Colony 6,10,10,AC156,32,UU,True,True,False,True
Xiao2024,EXP,Colony 6,10,10,AC157,25,UU,True,True,False,True
Xiao2024,EXP,Colony 6,10,10,AC158,,,False,False,False,True
Xiao2024,EXP,Colony 6,10,10,AC159,,,False,False,False,True
Xiao2024,EXP,Colony 6,10,10,AC160,,,False,False,False,True
Xiao2024,EXP,Colony 6,10,10,AC161,,,False,False,False,True
Xiao2024,EXP,Colony 6,10,10,AC162,,,False,False,False,True
Xiao2024,EXP,Colony 6,10,10,AC163,,,False,False,False,True
Xiao2024,EXP,Colony 6,11,11,AC164,,,False,False,False,True
Xiao2024,EXP,Colony 6,11,11,AC165,,,False,False,False,True
Xiao2024,EXP,Colony 6,11,11,AC166,,,False,False,False,True
Xiao2024,EXP,Colony 6,11,11,AC167,,,False,False,False,True
Xiao2024,EXP,Colony 7,1,1,AH3,198,PP,True,True,True,False
Xiao2024,EXP,Colony 7,2,2,AH4,17,PP,True,True,False,True
Xiao2024,EXP,Colony 7,2,2,AH5,18,PP,True,True,False,True
Xiao2024,EXP,Colony 7,3,3,AH6,14,PP,True,True,False,True
Xiao2024,EXP,Colony 7,3,3,AH7,13,PP,True,True,False,True
Xiao2024,EXP,Colony 7,3,3,AH8,16,PP,True,True,False,True
Xiao2024,EXP,Colony 7,3,3,AH9,16,PP,True,True,False,True
Xiao2024,EXP,Colony 7,4,4,AH10,22,PP,True,True,False,True
Xiao2024,EXP,Colony 7,4,4,AH11,18,PP,True,True,False,True
Xiao2024,EXP,Colony 7,4,4,AH12,19,PP,True,True,False,True
Xiao2024,EXP,Colony 7,4,4,AH13,45,PP,True,True,False,True
Xiao2024,EXP,Colony 7,5,5,AH14,29,PP,True,True,False,True
Xiao2024,EXP,Colony 7,5,5,AH15,23,DP,True,True,False,True
Xiao2024,EXP,Colony 7,5,5,AH16,17,PP,True,True,False,True
Xiao2024,EXP,Colony 7,5,5,AH17,20,PP,True,True,False,True
Xiao2024,EXP,Colony 7,5,5,AH18,35,PP,True,True,False,True
Xiao2024,EXP,Colony 7,5,5,AH19,23,PP,True,True,False,True
Xiao2024,EXP,Colony 7,5,5,AH20,30,PD,True,True,False,True
Xiao2024,EXP,Colony 7,5,5,AH21,,,False,False,False,True
Xiao2024,EXP,Colony 7,5,5,AH22,,,False,False,False,True
Xiao2024,EXP,Colony 7,5,5,AH23,,,False,False,False,True
Xiao2024,EXP,Colony 7,5,5,AH24,,,False,False,False,True
Xiao2024,EXP,Colony 7,5,5,AH25,,,False,False,False,True
Xiao2024,EXP,Colony 7,5,5,AH26,18,PP,True,True,False,True
Xiao2024,EXP,Colony 7,5,5,AH27,17,PP,True,True,False,True
Xiao2024,EXP,Colony 7,6,6,AH28,,,False,False,False,True
Xiao2024,EXP,Colony 7,6,6,AH29,,,False,False,False,True
Xiao2024,EXP,Colony 7,6,6,AH30,25,PD,True,True,False,True
Xiao2024,EXP,Colony 7,6,6,AH31,40,PP,True,True,False,True
Xiao2024,EXP,Colony 7,6,6,AH32,35,PD,True,True,False,True
Xiao2024,EXP,Colony 7,6,6,AH33,,,False,False,False,True
Xiao2024,EXP,Colony 7,6,6,AH34,18,PP,True,True,False,True
Xiao2024,EXP,Colony 7,6,6,AH35,23,PD,True,True,False,True
Xiao2024,EXP,Colony 7,6,6,AH36,21,PD,True,True,False,True
Xiao2024,EXP,Colony 7,6,6,AH37,31,PP,True,True,False,True
Xiao2024,EXP,Colony 7,6,6,AH38,,,False,False,False,True
Xiao2024,EXP,Colony 7,6,6,AH39,,,False,False,False,True
Xiao2024,EXP,Colony 7,6,6,AH40,26,DD,True,True,False,True
Xiao2024,EXP,Colony 7,6,6,AH41,49,PP,True,True,False,True
Xiao2024,EXP,Colony 7,6,6,AH42,34,PD,True,True,False,True
Xiao2024,EXP,Colony 7,6,6,AH43,,,False,False,False,True
Xiao2024,EXP,Colony 7,6,6,AH44,24,DD,True,True,False,True
Xiao2024,EXP,Colony 7,6,6,AH45,21,PP,True,True,False,True
Xiao2024,EXP,Colony 7,6,6,AH46,52,UU,True,True,False,True
Xiao2024,EXP,Colony 7,6,6,AH47,19,PP,True,True,False,True
Xiao2024,EXP,Colony 7,6,6,AH48,16,PP,True,True,False,True
Xiao2024,EXP,Colony 7,6,6,AH49,16,PP,True,True,False,True
Xiao2024,EXP,Colony 7,7,7,AH50,,,False,False,False,True
Xiao2024,EXP,Colony 7,7,7,AH51,33,,True,False,False,True
Xiao2024,EXP,Colony 7,7,7,AH52,39,UU,True,True,False,True
Xiao2024,EXP,Colony 7,7,7,AH53,31,PU,True,True,False,True
Xiao2024,EXP,Colony 7,7,7,AH54,,,False,False,False,True
Xiao2024,EXP,Colony 7,7,7,AH55,20,PD,True,True,False,True
Xiao2024,EXP,Colony 7,7,7,AH56,20,PD,True,True,False,True
Xiao2024,EXP,Colony 7,7,7,AH57,,,False,False,False,True
Xiao2024,EXP,Colony 7,7,7,AH58,40,PD,True,True,False,True
Xiao2024,EXP,Colony 7,7,7,AH59,,,False,False,False,True
Xiao2024,EXP,Colony 7,7,7,AH60,,,False,False,False,True
Xiao2024,EXP,Colony 7,7,7,AH61,,,False,False,False,True
Xiao2024,EXP,Colony 7,7,7,AH62,19,PP,True,True,False,True
Xiao2024,EXP,Colony 7,7,7,AH63,17,PP,True,True,False,True
Xiao2024,EXP,Colony 7,7,7,AH64,,,False,False,False,True
Xiao2024,EXP,Colony 7,7,7,AH65,27,UU,True,True,False,True
Xiao2024,EXP,Colony 7,7,7,AH66,,,False,False,False,True
Xiao2024,EXP,Colony 7,7,7,AH67,,,False,False,False,True
Xiao2024,EXP,Colony 7,7,7,AH68,,,False,False,False,True
Xiao2024,EXP,Colony 7,7,7,AH69,26,UU,True,True,False,True
Xiao2024,EXP,Colony 7,7,7,AH70,,,False,False,False,True
Xiao2024,EXP,Colony 7,7,7,AH71,22,UU,True,True,False,True
Xiao2024,EXP,Colony 7,7,7,AH72,,,False,False,False,True
Xiao2024,EXP,Colony 7,7,7,AH73,,,False,False,False,True
Xiao2024,EXP,Colony 7,7,7,AH74,,,False,False,False,True
Xiao2024,EXP,Colony 7,7,7,AH75,31,UU,True,True,False,True
Xiao2024,EXP,Colony 7,7,7,AH76,,,False,False,False,True
Xiao2024,EXP,Colony 7,7,7,AH77,,,False,False,False,True
Xiao2024,EXP,Colony 7,7,7,AH78,,,False,False,False,True
Xiao2024,EXP,Colony 7,7,7,AH79,27,UU,True,True,False,True
Xiao2024,EXP,Colony 7,7,7,AH80,26,UU,True,True,False,True
Xiao2024,EXP,Colony 7,7,7,AH81,22,PD,True,True,False,True
Xiao2024,EXP,Colony 7,7,7,AH82,25,PP,True,True,False,True
Xiao2024,EXP,Colony 7,7,7,AH83,23,PD,True,True,False,True
Xiao2024,EXP,Colony 7,7,7,AH84,16,PP,True,True,False,True
Xiao2024,EXP,Colony 7,8,8,AH85,,,False,False,False,True
Xiao2024,EXP,Colony 7,8,8,AH86,,,False,False,False,True
Xiao2024,EXP,Colony 7,8,8,AH87,,,False,False,False,True
Xiao2024,EXP,Colony 7,8,8,AH88,,,False,False,False,True
Xiao2024,EXP,Colony 7,8,8,AH89,18,UU,True,True,False,True
Xiao2024,EXP,Colony 7,8,8,AH90,20,UU,True,True,False,True
Xiao2024,EXP,Colony 7,8,8,AH91,,,False,False,False,True
Xiao2024,EXP,Colony 7,8,8,AH92,,,False,False,False,True
Xiao2024,EXP,Colony 7,8,8,AH93,,,False,False,False,True
Xiao2024,EXP,Colony 7,8,8,AH94,,,False,False,False,True
Xiao2024,EXP,Colony 7,8,8,AH95,,,False,False,False,True
Xiao2024,EXP,Colony 7,8,8,AH96,,,False,False,False,True
Xiao2024,EXP,Colony 7,8,8,AH97,22,PP,True,True,False,True
Xiao2024,EXP,Colony 7,8,8,AH98,32,PP,True,True,False,True
Xiao2024,EXP,Colony 7,8,8,AH99,,,False,False,False,True
Xiao2024,EXP,Colony 7,8,8,AH100,28,UU,True,True,False,True
Xiao2024,EXP,Colony 7,8,8,AH101,,,False,False,False,True
Xiao2024,EXP,Colony 7,8,8,AH102,,,False,False,False,True
Xiao2024,EXP,Colony 7,8,8,AH103,,,False,False,False,True
Xiao2024,EXP,Colony 7,8,8,AH104,,,False,False,False,True
Xiao2024,EXP,Colony 7,8,8,AH105,,,False,False,False,True
Xiao2024,EXP,Colony 7,8,8,AH106,,,False,False,False,True
Xiao2024,EXP,Colony 7,8,8,AH107,,,False,False,False,True
Xiao2024,EXP,Colony 7,8,8,AH108,,,False,False,False,True
Xiao2024,EXP,Colony 7,8,8,AH109,,,False,False,False,True
Xiao2024,EXP,Colony 7,8,8,AH110,,,False,False,False,True
Xiao2024,EXP,Colony 7,8,8,AH111,,,False,False,False,True
Xiao2024,EXP,Colony 7,8,8,AH112,,,False,False,False,True
Xiao2024,EXP,Colony 7,8,8,AH113,,,False,False,False,True
Xiao2024,EXP,Colony 7,8,8,AH114,,,False,False,False,True
Xiao2024,EXP,Colony 7,8,8,AH115,38,UU,True,True,False,True
Xiao2024,EXP,Colony 7,8,8,AH116,32,UU,True,True,False,True
Xiao2024,EXP,Colony 7,8,8,AH117,,,False,False,False,True
Xiao2024,EXP,Colony 7,8,8,AH118,41,UU,True,True,False,True
Xiao2024,EXP,Colony 7,8,8,AH119,35,UU,True,True,False,True
Xiao2024,EXP,Colony 7,8,8,AH120,32,UU,True,True,False,True
Xiao2024,EXP,Colony 7,8,8,AH121,,,False,False,False,True
Xiao2024,EXP,Colony 7,8,8,AH122,33,UU,True,True,False,True
Xiao2024,EXP,Colony 7,8,8,AH123,27,PP,True,True,False,True
Xiao2024,EXP,Colony 7,8,8,AH124,19,PP,True,True,False,True
Xiao2024,EXP,Colony 7,9,9,AH125,,,False,False,False,True
Xiao2024,EXP,Colony 7,9,9,AH126,,,False,False,False,True
Xiao2024,EXP,Colony 7,9,9,AH127,,,False,False,False,True
Xiao2024,EXP,Colony 7,9,9,AH128,,,False,False,False,True
Xiao2024,EXP,Colony 7,9,9,AH129,,,False,False,False,True
Xiao2024,EXP,Colony 7,9,9,AH130,16,UU,True,True,False,True
Xiao2024,EXP,Colony 7,9,9,AH131,,,False,False,False,True
Xiao2024,EXP,Colony 7,9,9,AH132,33,UU,True,True,False,True
Xiao2024,EXP,Colony 7,9,9,AH133,22,UU,True,True,False,True
Xiao2024,EXP,Colony 7,9,9,AH134,22,UU,True,True,False,True
Xiao2024,EXP,Colony 7,9,9,AH135,30,UU,True,True,False,True
Xiao2024,EXP,Colony 7,9,9,AH136,,,False,False,False,True
Xiao2024,EXP,Colony 7,9,9,AH137,,,False,False,False,True
Xiao2024,EXP,Colony 7,9,9,AH138,,,False,False,False,True
Xiao2024,EXP,Colony 7,9,9,AH139,41,UU,True,True,False,True
Xiao2024,EXP,Colony 7,9,9,AH140,,,False,False,False,True
Xiao2024,EXP,Colony 7,9,9,AH141,,,False,False,False,True
Xiao2024,EXP,Colony 7,9,9,AH142,,,False,False,False,True
Xiao2024,EXP,Colony 7,9,9,AH143,,,False,False,False,True
Xiao2024,EXP,Colony 7,9,9,AH144,,,False,False,False,True
Xiao2024,EXP,Colony 7,9,9,AH145,,,False,False,False,True
Xiao2024,EXP,Colony 7,9,9,AH146,,,False,False,False,True
Xiao2024,EXP,Colony 7,9,9,AH147,,,False,False,False,True
Xiao2024,EXP,Colony 7,9,9,AH148,,,False,False,False,True
Xiao2024,EXP,Colony 7,9,9,AH149,,,False,False,False,True
Xiao2024,EXP,Colony 7,9,9,AH150,,,False,False,False,True
Xiao2024,EXP,Colony 7,9,9,AH151,,,False,False,False,True
Xiao2024,EXP,Colony 7,9,9,AH152,,,False,False,False,True
Xiao2024,EXP,Colony 7,9,9,AH153,22,UU,True,True,False,True
Xiao2024,EXP,Colony 7,9,9,AH154,,,False,False,False,True
Xiao2024,EXP,Colony 7,9,9,AH155,29,UU,True,True,False,True
Xiao2024,EXP,Colony 7,10,10,AH156,,,False,False,False,True
Xiao2024,EXP,Colony 7,10,10,AH157,,,False,False,False,True
Xiao2024,EXP,Colony 7,10,10,AH158,,,False,False,False,True
Xiao2024,EXP,Colony 7,10,10,AH159,,,False,False,False,True
Xiao2024,EXP,Colony 7,10,10,AH160,,,False,False,False,True
Xiao2024,EXP,Colony 7,10,10,AH161,,,False,False,False,True
Xiao2024,EXP,Colony 7,10,10,AH162,,,False,False,False,True
Xiao2024,EXP,Colony 7,10,10,AH163,,,False,False,False,True
Xiao2024,EXP,Colony 7,10,10,AH164,,,False,False,False,True
Xiao2024,EXP,Colony 7,10,10,AH165,,,False,False,False,True
Xiao2024,EXP,Colony 7,10,10,AH166,,,False,False,False,True
Xiao2024,EXP,Colony 7,10,10,AH167,,,False,False,False,True
Xiao2024,EXP,Colony 7,10,10,AH168,,,False,False,False,True
Xiao2024,EXP,Colony 7,10,10,AH169,,,False,False,False,True
Xiao2024,EXP,Colony 7,10,10,AH170,,,False,False,False,True
Xiao2024,EXP,Colony 7,10,10,AH171,,,False,False,False,True
Xiao2024,EXP,Colony 7,10,10,AH172,,,False,False,False,True
Xiao2024,EXP,Colony 7,10,10,AH173,,,False,False,False,True
Xiao2024,EXP,Colony 7,10,10,AH174,,,False,False,False,True
Xiao2024,EXP,Colony 8,1,1,AM3,121,PP,True,True,True,False
Xiao2024,EXP,Colony 8,2,2,AM4,20,PP,True,True,False,True
Xiao2024,EXP,Colony 8,2,2,AM5,25,PP,True,True,False,True
Xiao2024,EXP,Colony 8,3,3,AM6,43,DD,True,True,False,True
Xiao2024,EXP,Colony 8,3,3,AM7,19,PP,True,True,False,True
Xiao2024,EXP,Colony 8,3,3,AM8,19,PP,True,True,False,True
Xiao2024,EXP,Colony 8,3,3,AM9,19,PD,True,True,False,True
Xiao2024,EXP,Colony 8,4,4,AM10,,,False,False,False,True
Xiao2024,EXP,Colony 8,4,4,AM11,,,False,False,False,True
Xiao2024,EXP,Colony 8,4,4,AM12,22,PD,True,True,False,True
Xiao2024,EXP,Colony 8,4,4,AM13,19,PP,True,True,False,True
Xiao2024,EXP,Colony 8,4,4,AM14,17,PD,True,True,False,True
Xiao2024,EXP,Colony 8,4,4,AM15,19,PP,True,True,False,True
Xiao2024,EXP,Colony 8,4,4,AM16,,,False,False,False,True
Xiao2024,EXP,Colony 8,4,4,AM17,19,PD,True,True,False,True
Xiao2024,EXP,Colony 8,5,5,AM18,22,PD,True,True,False,True
Xiao2024,EXP,Colony 8,5,5,AM19,34,Bd,True,False,False,True
Xiao2024,EXP,Colony 8,5,5,AM20,17,PP,True,True,False,True
Xiao2024,EXP,Colony 8,5,5,AM21,23,PP,True,True,False,True
Xiao2024,EXP,Colony 8,5,5,AM22,22,UU,True,True,False,True
Xiao2024,EXP,Colony 8,5,5,AM23,,,False,False,False,True
Xiao2024,EXP,Colony 8,5,5,AM24,,,False,False,False,True
Xiao2024,EXP,Colony 8,5,5,AM25,19,PP,True,True,False,True
Xiao2024,EXP,Colony 8,5,5,AM26,,,False,False,False,True
Xiao2024,EXP,Colony 8,5,5,AM27,28,PD,True,True,False,True
Xiao2024,EXP,Colony 8,6,6,AM28,,,False,False,False,True
Xiao2024,EXP,Colony 8,6,6,AM29,24,UU,True,True,False,True
Xiao2024,EXP,Colony 8,6,6,AM30,30,UU,True,True,False,True
Xiao2024,EXP,Colony 8,6,6,AM31,19,UU,True,True,False,True
Xiao2024,EXP,Colony 8,6,6,AM32,34,UU,True,True,False,True
Xiao2024,EXP,Colony 8,6,6,AM33,34,UU,True,True,False,True
Xiao2024,EXP,Colony 8,6,6,AM34,,,False,False,False,True
Xiao2024,EXP,Colony 8,6,6,AM35,,,False,False,False,True
Xiao2024,EXP,Colony 8,6,6,AM36,35,UU,True,True,False,True
Xiao2024,EXP,Colony 8,6,6,AM37,32,UU,True,True,False,True
Xiao2024,EXP,Colony 8,6,6,AM38,,,False,False,False,True
Xiao2024,EXP,Colony 8,6,6,AM39,,,False,False,False,True
Xiao2024,EXP,Colony 8,7,7,AM40,,,False,False,False,True
Xiao2024,EXP,Colony 8,7,7,AM41,,,False,False,False,True
Xiao2024,EXP,Colony 8,7,7,AM42,,,False,False,False,True
Xiao2024,EXP,Colony 8,7,7,AM43,,,False,False,False,True
Xiao2024,EXP,Colony 8,7,7,AM44,,,False,False,False,True
Xiao2024,EXP,Colony 8,7,7,AM45,,,False,False,False,True
Xiao2024,EXP,Colony 8,7,7,AM46,,,False,False,False,True
Xiao2024,EXP,Colony 8,7,7,AM47,,,False,False,False,True
Xiao2024,EXP,Colony 8,7,7,AM48,,,False,False,False,True
Xiao2024,EXP,Colony 8,7,7,AM49,,,False,False,False,True
Xiao2024,EXP,Colony 8,7,7,AM50,,,False,False,False,True
Xiao2024,EXP,Colony 8,7,7,AM51,,,False,False,False,True
Xiao2024,EXP,Colony 8,7,7,AM52,,,False,False,False,True
Xiao2024,EXP,Colony 8,7,7,AM53,,,False,False,False,True
Xiao2024,EXP,Colony 9,1,1,AR3,130,PP,True,True,True,False
Xiao2024,EXP,Colony 9,2,2,AR4,17,PP,True,True,False,True
Xiao2024,EXP,Colony 9,2,2,AR5,20,PP,True,True,False,True
Xiao2024,EXP,Colony 9,3,3,AR6,21,PP,True,True,False,True
Xiao2024,EXP,Colony 9,3,3,AR7,18,PP,True,True,False,True
Xiao2024,EXP,Colony 9,3,3,AR8,18,PD,True,True,False,True
Xiao2024,EXP,Colony 9,3,3,AR9,40,PP,True,True,False,True
Xiao2024,EXP,Colony 9,4,4,AR10,20,PP,True,True,False,True
Xiao2024,EXP,Colony 9,4,4,AR11,22,PD,True,True,False,True
Xiao2024,EXP,Colony 9,4,4,AR12,18,PP,True,True,False,True
Xiao2024,EXP,Colony 9,4,4,AR13,22,PP,True,True,False,True
Xiao2024,EXP,Colony 9,4,4,AR14,,,False,False,False,True
Xiao2024,EXP,Colony 9,4,4,AR15,19,PP,True,True,False,True
Xiao2024,EXP,Colony 9,4,4,AR16,24,PP,True,True,False,True
Xiao2024,EXP,Colony 9,4,4,AR17,27,UU,True,True,False,True
Xiao2024,EXP,Colony 9,5,5,AR18,61,UU,True,True,False,True
Xiao2024,EXP,Colony 9,5,5,AR19,24,PP,True,True,False,True
Xiao2024,EXP,Colony 9,5,5,AR20,20,PP,True,True,False,True
Xiao2024,EXP,Colony 9,5,5,AR21,,,False,False,False,True
Xiao2024,EXP,Colony 9,5,5,AR22,23,PP,True,True,False,True
Xiao2024,EXP,Colony 9,5,5,AR23,24,PP,True,True,False,True
Xiao2024,EXP,Colony 9,5,5,AR24,22,PP,True,True,False,True
Xiao2024,EXP,Colony 9,5,5,AR25,21,PP,True,True,False,True
Xiao2024,EXP,Colony 9,5,5,AR26,21,PP,True,True,False,True
Xiao2024,EXP,Colony 9,5,5,AR27,26,PP,True,True,False,True
Xiao2024,EXP,Colony 9,5,5,AR28,18,PU,True,True,False,True
Xiao2024,EXP,Colony 9,5,5,AR29,19,UU,True,True,False,True
Xiao2024,EXP,Colony 9,5,5,AR30,,,False,False,False,True
Xiao2024,EXP,Colony 9,5,5,AR31,,,False,False,False,True
Xiao2024,EXP,Colony 9,6,6,AR32,,,False,False,False,True
Xiao2024,EXP,Colony 9,6,6,AR33,,,False,False,False,True
Xiao2024,EXP,Colony 9,6,6,AR34,22,PP,True,True,False,True
Xiao2024,EXP,Colony 9,6,6,AR35,18,PP,True,True,False,True
Xiao2024,EXP,Colony 9,6,6,AR36,24,UP,True,True,False,True
Xiao2024,EXP,Colony 9,6,6,AR37,16,PP,True,True,False,True
Xiao2024,EXP,Colony 9,6,6,AR38,24,PP,True,True,False,True
Xiao2024,EXP,Colony 9,6,6,AR39,25,PP,True,True,False,True
Xiao2024,EXP,Colony 9,6,6,AR40,24,PP,True,True,False,True
Xiao2024,EXP,Colony 9,6,6,AR41,23,PP,True,True,False,True
Xiao2024,EXP,Colony 9,6,6,AR42,24,PP,True,True,False,True
Xiao2024,EXP,Colony 9,6,6,AR43,25,PP,True,True,False,True
Xiao2024,EXP,Colony 9,6,6,AR44,18,PP,True,True,False,True
Xiao2024,EXP,Colony 9,6,6,AR45,16,PP,True,True,False,True
Xiao2024,EXP,Colony 9,6,6,AR46,20,PP,True,True,False,True
Xiao2024,EXP,Colony 9,6,6,AR47,17,PP,True,True,False,True
Xiao2024,EXP,Colony 9,6,6,AR48,25,UU,True,True,False,True
Xiao2024,EXP,Colony 9,6,6,AR49,,,False,False,False,True
Xiao2024,EXP,Colony 9,6,6,AR50,,,False,False,False,True
Xiao2024,EXP,Colony 9,6,6,AR51,,,False,False,False,True
Xiao2024,EXP,Colony 9,7,7,AR52,19,UU,True,True,False,True
Xiao2024,EXP,Colony 9,7,7,AR53,20,UU,True,True,False,True
Xiao2024,EXP,Colony 9,7,7,AR54,16,UU,True,True,False,True
Xiao2024,EXP,Colony 9,7,7,AR55,23,UU,True,True,False,True
Xiao2024,EXP,Colony 9,7,7,AR56,,,False,False,False,True
Xiao2024,EXP,Colony 9,7,7,AR57,27,UU,True,True,False,True
Xiao2024,EXP,Colony 9,7,7,AR58,23,UU,True,True,False,True
Xiao2024,EXP,Colony 9,7,7,AR59,32,UU,True,True,False,True
Xiao2024,EXP,Colony 9,7,7,AR60,,,False,False,False,True
Xiao2024,EXP,Colony 9,7,7,AR61,24,UU,True,True,False,True
Xiao2024,EXP,Colony 9,7,7,AR62,26,UU,True,True,False,True
Xiao2024,EXP,Colony 9,7,7,AR63,23,UU,True,True,False,True
Xiao2024,EXP,Colony 9,7,7,AR64,23,UU,True,True,False,True
Xiao2024,EXP,Colony 9,7,7,AR65,19,UU,True,True,False,True
Xiao2024,EXP,Colony 9,7,7,AR66,,,False,False,False,True
Xiao2024,EXP,Colony 9,7,7,AR67,22,UU,True,True,False,True
Xiao2024,EXP,Colony 9,7,7,AR68,20,UU,True,True,False,True
Xiao2024,EXP,Colony 9,7,7,AR69,28,UU,True,True,False,True
Xiao2024,EXP,Colony 9,7,7,AR70,19,UU,True,True,False,True
Xiao2024,EXP,Colony 9,7,7,AR71,20,UU,True,True,False,True
Xiao2024,EXP,Colony 9,7,7,AR72,22,UU,True,True,False,True
Xiao2024,EXP,Colony 9,7,7,AR73,25,UU,True,True,False,True
Xiao2024,EXP,Colony 9,7,7,AR74,32,UU,True,True,False,True
Xiao2024,EXP,Colony 9,7,7,AR75,22,UU,True,True,False,True
Xiao2024,EXP,Colony 9,7,7,AR76,25,UU,True,True,False,True
Xiao2024,EXP,Colony 9,7,7,AR77,30,UU,True,True,False,True
Xiao2024,EXP,Colony 9,7,7,AR78,20,UU,True,True,False,True
Xiao2024,EXP,Colony 9,7,7,AR79,,,False,False,False,True
Xiao2024,EXP,Colony 9,7,7,AR80,,,False,False,False,True
Xiao2024,EXP,Colony 9,7,7,AR81,,,False,False,False,True
Xiao2024,EXP,Colony 9,8,8,AR82,,,False,False,False,True
Xiao2024,EXP,Colony 9,8,8,AR83,,,False,False,False,True
Xiao2024,EXP,Colony 9,8,8,AR84,,,False,False,False,True
Xiao2024,EXP,Colony 9,8,8,AR85,,,False,False,False,True
Xiao2024,EXP,Colony 9,8,8,AR86,,,False,False,False,True
Xiao2024,EXP,Colony 9,8,8,AR87,,,False,False,False,True
Xiao2024,EXP,Colony 9,8,8,AR88,,,False,False,False,True
Xiao2024,EXP,Colony 9,8,8,AR89,,,False,False,False,True
Xiao2024,EXP,Colony 9,8,8,AR90,,,False,False,False,True
Xiao2024,EXP,Colony 9,8,8,AR91,,,False,False,False,True
Xiao2024,EXP,Colony 9,8,8,AR92,,,False,False,False,True
Xiao2024,EXP,Colony 9,8,8,AR93,,,False,False,False,True
Xiao2024,EXP,Colony 9,8,8,AR94,,,False,False,False,True
Xiao2024,EXP,Colony 9,8,8,AR95,,,False,False,False,True
Xiao2024,EXP,Colony 9,8,8,AR96,,,False,False,False,True
Xiao2024,EXP,Colony 9,8,8,AR97,,,False,False,False,True
Xiao2024,EXP,Colony 9,8,8,AR98,,,False,False,False,True
Xiao2024,EXP,Colony 9,8,8,AR99,,,False,False,False,True
Xiao2024,EXP,Colony 9,8,8,AR100,,,False,False,False,True
Xiao2024,EXP,Colony 9,8,8,AR101,,,False,False,False,True
Xiao2024,EXP,Colony 9,8,8,AR102,,,False,False,False,True
Xiao2024,EXP,Colony 9,8,8,AR103,,,False,False,False,True
Xiao2024,EXP,Colony 9,8,8,AR104,,,False,False,False,True
Xiao2024,EXP,Colony 9,8,8,AR105,,,False,False,False,True
Xiao2024,EXP,Colony 9,8,8,AR106,,,False,False,False,True
Xiao2024,EXP,Colony 9,8,8,AR107,,,False,False,False,True
Xiao2024,EXP,Colony 9,8,8,AR108,,,False,False,False,True
Xiao2024,EXP,Colony 9,8,8,AR109,,,False,False,False,True
Xiao2024,EXP,Colony 9,8,8,AR110,,,False,False,False,True
Xiao2024,EXP,Colony 9,8,8,AR111,,,False,False,False,True
Xiao2024,EXP,Colony 9,8,8,AR112,,,False,False,False,True
Xiao2024,EXP,Colony 9,8,8,AR113,,,False,False,False,True
Xiao2024,EXP,Colony 9,8,8,AR114,,,False,False,False,True
Xiao2024,EXP,Colony 9,8,8,AR115,,,False,False,False,True
Xiao2024,EXP,Colony 9,8,8,AR116,,,False,False,False,True
Xiao2024,EXP,Colony 9,8,8,AR117,,,False,False,False,True
Xiao2024,EXP,Colony 9,8,8,AR118,,,False,False,False,True
Xiao2024,EXP,Colony 9,8,8,AR119,,,False,False,False,True
Xiao2024,EXP,Colony 9,8,8,AR120,,,False,False,False,True
Xiao2024,EXP,Colony 9,8,8,AR121,,,False,False,False,True
Xiao2024,EXP,Colony 9,8,8,AR122,,,False,False,False,True
Xiao2024,EXP,Colony 9,8,8,AR123,,,False,False,False,True
Xiao2024,EXP,Colony 9,8,8,AR124,,,False,False,False,True
Xiao2024,EXP,Colony 9,8,8,AR125,,,False,False,False,True
Xiao2024,EXP,Colony 9,8,8,AR126,,,False,False,False,True
Xiao2024,EXP,Colony 9,8,8,AR127,,,False,False,False,True
Xiao2024,EXP,Colony 9,8,8,AR128,,,False,False,False,True
Xiao2024,EXP,Colony 9,8,8,AR129,,,False,False,False,True
Xiao2024,EXP,Colony 9,8,8,AR130,,,False,False,False,True
Xiao2024,EXP,Colony 9,8,8,AR131,,,False,False,False,True
Xiao2024,EXP,Colony 9,8,8,AR132,,,False,False,False,True
Xiao2024,EXP,Colony 9,8,8,AR133,,,False,False,False,True
Xiao2024,EXP,Colony 10,1,1,AW3,106,PP,True,True,True,False
Xiao2024,EXP,Colony 10,2,2,AW4,19,PP,True,True,False,True
Xiao2024,EXP,Colony 10,2,2,AW5,19,PP,True,True,False,True
Xiao2024,EXP,Colony 10,3,3,AW6,19,PP,True,True,False,True
Xiao2024,EXP,Colony 10,3,3,AW7,25,PP,True,True,False,True
Xiao2024,EXP,Colony 10,3,3,AW8,28,PD,True,True,False,True
Xiao2024,EXP,Colony 10,3,3,AW9,20,PD,True,True,False,True
Xiao2024,EXP,Colony 10,4,4,AW10,50,DD,True,True,False,True
Xiao2024,EXP,Colony 10,4,4,AW11,16,PP,True,True,False,True
Xiao2024,EXP,Colony 10,4,4,AW12,20,PP,True,True,False,True
Xiao2024,EXP,Colony 10,4,4,AW13,39,DD,True,True,False,True
Xiao2024,EXP,Colony 10,4,4,AW14,,,False,False,False,True
Xiao2024,EXP,Colony 10,4,4,AW15,19,PP,True,True,False,True
Xiao2024,EXP,Colony 10,4,4,AW16,,,False,False,False,True
Xiao2024,EXP,Colony 10,4,4,AW17,21,PD,True,True,False,True
Xiao2024,EXP,Colony 10,5,5,AW18,,,False,False,False,True
Xiao2024,EXP,Colony 10,5,5,AW19,,,False,False,False,True
Xiao2024,EXP,Colony 10,5,5,AW20,27,PU,True,True,False,True
Xiao2024,EXP,Colony 10,5,5,AW21,17,PP,True,True,False,True
Xiao2024,EXP,Colony 10,5,5,AW22,16,PP,True,True,False,True
Xiao2024,EXP,Colony 10,5,5,AW23,20,PP,True,True,False,True
Xiao2024,EXP,Colony 10,5,5,AW24,,,False,False,False,True
Xiao2024,EXP,Colony 10,5,5,AW25,,,False,False,False,True
Xiao2024,EXP,Colony 10,5,5,AW26,30,PP,True,True,False,True
Xiao2024,EXP,Colony 10,5,5,AW27,17,PP,True,True,False,True
Xiao2024,EXP,Colony 10,5,5,AW28,75,UU,True,True,False,True
Xiao2024,EXP,Colony 10,5,5,AW29,,,False,False,False,True
Xiao2024,EXP,Colony 10,6,6,AW30,51,UU,True,True,False,True
Xiao2024,EXP,Colony 10,6,6,AW31,9,PP,True,True,False,True
Xiao2024,EXP,Colony 10,6,6,AW32,31,PD,True,True,False,True
Xiao2024,EXP,Colony 10,6,6,AW33,24,PD,True,True,False,True
Xiao2024,EXP,Colony 10,6,6,AW34,24,PP,True,True,False,True
Xiao2024,EXP,Colony 10,6,6,AW35,27,PP,True,True,False,True
Xiao2024,EXP,Colony 10,6,6,AW36,20,PP,True,True,False,True
Xiao2024,EXP,Colony 10,6,6,AW37,22,PP,True,True,False,True
Xiao2024,EXP,Colony 10,6,6,AW38,25,PP,True,True,False,True
Xiao2024,EXP,Colony 10,6,6,AW39,36,PU,True,True,False,True
Xiao2024,EXP,Colony 10,6,6,AW40,15,PU,True,True,False,True
Xiao2024,EXP,Colony 10,6,6,AW41,23,PU,True,True,False,True
Xiao2024,EXP,Colony 10,6,6,AW42,,,False,False,False,True
Xiao2024,EXP,Colony 10,6,6,AW43,,,False,False,False,True
Xiao2024,EXP,Colony 10,7,7,AW44,,,False,False,False,True
Xiao2024,EXP,Colony 10,7,7,AW45,,,False,False,False,True
Xiao2024,EXP,Colony 10,7,7,AW46,,,False,False,False,True
Xiao2024,EXP,Colony 10,7,7,AW47,,,False,False,False,True
Xiao2024,EXP,Colony 10,7,7,AW48,,,False,False,False,True
Xiao2024,EXP,Colony 10,7,7,AW49,38,UU,True,True,False,True
Xiao2024,EXP,Colony 10,7,7,AW50,24,PP,True,True,False,True
Xiao2024,EXP,Colony 10,7,7,AW51,,,False,False,False,True
Xiao2024,EXP,Colony 10,7,7,AW52,20,PU,True,True,False,True
Xiao2024,EXP,Colony 10,7,7,AW53,17,PU,True,True,False,True
Xiao2024,EXP,Colony 10,7,7,AW54,,,False,False,False,True
Xiao2024,EXP,Colony 10,7,7,AW55,,,False,False,False,True
Xiao2024,EXP,Colony 10,7,7,AW56,20,PU,True,True,False,True
Xiao2024,EXP,Colony 10,7,7,AW57,17,PU,True,True,False,True
Xiao2024,EXP,Colony 10,7,7,AW58,19,PU,True,True,False,True
Xiao2024,EXP,Colony 10,7,7,AW59,27,UU,True,True,False,True
Xiao2024,EXP,Colony 10,7,7,AW60,,,False,False,False,True
Xiao2024,EXP,Colony 10,7,7,AW61,,,False,False,False,True
Xiao2024,EXP,Colony 10,7,7,AW62,,,False,False,False,True
Xiao2024,EXP,Colony 10,7,7,AW63,,,False,False,False,True
Xiao2024,EXP,Colony 10,7,7,AW64,,,False,False,False,True
Xiao2024,EXP,Colony 10,7,7,AW65,,,False,False,False,True
Xiao2024,EXP,Colony 10,7,7,AW66,,,False,False,False,True
Xiao2024,EXP,Colony 10,7,7,AW67,,,False,False,False,True
Xiao2024,EXP,Colony 10,8,8,AW68,,,False,False,False,True
Xiao2024,EXP,Colony 10,8,8,AW69,,,False,False,False,True
Xiao2024,EXP,Colony 10,8,8,AW70,,,False,False,False,True
Xiao2024,EXP,Colony 10,8,8,AW71,,,False,False,False,True
Xiao2024,EXP,Colony 10,8,8,AW72,,,False,False,False,True
Xiao2024,EXP,Colony 10,8,8,AW73,,,False,False,False,True
Xiao2024,EXP,Colony 10,8,8,AW74,,,False,False,False,True
Xiao2024,EXP,Colony 10,8,8,AW75,,,False,False,False,True
Xiao2024,EXP,Colony 10,8,8,AW76,,,False,False,False,True
Xiao2024,EXP,Colony 10,8,8,AW77,,,False,False,False,True
Xiao2024,EXP,Colony 10,8,8,AW78,,,False,False,False,True
Xiao2024,EXP,Colony 10,8,8,AW79,,,False,False,False,True
Xiao2024,EXP,Colony 10,8,8,AW80,,,False,False,False,True
Xiao2024,EXP,Colony 10,8,8,AW81,,,False,False,False,True
Xiao2024,EXP,Colony 10,8,8,AW82,,,False,False,False,True
Xiao2024,EXP,Colony 10,8,8,AW83,,,False,False,False,True
Xiao2024,EXP,Colony 10,9,9,AW84,,,False,False,False,True
Xiao2024,EXP,Colony 10,9,9,AW85,,,False,False,False,True
Xiao2024,EXP,Colony 10,9,9,AW86,,,False,False,False,True
Xiao2024,EXP,Colony 10,9,9,AW87,,,False,False,False,True
Xiao2024,EXP,Colony 10,9,9,AW88,,,False,False,False,True
Xiao2024,EXP,Colony 10,9,9,AW89,,,False,False,False,True
Xiao2024,EXP,Colony 10,9,9,AW90,,,False,False,False,True
Xiao2024,EXP,Colony 10,9,9,AW91,,,False,False,False,True
Xiao2024,EXP,Colony 10,9,9,AW92,,,False,False,False,True
Xiao2024,EXP,Colony 10,9,9,AW93,,,False,False,False,True
Xiao2024,EXP,Colony 10,9,9,AW94,,,False,False,False,True
Xiao2024,EXP,Colony 10,9,9,AW95,,,False,False,False,True
Xiao2024,EXP,Colony 11,1,1,BB3,115,PP,True,True,True,False
Xiao2024,EXP,Colony 11,2,2,BB4,17,PP,True,True,False,True
Xiao2024,EXP,Colony 11,2,2,BB5,18,PP,True,True,False,True
Xiao2024,EXP,Colony 11,3,3,BB6,13,PP,True,True,False,True
Xiao2024,EXP,Colony 11,3,3,BB7,14,PP,True,True,False,True
Xiao2024,EXP,Colony 11,3,3,BB8,15,PP,True,True,False,True
Xiao2024,EXP,Colony 11,3,3,BB9,18,DP,True,True,False,True
Xiao2024,EXP,Colony 11,4,4,BB10,26,DD,True,True,False,True
Xiao2024,EXP,Colony 11,4,4,BB11,19,PP,True,True,False,True
Xiao2024,EXP,Colony 11,4,4,BB12,12,PP,True,True,False,True
Xiao2024,EXP,Colony 11,4,4,BB13,13,PP,True,True,False,True
Xiao2024,EXP,Colony 11,4,4,BB14,16,DP,True,True,False,True
Xiao2024,EXP,Colony 11,4,4,BB15,15,PP,True,True,False,True
Xiao2024,EXP,Colony 11,4,4,BB16,,,False,False,False,True
Xiao2024,EXP,Colony 11,4,4,BB17,20,PP,True,True,False,True
Xiao2024,EXP,Colony 11,5,5,BB18,,,False,False,False,True
Xiao2024,EXP,Colony 11,5,5,BB19,,,False,False,False,True
Xiao2024,EXP,Colony 11,5,5,BB20,15,PP,True,True,False,True
Xiao2024,EXP,Colony 11,5,5,BB21,16,PP,True,True,False,True
Xiao2024,EXP,Colony 11,5,5,BB22,12,PP,True,True,False,True
Xiao2024,EXP,Colony 11,5,5,BB23,11,PP,True,True,False,True
Xiao2024,EXP,Colony 11,5,5,BB24,13,PP,True,True,False,True
Xiao2024,EXP,Colony 11,5,5,BB25,13,PP,True,True,False,True
Xiao2024,EXP,Colony 11,5,5,BB26,,,False,False,False,True
Xiao2024,EXP,Colony 11,5,5,BB27,32,PD,True,True,False,True
Xiao2024,EXP,Colony 11,5,5,BB28,19,DD,True,True,False,True
Xiao2024,EXP,Colony 11,5,5,BB29,13,DD,True,True,False,True
Xiao2024,EXP,Colony 11,5,5,BB30,,,False,False,False,True
Xiao2024,EXP,Colony 11,5,5,BB31,33,PD,True,True,False,True
Xiao2024,EXP,Colony 11,6,6,BB32,14,PP,True,True,False,True
Xiao2024,EXP,Colony 11,6,6,BB33,15,PP,True,True,False,True
Xiao2024,EXP,Colony 11,6,6,BB34,15,PP,True,True,False,True
Xiao2024,EXP,Colony 11,6,6,BB35,16,PP,True,True,False,True
Xiao2024,EXP,Colony 11,6,6,BB36,20,PP,True,True,False,True
Xiao2024,EXP,Colony 11,6,6,BB37,16,PP,True,True,False,True
Xiao2024,EXP,Colony 11,6,6,BB38,37,PP,True,True,False,True
Xiao2024,EXP,Colony 11,6,6,BB39,37,PP,True,True,False,True
Xiao2024,EXP,Colony 11,6,6,BB40,15,PP,True,True,False,True
Xiao2024,EXP,Colony 11,6,6,BB41,13,PP,True,True,False,True
Xiao2024,EXP,Colony 11,6,6,BB42,18,PP,True,True,False,True
Xiao2024,EXP,Colony 11,6,6,BB43,15,PP,True,True,False,True
Xiao2024,EXP,Colony 11,6,6,BB44,22,PP,True,True,False,True
Xiao2024,EXP,Colony 11,6,6,BB45,,,False,False,False,True
Xiao2024,EXP,Colony 11,6,6,BB46,,,False,False,False,True
Xiao2024,EXP,Colony 11,6,6,BB47,,,False,False,False,True
Xiao2024,EXP,Colony 11,6,6,BB48,,,False,False,False,True
Xiao2024,EXP,Colony 11,6,6,BB49,,,False,False,False,True
Xiao2024,EXP,Colony 11,6,6,BB50,15,PP,True,True,False,True
Xiao2024,EXP,Colony 11,6,6,BB51,16,PP,True,True,False,True
Xiao2024,EXP,Colony 11,6,6,BB52,25,DD,True,True,False,True
Xiao2024,EXP,Colony 11,6,6,BB53,,,False,False,False,True
Xiao2024,EXP,Colony 11,7,7,BB54,14,PP,True,True,False,True
Xiao2024,EXP,Colony 11,7,7,BB55,24,PP,True,True,False,True
Xiao2024,EXP,Colony 11,7,7,BB56,17,PP,True,True,False,True
Xiao2024,EXP,Colony 11,7,7,BB57,16,PP,True,True,False,True
Xiao2024,EXP,Colony 11,7,7,BB58,16,PP,True,True,False,True
Xiao2024,EXP,Colony 11,7,7,BB59,19,PP,True,True,False,True
Xiao2024,EXP,Colony 11,7,7,BB60,14,PP,True,True,False,True
Xiao2024,EXP,Colony 11,7,7,BB61,15,PP,True,True,False,True
Xiao2024,EXP,Colony 11,7,7,BB62,17,PP,True,True,False,True
Xiao2024,EXP,Colony 11,7,7,BB63,19,PP,True,True,False,True
Xiao2024,EXP,Colony 11,7,7,BB64,19,PP,True,True,False,True
Xiao2024,EXP,Colony 11,7,7,BB65,18,PP,True,True,False,True
Xiao2024,EXP,Colony 11,7,7,BB66,13,PP,True,True,False,True
Xiao2024,EXP,Colony 11,7,7,BB67,15,PP,True,True,False,True
Xiao2024,EXP,Colony 11,7,7,BB68,12,PP,True,True,False,True
Xiao2024,EXP,Colony 11,7,7,BB69,16,PP,True,True,False,True
Xiao2024,EXP,Colony 11,7,7,BB70,15,PP,True,True,False,True
Xiao2024,EXP,Colony 11,7,7,BB71,19,PP,True,True,False,True
Xiao2024,EXP,Colony 11,7,7,BB72,14,PP,True,True,False,True
Xiao2024,EXP,Colony 11,7,7,BB73,15,PP,True,True,False,True
Xiao2024,EXP,Colony 11,7,7,BB74,19,PP,True,True,False,True
Xiao2024,EXP,Colony 11,7,7,BB75,20,PP,True,True,False,True
Xiao2024,EXP,Colony 11,7,7,BB76,14,PP,True,True,False,True
Xiao2024,EXP,Colony 11,7,7,BB77,19,PP,True,True,False,True
Xiao2024,EXP,Colony 11,7,7,BB78,20,PP,True,True,False,True
Xiao2024,EXP,Colony 11,7,7,BB79,20,PP,True,True,False,True
Xiao2024,EXP,Colony 11,7,7,BB80,17,PP,True,True,False,True
Xiao2024,EXP,Colony 11,7,7,BB81,17,PP,True,True,False,True
Xiao2024,EXP,Colony 11,7,7,BB82,17,PP,True,True,False,True
Xiao2024,EXP,Colony 11,7,7,BB83,16,PP,True,True,False,True
Xiao2024,EXP,Colony 11,7,7,BB84,,,False,False,False,True
Xiao2024,EXP,Colony 11,7,7,BB85,,,False,False,False,True
Xiao2024,EXP,Colony 11,8,8,BB86,18,PP,True,True,False,True
Xiao2024,EXP,Colony 11,8,8,BB87,21,PP,True,True,False,True
Xiao2024,EXP,Colony 11,8,8,BB88,19,PP,True,True,False,True
Xiao2024,EXP,Colony 11,8,8,BB89,21,PP,True,True,False,True
Xiao2024,EXP,Colony 11,8,8,BB90,16,PP,True,True,False,True
Xiao2024,EXP,Colony 11,8,8,BB91,19,PP,True,True,False,True
Xiao2024,EXP,Colony 11,8,8,BB92,28,PP,True,True,False,True
Xiao2024,EXP,Colony 11,8,8,BB93,22,PP,True,True,False,True
Xiao2024,EXP,Colony 11,8,8,BB94,16,PP,True,True,False,True
Xiao2024,EXP,Colony 11,8,8,BB95,15,PP,True,True,False,True
Xiao2024,EXP,Colony 11,8,8,BB96,16,PP,True,True,False,True
Xiao2024,EXP,Colony 11,8,8,BB97,36,UU,True,True,False,True
Xiao2024,EXP,Colony 11,8,8,BB98,18,PP,True,True,False,True
Xiao2024,EXP,Colony 11,8,8,BB99,17,PP,True,True,False,True
Xiao2024,EXP,Colony 11,8,8,BB100,15,PP,True,True,False,True
Xiao2024,EXP,Colony 11,8,8,BB101,20,PP,True,True,False,True
Xiao2024,EXP,Colony 11,8,8,BB102,17,PP,True,True,False,True
Xiao2024,EXP,Colony 11,8,8,BB103,20,PP,True,True,False,True
Xiao2024,EXP,Colony 11,8,8,BB104,19,PP,True,True,False,True
Xiao2024,EXP,Colony 11,8,8,BB105,18,PP,True,True,False,True
Xiao2024,EXP,Colony 11,8,8,BB106,26,PP,True,True,False,True
Xiao2024,EXP,Colony 11,8,8,BB107,29,PP,True,True,False,True
Xiao2024,EXP,Colony 11,8,8,BB108,17,PP,True,True,False,True
Xiao2024,EXP,Colony 11,8,8,BB109,21,PP,True,True,False,True
Xiao2024,EXP,Colony 11,8,8,BB110,17,PP,True,True,False,True
Xiao2024,EXP,Colony 11,8,8,BB111,17,PP,True,True,False,True
Xiao2024,EXP,Colony 11,8,8,BB112,18,PP,True,True,False,True
Xiao2024,EXP,Colony 11,8,8,BB113,21,PP,True,True,False,True
Xiao2024,EXP,Colony 11,8,8,BB114,,,False,False,False,True
Xiao2024,EXP,Colony 11,8,8,BB115,23,PP,True,True,False,True
Xiao2024,EXP,Colony 11,8,8,BB116,16,PP,True,True,False,True
Xiao2024,EXP,Colony 11,8,8,BB117,41,DP,True,True,False,True
Xiao2024,EXP,Colony 11,8,8,BB118,18,PP,True,True,False,True
Xiao2024,EXP,Colony 11,8,8,BB119,18,PP,True,True,False,True
Xiao2024,EXP,Colony 11,8,8,BB120,18,PP,True,True,False,True
Xiao2024,EXP,Colony 11,8,8,BB121,15,PP,True,True,False,True
Xiao2024,EXP,Colony 11,8,8,BB122,17,PP,True,True,False,True
Xiao2024,EXP,Colony 11,8,8,BB123,16,PP,True,True,False,True
Xiao2024,EXP,Colony 11,8,8,BB124,15,PP,True,True,False,True
Xiao2024,EXP,Colony 11,8,8,BB125,18,PP,True,True,False,True
Xiao2024,EXP,Colony 11,8,8,BB126,23,PP,True,True,False,True
Xiao2024,EXP,Colony 11,8,8,BB127,20,PP,True,True,False,True
Xiao2024,EXP,Colony 11,8,8,BB128,16,PP,True,True,False,True
Xiao2024,EXP,Colony 11,8,8,BB129,20,PP,True,True,False,True
Xiao2024,EXP,Colony 11,8,8,BB130,20,PP,True,True,False,True
Xiao2024,EXP,Colony 11,8,8,BB131,19,PP,True,True,False,True
Xiao2024,EXP,Colony 11,8,8,BB132,17,PP,True,True,False,True
Xiao2024,EXP,Colony 11,8,8,BB133,18,UU,True,True,False,True
Xiao2024,EXP,Colony 11,8,8,BB134,26,UU,True,True,False,True
Xiao2024,EXP,Colony 11,8,8,BB135,16,UU,True,True,False,True
Xiao2024,EXP,Colony 11,8,8,BB136,22,UU,True,True,False,True
Xiao2024,EXP,Colony 11,8,8,BB137,20,DP,True,True,False,True
Xiao2024,EXP,Colony 11,8,8,BB138,20,PP,True,True,False,True
Xiao2024,EXP,Colony 11,8,8,BB139,18,PP,True,True,False,True
Xiao2024,EXP,Colony 11,8,8,BB140,19,PP,True,True,False,True
Xiao2024,EXP,Colony 11,8,8,BB141,16,PP,True,True,False,True
Xiao2024,EXP,Colony 11,8,8,BB142,22,PP,True,True,False,True
Xiao2024,EXP,Colony 11,8,8,BB143,19,PP,True,True,False,True
Xiao2024,EXP,Colony 11,8,8,BB144,20,PP,True,True,False,True
Xiao2024,EXP,Colony 11,9,9,BB145,16,PP,True,True,False,True
Xiao2024,EXP,Colony 11,9,9,BB146,19,UP,True,True,False,True
Xiao2024,EXP,Colony 11,9,9,BB147,27,UU,True,True,False,True
Xiao2024,EXP,Colony 11,9,9,BB148,19,UU,True,True,False,True
Xiao2024,EXP,Colony 11,9,9,BB149,21,UU,True,True,False,True
Xiao2024,EXP,Colony 11,9,9,BB150,19,UU,True,True,False,True
Xiao2024,EXP,Colony 11,9,9,BB151,24,UU,True,True,False,True
Xiao2024,EXP,Colony 11,9,9,BB152,26,UU,True,True,False,True
Xiao2024,EXP,Colony 11,9,9,BB153,15,PP,True,True,False,True
Xiao2024,EXP,Colony 11,9,9,BB154,16,PP,True,True,False,True
Xiao2024,EXP,Colony 11,9,9,BB155,19,UU,True,True,False,True
Xiao2024,EXP,Colony 11,9,9,BB156,21,UU,True,True,False,True
Xiao2024,EXP,Colony 11,9,9,BB157,19,UU,True,True,False,True
Xiao2024,EXP,Colony 11,9,9,BB158,19,UU,True,True,False,True
Xiao2024,EXP,Colony 11,9,9,BB159,20,UU,True,True,False,True
Xiao2024,EXP,Colony 11,9,9,BB160,19,UU,True,True,False,True
Xiao2024,EXP,Colony 11,9,9,BB161,19,PP,True,True,False,True
Xiao2024,EXP,Colony 11,9,9,BB162,16,PP,True,True,False,True
Xiao2024,EXP,Colony 11,9,9,BB163,19,UU,True,True,False,True
Xiao2024,EXP,Colony 11,9,9,BB164,18,PP,True,True,False,True
Xiao2024,EXP,Colony 11,9,9,BB165,24,UU,True,True,False,True
Xiao2024,EXP,Colony 11,9,9,BB166,21,UU,True,True,False,True
Xiao2024,EXP,Colony 11,9,9,BB167,,,False,False,False,True
Xiao2024,EXP,Colony 11,9,9,BB168,,,False,False,False,True
Xiao2024,EXP,Colony 11,9,9,BB169,14,PP,True,True,False,True
Xiao2024,EXP,Colony 11,9,9,BB170,13,PP,True,True,False,True
Xiao2024,EXP,Colony 11,9,9,BB171,18,UU,True,True,False,True
Xiao2024,EXP,Colony 11,9,9,BB172,18,PU,True,True,False,True
Xiao2024,EXP,Colony 11,9,9,BB173,17,PP,True,True,False,True
Xiao2024,EXP,Colony 11,9,9,BB174,15,PP,True,True,False,True
Xiao2024,EXP,Colony 11,9,9,BB175,20,UU,True,True,False,True
Xiao2024,EXP,Colony 11,9,9,BB176,16,UU,True,True,False,True
Xiao2024,EXP,Colony 11,9,9,BB177,18,PP,True,True,False,True
Xiao2024,EXP,Colony 11,9,9,BB178,17,PP,True,True,False,True
Xiao2024,EXP,Colony 11,9,9,BB179,16,UP,True,True,False,True
Xiao2024,EXP,Colony 11,9,9,BB180,17,PP,True,True,False,True
Xiao2024,EXP,Colony 11,9,9,BB181,21,UU,True,True,False,True
Xiao2024,EXP,Colony 11,9,9,BB182,19,UU,True,True,False,True
Xiao2024,EXP,Colony 11,9,9,BB183,18,PU,True,True,False,True
Xiao2024,EXP,Colony 11,9,9,BB184,22,UU,True,True,False,True
Xiao2024,EXP,Colony 11,9,9,BB185,23,UU,True,True,False,True
Xiao2024,EXP,Colony 11,9,9,BB186,25,UU,True,True,False,True
Xiao2024,EXP,Colony 11,9,9,BB187,,,False,False,False,True
Xiao2024,EXP,Colony 11,9,9,BB188,29,UU,True,True,False,True
Xiao2024,EXP,Colony 11,9,9,BB189,14,PP,True,True,False,True
Xiao2024,EXP,Colony 11,9,9,BB190,20,PP,True,True,False,True
Xiao2024,EXP,Colony 11,9,9,BB191,18,PP,True,True,False,True
Xiao2024,EXP,Colony 11,9,9,BB192,12,PP,True,True,False,True
Xiao2024,EXP,Colony 11,9,9,BB193,20,PP,True,True,False,True
Xiao2024,EXP,Colony 11,9,9,BB194,,,False,False,False,True
Xiao2024,EXP,Colony 11,9,9,BB195,25,DP,True,True,False,True
Xiao2024,EXP,Colony 11,9,9,BB196,24,PU,True,True,False,True
Xiao2024,EXP,Colony 11,9,9,BB197,22,PP,True,True,False,True
Xiao2024,EXP,Colony 11,9,9,BB198,23,PP,True,True,False,True
Xiao2024,EXP,Colony 11,9,9,BB199,24,PP,True,True,False,True
Xiao2024,EXP,Colony 11,9,9,BB200,18,UU,True,True,False,True
Xiao2024,EXP,Colony 11,9,9,BB201,,,False,False,False,True
Xiao2024,EXP,Colony 11,9,9,BB202,13,PP,True,True,False,True
Xiao2024,EXP,Colony 11,9,9,BB203,25,PU,True,True,False,True
Xiao2024,EXP,Colony 11,9,9,BB204,26,PP,True,True,False,True
Xiao2024,EXP,Colony 11,9,9,BB205,36,UU,True,True,False,True
Xiao2024,EXP,Colony 11,9,9,BB206,,,False,False,False,True
Xiao2024,EXP,Colony 11,9,9,BB207,12,UU,True,True,False,True
Xiao2024,EXP,Colony 11,9,9,BB208,15,PP,True,True,False,True
Xiao2024,EXP,Colony 11,9,9,BB209,22,PP,True,True,False,True
Xiao2024,EXP,Colony 11,9,9,BB210,20,PP,True,True,False,True
Xiao2024,EXP,Colony 11,9,9,BB211,22,PP,True,True,False,True
Xiao2024,EXP,Colony 11,9,9,BB212,16,PP,True,True,False,True
Xiao2024,EXP,Colony 11,9,9,BB213,13,PP,True,True,False,True
Xiao2024,EXP,Colony 11,9,9,BB214,16,PP,True,True,False,True
Xiao2024,EXP,Colony 11,9,9,BB215,15,PP,True,True,False,True
Xiao2024,EXP,Colony 11,9,9,BB216,16,PP,True,True,False,True
Xiao2024,EXP,Colony 11,9,9,BB217,25,UU,True,True,False,True
Xiao2024,EXP,Colony 11,9,9,BB218,20,UU,True,True,False,True
Xiao2024,EXP,Colony 11,9,9,BB219,19,UU,True,True,False,True
Xiao2024,EXP,Colony 11,9,9,BB220,25,PP,True,True,False,True
Xiao2024,EXP,Colony 11,9,9,BB221,16,PP,True,True,False,True
Xiao2024,EXP,Colony 11,9,9,BB222,39,PP,True,True,False,True
Xiao2024,EXP,Colony 11,9,9,BB223,19,PP,True,True,False,True
Xiao2024,EXP,Colony 11,9,9,BB224,17,PU,True,True,False,True
Xiao2024,EXP,Colony 11,9,9,BB225,24,UU,True,True,False,True
Xiao2024,EXP,Colony 11,9,9,BB226,20,UU,True,True,False,True
Xiao2024,EXP,Colony 11,9,9,BB227,23,UU,True,True,False,True
Xiao2024,EXP,Colony 11,9,9,BB228,19,UU,True,True,False,True
Xiao2024,EXP,Colony 11,9,9,BB229,15,PP,True,True,False,True
Xiao2024,EXP,Colony 11,9,9,BB230,15,PP,True,True,False,True
Xiao2024,EXP,Colony 11,9,9,BB231,23,UU,True,True,False,True
Xiao2024,EXP,Colony 11,9,9,BB232,20,PP,True,True,False,True
Xiao2024,EXP,Colony 11,9,9,BB233,21,UP,True,True,False,True
Xiao2024,EXP,Colony 11,9,9,BB234,20,PP,True,True,False,True
Xiao2024,EXP,Colony 11,9,9,BB235,19,PP,True,True,False,True
Xiao2024,EXP,Colony 11,9,9,BB236,26,UU,True,True,False,True
Xiao2024,EXP,Colony 11,9,9,BB237,14,PP,True,True,False,True
Xiao2024,EXP,Colony 11,9,9,BB238,21,PP,True,True,False,True
Xiao2024,EXP,Colony 11,9,9,BB239,,,False,False,False,True
Xiao2024,EXP,Colony 11,9,9,BB240,,,False,False,False,True
Xiao2024,EXP,Colony 11,9,9,BB241,,,False,False,False,True
Xiao2024,EXP,Colony 11,9,9,BB242,,,False,False,False,True
Xiao2024,EXP,Colony 11,9,9,BB243,,,False,False,False,True
Xiao2024,EXP,Colony 11,9,9,BB244,,,False,False,False,True
Xiao2024,EXP,Colony 11,9,9,BB245,,,False,False,False,True
Xiao2024,EXP,Colony 11,9,9,BB246,,,False,False,False,True
Xiao2024,EXP,Colony 11,9,9,BB247,,,False,False,False,True
Xiao2024,EXP,Colony 11,9,9,BB248,17,UU,True,True,False,True
Xiao2024,EXP,Colony 11,9,9,BB249,17,UU,True,True,False,True
Xiao2024,EXP,Colony 11,9,9,BB250,19,UU,True,True,False,True
Xiao2024,EXP,Colony 11,9,9,BB251,18,UU,True,True,False,True
Xiao2024,EXP,Colony 11,9,9,BB252,25,UU,True,True,False,True
Xiao2024,EXP,Colony 11,9,9,BB253,21,UU,True,True,False,True
Xiao2024,EXP,Colony 11,9,9,BB254,22,UU,True,True,False,True
Xiao2024,EXP,Colony 11,9,9,BB255,20,UU,True,True,False,True
Xiao2024,EXP,Colony 11,9,9,BB256,18,UU,True,True,False,True
Xiao2024,EXP,Colony 11,9,9,BB257,,,False,False,False,True
Xiao2024,EXP,Colony 11,9,9,BB258,18,UU,True,True,False,True
Xiao2024,EXP,Colony 11,9,9,BB259,19,UU,True,True,False,True
Xiao2024,EXP,Colony 11,9,9,BB260,23,UU,True,True,False,True
Xiao2024,EXP,Colony 11,9,9,BB261,18,UU,True,True,False,True
Xiao2024,EXP,Colony 11,9,9,BB262,15,UU,True,True,False,True
Xiao2024,EXP,Colony 11,10,10,BB263,15,UU,True,True,False,True
Xiao2024,EXP,Colony 11,10,10,BB264,22,UU,True,True,False,True
Xiao2024,EXP,Colony 11,10,10,BB265,,,False,False,False,True
Xiao2024,EXP,Colony 11,10,10,BB266,19,UU,True,True,False,True
Xiao2024,EXP,Colony 11,10,10,BB267,,,False,False,False,True
Xiao2024,EXP,Colony 11,10,10,BB268,,,False,False,False,True
Xiao2024,EXP,Colony 11,10,10,BB269,,,False,False,False,True
Xiao2024,EXP,Colony 11,10,10,BB270,,,False,False,False,True
Xiao2024,EXP,Colony 11,10,10,BB271,,,False,False,False,True
Xiao2024,EXP,Colony 11,10,10,BB272,,,False,False,False,True
Xiao2024,EXP,Colony 11,10,10,BB273,,,False,False,False,True
Xiao2024,EXP,Colony 11,10,10,BB274,,,False,False,False,True
Xiao2024,EXP,Colony 11,10,10,BB275,,,False,False,False,True
Xiao2024,EXP,Colony 11,10,10,BB276,,,False,False,False,True
Xiao2024,EXP,Colony 11,10,10,BB277,,,False,False,False,True
Xiao2024,EXP,Colony 11,10,10,BB278,,,False,False,False,True
Xiao2024,EXP,Colony 11,10,10,BB279,20,UU,True,True,False,True
Xiao2024,EXP,Colony 11,10,10,BB280,16,UU,True,True,False,True
Xiao2024,EXP,Colony 11,10,10,BB281,15,UU,True,True,False,True
Xiao2024,EXP,Colony 11,10,10,BB282,20,UU,True,True,False,True
Xiao2024,EXP,Colony 11,10,10,BB283,,,False,False,False,True
Xiao2024,EXP,Colony 11,10,10,BB284,,,False,False,False,True
Xiao2024,EXP,Colony 11,10,10,BB285,,,False,False,False,True
Xiao2024,EXP,Colony 11,10,10,BB286,,,False,False,False,True
Xiao2024,EXP,Colony 11,10,10,BB287,,,False,False,False,True
Xiao2024,EXP,Colony 11,10,10,BB288,,,False,False,False,True
Xiao2024,EXP,Colony 11,10,10,BB289,,,False,False,False,True
Xiao2024,EXP,Colony 11,10,10,BB290,,,False,False,False,True
Xiao2024,EXP,Colony 11,10,10,BB291,,,False,False,False,True
Xiao2024,EXP,Colony 11,10,10,BB292,,,False,False,False,True
Xiao2024,EXP,Colony 11,10,10,BB293,,,False,False,False,True
Xiao2024,EXP,Colony 11,10,10,BB294,,,False,False,False,True
Xiao2024,EXP,Colony 11,10,10,BB295,18,UU,True,True,False,True
Xiao2024,EXP,Colony 11,10,10,BB296,18,UU,True,True,False,True
Xiao2024,EXP,Colony 11,10,10,BB297,18,UU,True,True,False,True
Xiao2024,EXP,Colony 11,10,10,BB298,21,UU,True,True,False,True
Xiao2024,EXP,Colony 11,10,10,BB299,,,False,False,False,True
Xiao2024,EXP,Colony 11,10,10,BB300,,,False,False,False,True
Xiao2024,EXP,Colony 11,10,10,BB301,19,UU,True,True,False,True
Xiao2024,EXP,Colony 11,10,10,BB302,17,UU,True,True,False,True
Xiao2024,EXP,Colony 11,10,10,BB303,,,False,False,False,True
Xiao2024,EXP,Colony 11,10,10,BB304,,,False,False,False,True
Xiao2024,EXP,Colony 11,10,10,BB305,,,False,False,False,True
Xiao2024,EXP,Colony 11,10,10,BB306,,,False,False,False,True
Xiao2024,EXP,Colony 11,10,10,BB307,16,UU,True,True,False,True
Xiao2024,EXP,Colony 11,10,10,BB308,19,UU,True,True,False,True
Xiao2024,EXP,Colony 11,10,10,BB309,14,UU,True,True,False,True
Xiao2024,EXP,Colony 11,10,10,BB310,21,UU,True,True,False,True
Xiao2024,EXP,Colony 11,10,10,BB311,,,False,False,False,True
Xiao2024,EXP,Colony 11,10,10,BB312,,,False,False,False,True
Xiao2024,EXP,Colony 11,10,10,BB313,18,UU,True,True,False,True
Xiao2024,EXP,Colony 11,10,10,BB314,,,False,False,False,True
Xiao2024,EXP,Colony 11,10,10,BB315,16,UU,True,True,False,True
Xiao2024,EXP,Colony 11,10,10,BB316,17,UU,True,True,False,True
Xiao2024,EXP,Colony 11,10,10,BB317,16,UU,True,True,False,True
Xiao2024,EXP,Colony 11,10,10,BB318,17,UU,True,True,False,True
Xiao2024,EXP,Colony 11,10,10,BB319,,,False,False,False,True
Xiao2024,EXP,Colony 11,10,10,BB320,,,False,False,False,True
Xiao2024,EXP,Colony 11,10,10,BB321,,,False,False,False,True
Xiao2024,EXP,Colony 11,10,10,BB322,,,False,False,False,True
Xiao2024,EXP,Colony 11,10,10,BB323,13,UU,True,True,False,True
Xiao2024,EXP,Colony 11,10,10,BB324,19,UU,True,True,False,True
Xiao2024,EXP,Colony 11,10,10,BB325,20,UU,True,True,False,True
Xiao2024,EXP,Colony 11,10,10,BB326,20,UU,True,True,False,True
Xiao2024,EXP,Colony 11,10,10,BB327,,,False,False,False,True
Xiao2024,EXP,Colony 11,10,10,BB328,20,UU,True,True,False,True
Xiao2024,EXP,Colony 11,10,10,BB329,19,UU,True,True,False,True
Xiao2024,EXP,Colony 11,10,10,BB330,16,UU,True,True,False,True
Xiao2024,EXP,Colony 11,10,10,BB331,,,False,False,False,True
Xiao2024,EXP,Colony 11,10,10,BB332,,,False,False,False,True
Xiao2024,EXP,Colony 11,10,10,BB333,,,False,False,False,True
Xiao2024,EXP,Colony 11,10,10,BB334,,,False,False,False,True
Xiao2024,EXP,Colony 11,10,10,BB335,19,UU,True,True,False,True
Xiao2024,EXP,Colony 11,10,10,BB336,,,False,False,False,True
Xiao2024,EXP,Colony 11,10,10,BB337,,,False,False,False,True
Xiao2024,EXP,Colony 11,10,10,BB338,,,False,False,False,True
Xiao2024,EXP,Colony 11,10,10,BB339,,,False,False,False,True
Xiao2024,EXP,Colony 11,10,10,BB340,,,False,False,False,True
Xiao2024,EXP,Colony 11,10,10,BB341,,,False,False,False,True
Xiao2024,EXP,Colony 11,10,10,BB342,,,False,False,False,True
Xiao2024,EXP,Colony 11,10,10,BB343,,,False,False,False,True
Xiao2024,EXP,Colony 11,10,10,BB344,,,False,False,False,True
Xiao2024,EXP,Colony 11,10,10,BB345,20,UU,True,True,False,True
Xiao2024,EXP,Colony 11,10,10,BB346,18,UU,True,True,False,True
Xiao2024,EXP,Colony 11,10,10,BB347,20,UU,True,True,False,True
Xiao2024,EXP,Colony 11,10,10,BB348,19,UU,True,True,False,True
Xiao2024,EXP,Colony 11,10,10,BB349,16,UU,True,True,False,True
Xiao2024,EXP,Colony 11,10,10,BB350,16,UU,True,True,False,True
Xiao2024,EXP,Colony 11,10,10,BB351,22,UU,True,True,False,True
Xiao2024,EXP,Colony 11,10,10,BB352,17,UU,True,True,False,True
Xiao2024,EXP,Colony 11,10,10,BB353,19,UU,True,True,False,True
Xiao2024,EXP,Colony 11,10,10,BB354,20,UU,True,True,False,True
Xiao2024,EXP,Colony 11,10,10,BB355,,,False,False,False,True
Xiao2024,EXP,Colony 11,10,10,BB356,,,False,False,False,True
Xiao2024,EXP,Colony 11,10,10,BB357,19,UU,True,True,False,True
Xiao2024,EXP,Colony 11,10,10,BB358,25,UU,True,True,False,True
Xiao2024,EXP,Colony 11,10,10,BB359,,,False,False,False,True
Xiao2024,EXP,Colony 11,10,10,BB360,21,UU,True,True,False,True
Xiao2024,EXP,Colony 11,10,10,BB361,21,UU,True,True,False,True
Xiao2024,EXP,Colony 11,10,10,BB362,19,UU,True,True,False,True
Xiao2024,EXP,Colony 11,10,10,BB363,19,UU,True,True,False,True
Xiao2024,EXP,Colony 11,10,10,BB364,13,UU,True,True,False,True
Xiao2024,EXP,Colony 11,10,10,BB365,18,UU,True,True,False,True
Xiao2024,EXP,Colony 11,10,10,BB366,,,False,False,False,True
Xiao2024,EXP,Colony 11,10,10,BB367,,,False,False,False,True
Xiao2024,EXP,Colony 11,10,10,BB368,,,False,False,False,True
Xiao2024,EXP,Colony 11,10,10,BB369,,,False,False,False,True
Xiao2024,EXP,Colony 11,10,10,BB370,,,False,False,False,True
Xiao2024,EXP,Colony 11,10,10,BB371,,,False,False,False,True
Xiao2024,EXP,Colony 11,10,10,BB372,,,False,False,False,True
Xiao2024,EXP,Colony 11,10,10,BB373,,,False,False,False,True
Xiao2024,EXP,Colony 11,10,10,BB374,,,False,False,False,True
Xiao2024,EXP,Colony 11,10,10,BB375,,,False,False,False,True
Xiao2024,EXP,Colony 11,10,10,BB376,,,False,False,False,True
Xiao2024,EXP,Colony 11,10,10,BB377,,,False,False,False,True
Xiao2024,EXP,Colony 11,10,10,BB378,19,UU,True,True,False,True
Xiao2024,EXP,Colony 11,10,10,BB379,19,UU,True,True,False,True
Xiao2024,EXP,Colony 11,10,10,BB380,20,UU,True,True,False,True
Xiao2024,EXP,Colony 11,10,10,BB381,18,UU,True,True,False,True
Xiao2024,EXP,Colony 11,10,10,BB382,18,UU,True,True,False,True
Xiao2024,EXP,Colony 11,10,10,BB383,21,UU,True,True,False,True
Xiao2024,EXP,Colony 11,10,10,BB384,19,UU,True,True,False,True
Xiao2024,EXP,Colony 11,10,10,BB385,21,UU,True,True,False,True
Xiao2024,EXP,Colony 11,10,10,BB386,20,UU,True,True,False,True
Xiao2024,EXP,Colony 11,10,10,BB387,17,UU,True,True,False,True
Xiao2024,EXP,Colony 11,10,10,BB388,18,UU,True,True,False,True
Xiao2024,EXP,Colony 11,10,10,BB389,21,UU,True,True,False,True
Xiao2024,EXP,Colony 11,10,10,BB390,21,UU,True,True,False,True
Xiao2024,EXP,Colony 11,10,10,BB391,22,UU,True,True,False,True
Xiao2024,EXP,Colony 11,10,10,BB392,16,UU,True,True,False,True
Xiao2024,EXP,Colony 11,10,10,BB393,12,UU,True,True,False,True
Xiao2024,EXP,Colony 11,10,10,BB394,20,UU,True,True,False,True
Xiao2024,EXP,Colony 11,10,10,BB395,20,UU,True,True,False,True
Xiao2024,EXP,Colony 11,10,10,BB396,,,False,False,False,True
Xiao2024,EXP,Colony 11,10,10,BB397,,,False,False,False,True
Xiao2024,EXP,Colony 11,10,10,BB398,28,UU,True,True,False,True
Xiao2024,EXP,Colony 11,10,10,BB399,29,UU,True,True,False,True
Xiao2024,EXP,Colony 11,10,10,BB400,24,UU,True,True,False,True
Xiao2024,EXP,Colony 11,10,10,BB401,17,UU,True,True,False,True
Xiao2024,EXP,Colony 11,10,10,BB402,19,UU,True,True,False,True
Xiao2024,EXP,Colony 11,10,10,BB403,20,UU,True,True,False,True
Xiao2024,EXP,Colony 11,10,10,BB404,23,UU,True,True,False,True
Xiao2024,EXP,Colony 11,10,10,BB405,32,UU,True,True,False,True
Xiao2024,EXP,Colony 11,10,10,BB406,17,UU,True,True,False,True
Xiao2024,EXP,Colony 11,10,10,BB407,17,UU,True,True,False,True
Xiao2024,EXP,Colony 11,10,10,BB408,42,UU,True,True,False,True
Xiao2024,EXP,Colony 11,10,10,BB409,44,UU,True,True,False,True
Xiao2024,EXP,Colony 11,10,10,BB410,,,False,False,False,True
Xiao2024,EXP,Colony 11,10,10,BB411,,,False,False,False,True
Xiao2024,EXP,Colony 11,10,10,BB412,,,False,False,False,True
Xiao2024,EXP,Colony 11,10,10,BB413,,,False,False,False,True
Xiao2024,EXP,Colony 11,10,10,BB414,,,False,False,False,True
Xiao2024,EXP,Colony 11,10,10,BB415,,,False,False,False,True
Xiao2024,EXP,Colony 11,10,10,BB416,,,False,False,False,True
Xiao2024,EXP,Colony 11,10,10,BB417,,,False,False,False,True
Xiao2024,EXP,Colony 11,10,10,BB418,,,False,False,False,True
Xiao2024,EXP,Colony 11,10,10,BB419,,,False,False,False,True
Xiao2024,EXP,Colony 11,10,10,BB420,,,False,False,False,True
Xiao2024,EXP,Colony 11,10,10,BB421,20,UU,True,True,False,True
Xiao2024,EXP,Colony 11,10,10,BB422,19,UU,True,True,False,True
Xiao2024,EXP,Colony 11,10,10,BB423,16,UU,True,True,False,True
Xiao2024,EXP,Colony 11,10,10,BB424,18,UU,True,True,False,True
Xiao2024,EXP,Colony 11,10,10,BB425,,,False,False,False,True
Xiao2024,EXP,Colony 11,10,10,BB426,,,False,False,False,True
Xiao2024,EXP,Colony 11,10,10,BB427,18,UU,True,True,False,True
Xiao2024,EXP,Colony 11,10,10,BB428,17,UU,True,True,False,True
Xiao2024,EXP,Colony 11,10,10,BB429,,,False,False,False,True
Xiao2024,EXP,Colony 11,10,10,BB430,21,UU,True,True,False,True
Xiao2024,EXP,Colony 11,10,10,BB431,20,UU,True,True,False,True
Xiao2024,EXP,Colony 11,10,10,BB432,17,UU,True,True,False,True
Xiao2024,EXP,Colony 11,10,10,BB433,17,UU,True,True,False,True
Xiao2024,EXP,Colony 11,10,10,BB434,18,UU,True,True,False,True
Xiao2024,EXP,Colony 11,10,10,BB435,,,False,False,False,True
Xiao2024,EXP,Colony 11,10,10,BB436,,,False,False,False,True
Xiao2024,EXP,Colony 11,10,10,BB437,18,UU,True,True,False,True
Xiao2024,EXP,Colony 11,10,10,BB438,19,UU,True,True,False,True
Xiao2024,EXP,Colony 11,10,10,BB439,17,UU,True,True,False,True
Xiao2024,EXP,Colony 11,10,10,BB440,18,UU,True,True,False,True
Xiao2024,EXP,Colony 11,10,10,BB441,,,False,False,False,True
Xiao2024,EXP,Colony 11,10,10,BB442,,,False,False,False,True
Xiao2024,EXP,Colony 11,10,10,BB443,,,False,False,False,True
Xiao2024,EXP,Colony 11,10,10,BB444,,,False,False,False,True
Xiao2024,EXP,Colony 11,10,10,BB445,,,False,False,False,True
Xiao2024,EXP,Colony 11,10,10,BB446,,,False,False,False,True
Xiao2024,EXP,Colony 11,10,10,BB447,,,False,False,False,True
Xiao2024,EXP,Colony 11,10,10,BB448,,,False,False,False,True
Xiao2024,EXP,Colony 11,10,10,BB449,,,False,False,False,True
Xiao2024,EXP,Colony 11,10,10,BB450,,,False,False,False,True
Xiao2024,EXP,Colony 11,10,10,BB451,,,False,False,False,True
Xiao2024,EXP,Colony 11,10,10,BB452,,,False,False,False,True
Xiao2024,EXP,Colony 11,10,10,BB453,,,False,False,False,True
Xiao2024,EXP,Colony 11,10,10,BB454,,,False,False,False,True
Xiao2024,EXP,Colony 11,10,10,BB455,,,False,False,False,True
Xiao2024,EXP,Colony 11,10,10,BB456,,,False,False,False,True
Xiao2024,EXP,Colony 11,10,10,BB457,,,False,False,False,True
Xiao2024,EXP,Colony 11,10,10,BB458,,,False,False,False,True
Xiao2024,EXP,Colony 11,10,10,BB459,,,False,False,False,True
Xiao2024,EXP,Colony 11,10,10,BB460,,,False,False,False,True
Xiao2024,EXP,Colony 11,10,10,BB461,,,False,False,False,True
Xiao2024,EXP,Colony 11,10,10,BB462,,,False,False,False,True
Xiao2024,EXP,Colony 11,10,10,BB463,,,False,False,False,True
Xiao2024,EXP,Colony 11,10,10,BB464,,,False,False,False,True
Xiao2024,EXP,Colony 11,10,10,BB465,,,False,False,False,True
Xiao2024,EXP,Colony 11,10,10,BB466,,,False,False,False,True
Xiao2024,EXP,Colony 11,10,10,BB467,,,False,False,False,True
Xiao2024,EXP,Colony 11,10,10,BB468,,,False,False,False,True
Xiao2024,EXP,Colony 11,11,11,BB469,,,False,False,False,True
Xiao2024,EXP,Colony 11,11,11,BB470,,,False,False,False,True
Xiao2024,EXP,Colony 11,11,11,BB471,,,False,False,False,True
Xiao2024,EXP,Colony 11,11,11,BB472,,,False,False,False,True
Xiao2024,EXP,Colony 11,11,11,BB473,,,False,False,False,True
Xiao2024,EXP,Colony 11,11,11,BB474,,,False,False,False,True
Xiao2024,EXP,Colony 11,11,11,BB475,,,False,False,False,True
Xiao2024,EXP,Colony 11,11,11,BB476,,,False,False,False,True
Xiao2024,EXP,Colony 11,11,11,BB477,,,False,False,False,True
Xiao2024,EXP,Colony 11,11,11,BB478,,,False,False,False,True
Xiao2024,EXP,Colony 11,11,11,BB479,,,False,False,False,True
Xiao2024,EXP,Colony 11,11,11,BB480,,,False,False,False,True
Xiao2024,EXP,Colony 11,11,11,BB481,,,False,False,False,True
Xiao2024,EXP,Colony 11,11,11,BB482,,,False,False,False,True
Xiao2024,EXP,Colony 11,11,11,BB483,,,False,False,False,True
Xiao2024,EXP,Colony 11,11,11,BB484,,,False,False,False,True
Xiao2024,EXP,Colony 11,11,11,BB485,,,False,False,False,True
Xiao2024,EXP,Colony 11,11,11,BB486,,,False,False,False,True
Xiao2024,EXP,Colony 11,11,11,BB487,,,False,False,False,True
Xiao2024,EXP,Colony 11,11,11,BB488,,,False,False,False,True
Xiao2024,EXP,Colony 11,11,11,BB489,,,False,False,False,True
Xiao2024,EXP,Colony 11,11,11,BB490,,,False,False,False,True
Xiao2024,EXP,Colony 11,11,11,BB491,,,False,False,False,True
Xiao2024,EXP,Colony 11,11,11,BB492,,,False,False,False,True
Xiao2024,EXP,Colony 11,11,11,BB493,,,False,False,False,True
Xiao2024,EXP,Colony 11,11,11,BB494,,,False,False,False,True
Xiao2024,EXP,Colony 11,11,11,BB495,,,False,False,False,True
Xiao2024,EXP,Colony 11,11,11,BB496,,,False,False,False,True
Xiao2024,EXP,Colony 11,11,11,BB497,,,False,False,False,True
Xiao2024,EXP,Colony 11,11,11,BB498,,,False,False,False,True
Xiao2024,EXP,Colony 11,11,11,BB499,,,False,False,False,True
Xiao2024,EXP,Colony 11,11,11,BB500,,,False,False,False,True
Xiao2024,EXP,Colony 11,11,11,BB501,,,False,False,False,True
Xiao2024,EXP,Colony 11,11,11,BB502,,,False,False,False,True
Xiao2024,EXP,Colony 11,11,11,BB503,,,False,False,False,True
Xiao2024,EXP,Colony 11,11,11,BB504,,,False,False,False,True
Xiao2024,EXP,Colony 11,11,11,BB505,,,False,False,False,True
Xiao2024,EXP,Colony 11,11,11,BB506,,,False,False,False,True
Xiao2024,EXP,Colony 11,11,11,BB507,,,False,False,False,True
Xiao2024,EXP,Colony 11,11,11,BB508,,,False,False,False,True
Xiao2024,EXP,Colony 11,11,11,BB509,,,False,False,False,True
Xiao2024,EXP,Colony 11,11,11,BB510,,,False,False,False,True
Xiao2024,EXP,Colony 11,11,11,BB511,,,False,False,False,True
Xiao2024,EXP,Colony 11,11,11,BB512,,,False,False,False,True
Xiao2024,EXP,Colony 11,11,11,BB513,,,False,False,False,True
Xiao2024,EXP,Colony 11,11,11,BB514,,,False,False,False,True
Xiao2024,EXP,Colony 11,11,11,BB515,,,False,False,False,True
Xiao2024,EXP,Colony 11,11,11,BB516,,,False,False,False,True
Xiao2024,EXP,Colony 11,11,11,BB517,,,False,False,False,True
Xiao2024,EXP,Colony 11,11,11,BB518,,,False,False,False,True
Xiao2024,EXP,Colony 11,11,11,BB519,,,False,False,False,True
Xiao2024,EXP,Colony 11,11,11,BB520,,,False,False,False,True
Xiao2024,EXP,Colony 11,11,11,BB521,,,False,False,False,True
Xiao2024,EXP,Colony 11,11,11,BB522,,,False,False,False,True
Xiao2024,EXP,Colony 11,11,11,BB523,,,False,False,False,True
Xiao2024,EXP,Colony 11,11,11,BB524,,,False,False,False,True
Xiao2024,EXP,Colony 11,11,11,BB525,,,False,False,False,True
Xiao2024,EXP,Colony 11,11,11,BB526,,,False,False,False,True
Xiao2024,EXP,Colony 11,11,11,BB527,,,False,False,False,True
Xiao2024,EXP,Colony 11,11,11,BB528,,,False,False,False,True
Xiao2024,EXP,Colony 11,11,11,BB529,,,False,False,False,True
Xiao2024,EXP,Colony 11,11,11,BB530,,,False,False,False,True
Xiao2024,EXP,Colony 11,11,11,BB531,,,False,False,False,True
Xiao2024,EXP,Colony 11,11,11,BB532,,,False,False,False,True
Xiao2024,EXP,Colony 11,11,11,BB533,,,False,False,False,True
Xiao2024,EXP,Colony 11,11,11,BB534,,,False,False,False,True
Xiao2024,EXP,Colony 11,11,11,BB535,,,False,False,False,True
Xiao2024,EXP,Colony 11,11,11,BB536,,,False,False,False,True
Xiao2024,EXP,Colony 11,11,11,BB537,,,False,False,False,True
Xiao2024,EXP,Colony 11,11,11,BB538,,,False,False,False,True
Xiao2024,EXP,Colony 11,11,11,BB539,,,False,False,False,True
Xiao2024,EXP,Colony 11,11,11,BB540,,,False,False,False,True
Xiao2024,EXP,Colony 11,11,11,BB541,,,False,False,False,True
Xiao2024,EXP,Colony 11,11,11,BB542,,,False,False,False,True
Xiao2024,EXP,Colony 11,11,11,BB543,,,False,False,False,True
Xiao2024,EXP,Colony 11,11,11,BB544,,,False,False,False,True
Xiao2024,EXP,Colony 11,11,11,BB545,,,False,False,False,True
Xiao2024,EXP,Colony 11,11,11,BB546,,,False,False,False,True
Xiao2024,EXP,Colony 11,11,11,BB547,,,False,False,False,True
Xiao2024,EXP,Colony 11,11,11,BB548,,,False,False,False,True
Xiao2024,EXP,Colony 11,11,11,BB549,,,False,False,False,True
Xiao2024,EXP,Colony 11,11,11,BB550,,,False,False,False,True
Xiao2024,EXP,Colony 11,11,11,BB551,,,False,False,False,True
Xiao2024,EXP,Colony 11,11,11,BB552,,,False,False,False,True
Xiao2024,EXP,Colony 11,11,11,BB553,,,False,False,False,True
Xiao2024,EXP,Colony 11,11,11,BB554,,,False,False,False,True
Xiao2024,EXP,Colony 11,11,11,BB555,,,False,False,False,True
Xiao2024,EXP,Colony 11,11,11,BB556,,,False,False,False,True
Xiao2024,EXP,Colony 11,11,11,BB557,,,False,False,False,True
Xiao2024,EXP,Colony 11,11,11,BB558,,,False,False,False,True
Xiao2024,EXP,Colony 11,11,11,BB559,,,False,False,False,True
Xiao2024,EXP,Colony 11,11,11,BB560,,,False,False,False,True
Xiao2024,EXP,Colony 11,11,11,BB561,,,False,False,False,True
Xiao2024,EXP,Colony 11,11,11,BB562,,,False,False,False,True
Xiao2024,EXP,Colony 11,11,11,BB563,,,False,False,False,True
Xiao2024,EXP,Colony 11,11,11,BB564,,,False,False,False,True
Xiao2024,EXP,Colony 11,11,11,BB565,,,False,False,False,True
Xiao2024,EXP,Colony 11,11,11,BB566,,,False,False,False,True
Xiao2024,EXP,Colony 11,11,11,BB567,,,False,False,False,True
Xiao2024,EXP,Colony 11,11,11,BB568,,,False,False,False,True
Xiao2024,EXP,Colony 11,11,11,BB569,,,False,False,False,True
Xiao2024,EXP,Colony 11,11,11,BB570,,,False,False,False,True
Xiao2024,EXP,Colony 11,11,11,BB571,,,False,False,False,True
Xiao2024,EXP,Colony 11,11,11,BB572,,,False,False,False,True
Xiao2024,EXP,Colony 11,11,11,BB573,,,False,False,False,True
Xiao2024,EXP,Colony 11,11,11,BB574,,,False,False,False,True
Xiao2024,EXP,Colony 11,11,11,BB575,,,False,False,False,True
Xiao2024,EXP,Colony 11,11,11,BB576,,,False,False,False,True
Xiao2024,EXP,Colony 11,11,11,BB577,,,False,False,False,True
Xiao2024,EXP,Colony 11,11,11,BB578,,,False,False,False,True
Xiao2024,EXP,Colony 11,11,11,BB579,,,False,False,False,True
Xiao2024,EXP,Colony 11,11,11,BB580,,,False,False,False,True
Xiao2024,EXP,Colony 11,11,11,BB581,,,False,False,False,True
Xiao2024,EXP,Colony 11,11,11,BB582,,,False,False,False,True
Xiao2024,EXP,Colony 11,11,11,BB583,,,False,False,False,True
Xiao2024,EXP,Colony 11,11,11,BB584,,,False,False,False,True
Xiao2024,EXP,Colony 11,11,11,BB585,,,False,False,False,True
Xiao2024,EXP,Colony 11,11,11,BB586,,,False,False,False,True
Xiao2024,EXP,Colony 11,11,11,BB587,,,False,False,False,True
Xiao2024,EXP,Colony 11,11,11,BB588,,,False,False,False,True
Xiao2024,EXP,Colony 11,11,11,BB589,,,False,False,False,True
Xiao2024,EXP,Colony 11,11,11,BB590,,,False,False,False,True
Xiao2024,EXP,Colony 11,11,11,BB591,,,False,False,False,True
Xiao2024,EXP,Colony 11,11,11,BB592,,,False,False,False,True
Xiao2024,EXP,Colony 11,11,11,BB593,,,False,False,False,True
Xiao2024,EXP,Colony 11,11,11,BB594,,,False,False,False,True
Xiao2024,EXP,Colony 11,11,11,BB595,,,False,False,False,True
Xiao2024,EXP,Colony 11,11,11,BB596,,,False,False,False,True
Xiao2024,EXP,Colony 11,11,11,BB597,,,False,False,False,True
Xiao2024,EXP,Colony 11,11,11,BB598,,,False,False,False,True
Xiao2024,EXP,Colony 11,11,11,BB599,,,False,False,False,True
Xiao2024,EXP,Colony 11,11,11,BB600,,,False,False,False,True
Xiao2024,EXP,Colony 11,11,11,BB601,,,False,False,False,True
Xiao2024,EXP,Colony 11,11,11,BB602,,,False,False,False,True
Xiao2024,EXP,Colony 11,11,11,BB603,,,False,False,False,True
Xiao2024,EXP,Colony 11,11,11,BB604,,,False,False,False,True
Xiao2024,EXP,Colony 11,11,11,BB605,,,False,False,False,True
Xiao2024,EXP,Colony 11,11,11,BB606,,,False,False,False,True
Xiao2024,EXP,Colony 11,11,11,BB607,,,False,False,False,True
Xiao2024,EXP,Colony 11,11,11,BB608,,,False,False,False,True
Xiao2024,EXP,Colony 11,11,11,BB609,,,False,False,False,True
Xiao2024,EXP,Colony 11,11,11,BB610,,,False,False,False,True
Xiao2024,EXP,Colony 11,11,11,BB611,,,False,False,False,True
Xiao2024,EXP,Colony 11,11,11,BB612,,,False,False,False,True
Xiao2024,EXP,Colony 11,11,11,BB613,,,False,False,False,True
Xiao2024,EXP,Colony 11,11,11,BB614,,,False,False,False,True
Xiao2024,EXP,Colony 11,11,11,BB615,,,False,False,False,True
Xiao2024,EXP,Colony 11,11,11,BB616,,,False,False,False,True
Xiao2024,EXP,Colony 11,11,11,BB617,,,False,False,False,True
Xiao2024,EXP,Colony 11,11,11,BB618,,,False,False,False,True
Xiao2024,EXP,Colony 11,11,11,BB619,,,False,False,False,True
Xiao2024,EXP,Colony 11,11,11,BB620,,,False,False,False,True
Xiao2024,EXP,Colony 11,11,11,BB621,,,False,False,False,True
Xiao2024,EXP,Colony 11,11,11,BB622,,,False,False,False,True
Xiao2024,EXP,Colony 11,11,11,BB623,,,False,False,False,True
Xiao2024,EXP,Colony 11,11,11,BB624,,,False,False,False,True
Xiao2024,EXP,Colony 11,11,11,BB625,,,False,False,False,True
Xiao2024,EXP,Colony 11,11,11,BB626,,,False,False,False,True
Xiao2024,EXP,Colony 11,11,11,BB627,,,False,False,False,True
Xiao2024,EXP,Colony 11,11,11,BB628,,,False,False,False,True
Xiao2024,EXP,Colony 11,11,11,BB629,,,False,False,False,True
Xiao2024,EXP,Colony 11,11,11,BB630,,,False,False,False,True
Xiao2024,EXP,Colony 11,11,11,BB631,,,False,False,False,True
Xiao2024,EXP,Colony 11,11,11,BB632,,,False,False,False,True
Xiao2024,EXP,Colony 11,11,11,BB633,,,False,False,False,True
Xiao2024,EXP,Colony 11,11,11,BB634,,,False,False,False,True
Xiao2024,EXP,Colony 11,11,11,BB635,,,False,False,False,True
Xiao2024,EXP,Colony 11,11,11,BB636,,,False,False,False,True
Xiao2024,EXP,Colony 11,11,11,BB637,,,False,False,False,True
Xiao2024,EXP,Colony 11,11,11,BB638,,,False,False,False,True
Xiao2024,EXP,Colony 11,11,11,BB639,,,False,False,False,True
Xiao2024,EXP,Colony 11,11,11,BB640,,,False,False,False,True
Xiao2024,EXP,Colony 11,11,11,BB641,,,False,False,False,True
Xiao2024,EXP,Colony 11,11,11,BB642,,,False,False,False,True
Xiao2024,EXP,Colony 11,11,11,BB643,,,False,False,False,True
Xiao2024,EXP,Colony 11,11,11,BB644,,,False,False,False,True
Xiao2024,EXP,Colony 11,11,11,BB645,,,False,False,False,True
Xiao2024,EXP,Colony 11,11,11,BB646,,,False,False,False,True
Xiao2024,EXP,Colony 11,11,11,BB647,,,False,False,False,True
Xiao2024,EXP,Colony 11,11,11,BB648,,,False,False,False,True
Xiao2024,EXP,Colony 11,11,11,BB649,,,False,False,False,True
Xiao2024,EXP,Colony 11,11,11,BB650,,,False,False,False,True
Xiao2024,EXP,Colony 11,11,11,BB651,,,False,False,False,True
Xiao2024,EXP,Colony 11,11,11,BB652,,,False,False,False,True
Xiao2024,EXP,Colony 11,11,11,BB653,,,False,False,False,True
Xiao2024,EXP,Colony 11,11,11,BB654,,,False,False,False,True
Xiao2024,EXP,Colony 11,11,11,BB655,,,False,False,False,True
Xiao2024,EXP,Colony 11,11,11,BB656,,,False,False,False,True
Xiao2024,EXP,Colony 11,11,11,BB657,,,False,False,False,True
Xiao2024,EXP,Colony 11,11,11,BB658,,,False,False,False,True
Xiao2024,EXP,Colony 11,11,11,BB659,,,False,False,False,True
Xiao2024,EXP,Colony 11,11,11,BB660,,,False,False,False,True
Xiao2024,EXP,Colony 11,11,11,BB661,,,False,False,False,True
Xiao2024,EXP,Colony 11,11,11,BB662,,,False,False,False,True
Xiao2024,EXP,Colony 11,11,11,BB663,,,False,False,False,True
Xiao2024,EXP,Colony 11,11,11,BB664,,,False,False,False,True
Xiao2024,EXP,Colony 11,11,11,BB665,,,False,False,False,True
Xiao2024,EXP,Colony 11,11,11,BB666,,,False,False,False,True
Xiao2024,EXP,Colony 12,1,1,BG3,127,PP,True,True,True,False
Xiao2024,EXP,Colony 12,2,2,BG4,18,PP,True,True,False,True
Xiao2024,EXP,Colony 12,2,2,BG5,21,PP,True,True,False,True
Xiao2024,EXP,Colony 12,3,3,BG6,24,PP,True,True,False,True
Xiao2024,EXP,Colony 12,3,3,BG7,21,DP,True,True,False,True
Xiao2024,EXP,Colony 12,3,3,BG8,49,PP,True,True,False,True
Xiao2024,EXP,Colony 12,3,3,BG9,16,PP,True,True,False,True
Xiao2024,EXP,Colony 12,4,4,BG10,70,UP,True,True,False,True
Xiao2024,EXP,Colony 12,4,4,BG11,38,DP,True,True,False,True
Xiao2024,EXP,Colony 12,4,4,BG12,,,False,False,False,True
Xiao2024,EXP,Colony 12,4,4,BG13,25,DP,True,True,False,True
Xiao2024,EXP,Colony 12,4,4,BG14,22,PP,True,True,False,True
Xiao2024,EXP,Colony 12,4,4,BG15,24,PP,True,True,False,True
Xiao2024,EXP,Colony 12,4,4,BG16,19,PP,True,True,False,True
Xiao2024,EXP,Colony 12,4,4,BG17,15,PP,True,True,False,True
Xiao2024,EXP,Colony 12,5,5,BG18,,,False,False,False,True
Xiao2024,EXP,Colony 12,5,5,BG19,21,UU,True,True,False,True
Xiao2024,EXP,Colony 12,5,5,BG20,,,False,False,False,True
Xiao2024,EXP,Colony 12,5,5,BG21,46,UU,True,True,False,True
Xiao2024,EXP,Colony 12,5,5,BG22,,,False,False,False,True
Xiao2024,EXP,Colony 12,5,5,BG23,24,UD,True,True,False,True
Xiao2024,EXP,Colony 12,5,5,BG24,22,PP,True,True,False,True
Xiao2024,EXP,Colony 12,5,5,BG25,21,PP,True,True,False,True
Xiao2024,EXP,Colony 12,5,5,BG26,26,UU,True,True,False,True
Xiao2024,EXP,Colony 12,5,5,BG27,23,UU,True,True,False,True
Xiao2024,EXP,Colony 12,5,5,BG28,25,PP,True,True,False,True
Xiao2024,EXP,Colony 12,5,5,BG29,19,PP,True,True,False,True
Xiao2024,EXP,Colony 12,5,5,BG30,23,PP,True,True,False,True
Xiao2024,EXP,Colony 12,5,5,BG31,16,PP,True,True,False,True
Xiao2024,EXP,Colony 12,6,6,BG32,,,False,False,False,True
Xiao2024,EXP,Colony 12,6,6,BG33,,,False,False,False,True
Xiao2024,EXP,Colony 12,6,6,BG34,,,False,False,False,True
Xiao2024,EXP,Colony 12,6,6,BG35,,,False,False,False,True
Xiao2024,EXP,Colony 12,6,6,BG36,,,False,False,False,True
Xiao2024,EXP,Colony 12,6,6,BG37,,,False,False,False,True
Xiao2024,EXP,Colony 12,6,6,BG38,22,UU,True,True,False,True
Xiao2024,EXP,Colony 12,6,6,BG39,,,False,False,False,True
Xiao2024,EXP,Colony 12,6,6,BG40,21,UU,True,True,False,True
Xiao2024,EXP,Colony 12,6,6,BG41,,,False,False,False,True
Xiao2024,EXP,Colony 12,6,6,BG42,,,False,False,False,True
Xiao2024,EXP,Colony 12,6,6,BG43,,,False,False,False,True
Xiao2024,EXP,Colony 12,6,6,BG44,,,False,False,False,True
Xiao2024,EXP,Colony 12,6,6,BG45,,,False,False,False,True
Xiao2024,EXP,Colony 12,6,6,BG46,19,PP,True,True,False,True
Xiao2024,EXP,Colony 12,6,6,BG47,18,PP,True,True,False,True
Xiao2024,EXP,Colony 12,6,6,BG48,18,UP,True,True,False,True
Xiao2024,EXP,Colony 12,6,6,BG49,14,PP,True,True,False,True
Xiao2024,EXP,Colony 12,6,6,BG50,22,PP,True,True,False,True
Xiao2024,EXP,Colony 12,6,6,BG51,25,UU,True,True,False,True
Xiao2024,EXP,Colony 12,6,6,BG52,17,PP,True,True,False,True
Xiao2024,EXP,Colony 12,6,6,BG53,20,PP,True,True,False,True
Xiao2024,EXP,Colony 12,7,7,BG54,,,False,False,False,True
Xiao2024,EXP,Colony 12,7,7,BG55,,,False,False,False,True
Xiao2024,EXP,Colony 12,7,7,BG56,,,False,False,False,True
Xiao2024,EXP,Colony 12,7,7,BG57,,,False,False,False,True
Xiao2024,EXP,Colony 12,7,7,BG58,13,PP,True,True,False,True
Xiao2024,EXP,Colony 12,7,7,BG59,20,UU,True,True,False,True
Xiao2024,EXP,Colony 12,7,7,BG60,15,PP,True,True,False,True
Xiao2024,EXP,Colony 12,7,7,BG61,20,UU,True,True,False,True
Xiao2024,EXP,Colony 12,7,7,BG62,,,False,False,False,True
Xiao2024,EXP,Colony 12,7,7,BG63,18,PP,True,True,False,True
Xiao2024,EXP,Colony 12,7,7,BG64,23,PP,True,True,False,True
Xiao2024,EXP,Colony 12,7,7,BG65,18,PP,True,True,False,True
Xiao2024,EXP,Colony 12,7,7,BG66,27,UU,True,True,False,True
Xiao2024,EXP,Colony 12,7,7,BG67,31,UU,True,True,False,True
Xiao2024,EXP,Colony 12,7,7,BG68,,,False,False,False,True
Xiao2024,EXP,Colony 12,7,7,BG69,,,False,False,False,True
Xiao2024,EXP,Colony 12,7,7,BG70,19,PP,True,True,False,True
Xiao2024,EXP,Colony 12,7,7,BG71,16,PP,True,True,False,True
Xiao2024,EXP,Colony 12,7,7,BG72,15,PP,True,True,False,True
Xiao2024,EXP,Colony 12,7,7,BG73,17,PP,True,True,False,True
Xiao2024,EXP,Colony 12,8,8,BG74,23,UU,True,True,False,True
Xiao2024,EXP,Colony 12,8,8,BG75,18,UU,True,True,False,True
Xiao2024,EXP,Colony 12,8,8,BG76,,,False,False,False,True
Xiao2024,EXP,Colony 12,8,8,BG77,,,False,False,False,True
Xiao2024,EXP,Colony 12,8,8,BG78,20,UU,True,True,False,True
Xiao2024,EXP,Colony 12,8,8,BG79,14,UU,True,True,False,True
Xiao2024,EXP,Colony 12,8,8,BG80,,,False,False,False,True
Xiao2024,EXP,Colony 12,8,8,BG81,,,False,False,False,True
Xiao2024,EXP,Colony 12,8,8,BG82,20,UU,True,True,False,True
Xiao2024,EXP,Colony 12,8,8,BG83,19,UU,True,True,False,True
Xiao2024,EXP,Colony 12,8,8,BG84,21,UU,True,True,False,True
Xiao2024,EXP,Colony 12,8,8,BG85,22,UU,True,True,False,True
Xiao2024,EXP,Colony 12,8,8,BG86,20,UU,True,True,False,True
Xiao2024,EXP,Colony 12,8,8,BG87,28,UU,True,True,False,True
Xiao2024,EXP,Colony 12,8,8,BG88,,,False,False,False,True
Xiao2024,EXP,Colony 12,8,8,BG89,,,False,False,False,True
Xiao2024,EXP,Colony 12,8,8,BG90,,,False,False,False,True
Xiao2024,EXP,Colony 12,8,8,BG91,,,False,False,False,True
Xiao2024,EXP,Colony 12,8,8,BG92,19,UU,True,True,False,True
Xiao2024,EXP,Colony 12,8,8,BG93,21,UU,True,True,False,True
Xiao2024,EXP,Colony 12,8,8,BG94,17,UP,True,True,False,True
Xiao2024,EXP,Colony 12,8,8,BG95,22,UU,True,True,False,True
Xiao2024,EXP,Colony 12,8,8,BG96,20,UU,True,True,False,True
Xiao2024,EXP,Colony 12,8,8,BG97,28,UU,True,True,False,True
Xiao2024,EXP,Colony 12,8,8,BG98,29,UU,True,True,False,True
Xiao2024,EXP,Colony 12,8,8,BG99,18,UU,True,True,False,True
Xiao2024,EXP,Colony 12,9,9,BG100,,,False,False,False,True
Xiao2024,EXP,Colony 12,9,9,BG101,,,False,False,False,True
Xiao2024,EXP,Colony 12,9,9,BG102,,,False,False,False,True
Xiao2024,EXP,Colony 12,9,9,BG103,,,False,False,False,True
Xiao2024,EXP,Colony 12,9,9,BG104,,,False,False,False,True
Xiao2024,EXP,Colony 12,9,9,BG105,,,False,False,False,True
Xiao2024,EXP,Colony 12,9,9,BG106,,,False,False,False,True
Xiao2024,EXP,Colony 12,9,9,BG107,,,False,False,False,True
Xiao2024,EXP,Colony 12,9,9,BG108,,,False,False,False,True
Xiao2024,EXP,Colony 12,9,9,BG109,,,False,False,False,True
Xiao2024,EXP,Colony 12,9,9,BG110,,,False,False,False,True
Xiao2024,EXP,Colony 12,9,9,BG111,,,False,False,False,True
Xiao2024,EXP,Colony 12,9,9,BG112,,,False,False,False,True
Xiao2024,EXP,Colony 12,9,9,BG113,,,False,False,False,True
Xiao2024,EXP,Colony 12,9,9,BG114,,,False,False,False,True
Xiao2024,EXP,Colony 12,9,9,BG115,,,False,False,False,True
Xiao2024,EXP,Colony 12,9,9,BG116,,,False,False,False,True
Xiao2024,EXP,Colony 12,9,9,BG117,,,False,False,False,True
Xiao2024,EXP,Colony 12,9,9,BG118,,,False,False,False,True
Xiao2024,EXP,Colony 12,9,9,BG119,,,False,False,False,True
Xiao2024,EXP,Colony 12,9,9,BG120,,,False,False,False,True
Xiao2024,EXP,Colony 12,9,9,BG121,,,False,False,False,True
Xiao2024,EXP,Colony 12,9,9,BG122,,,False,False,False,True
Xiao2024,EXP,Colony 12,9,9,BG123,,,False,False,False,True
Xiao2024,EXP,Colony 12,9,9,BG124,,,False,False,False,True
Xiao2024,EXP,Colony 12,9,9,BG125,16,UU,True,True,False,True
Xiao2024,EXP,Colony 12,9,9,BG126,,,False,False,False,True
Xiao2024,EXP,Colony 12,9,9,BG127,,,False,False,False,True
Xiao2024,EXP,Colony 12,9,9,BG128,,,False,False,False,True
Xiao2024,EXP,Colony 12,9,9,BG129,,,False,False,False,True
Xiao2024,EXP,Colony 12,9,9,BG130,,,False,False,False,True
Xiao2024,EXP,Colony 12,9,9,BG131,,,False,False,False,True
Xiao2024,EXP,Colony 12,9,9,BG132,,,False,False,False,True
Xiao2024,EXP,Colony 12,9,9,BG133,,,False,False,False,True
Xiao2024,EXP,Colony 12,9,9,BG134,,,False,False,False,True
Xiao2024,EXP,Colony 12,9,9,BG135,,,False,False,False,True
Xiao2024,EXP,Colony 12,10,10,BG136,,,False,False,False,True
Xiao2024,EXP,Colony 12,10,10,BG137,,,False,False,False,True
Xiao2024,EXP,Colony 13,1,1,BL3,94,PP,True,True,True,False
Xiao2024,EXP,Colony 13,2,2,BL4,30,PP,True,True,False,True
Xiao2024,EXP,Colony 13,2,2,BL5,26,PP,True,True,False,True
Xiao2024,EXP,Colony 13,3,3,BL6,23,DU,True,True,False,True
Xiao2024,EXP,Colony 13,3,3,BL7,18,PP,True,True,False,True
Xiao2024,EXP,Colony 13,3,3,BL8,22,PP,True,True,False,True
Xiao2024,EXP,Colony 13,3,3,BL9,30,PP,True,True,False,True
Xiao2024,EXP,Colony 13,4,4,BL10,,,False,False,False,True
Xiao2024,EXP,Colony 13,4,4,BL11,,,False,False,False,True
Xiao2024,EXP,Colony 13,4,4,BL12,23,DD,True,True,False,True
Xiao2024,EXP,Colony 13,4,4,BL13,17,PP,True,True,False,True
Xiao2024,EXP,Colony 13,4,4,BL14,16,PP,True,True,False,True
Xiao2024,EXP,Colony 13,4,4,BL15,20,PP,True,True,False,True
Xiao2024,EXP,Colony 13,4,4,BL16,16,PP,True,True,False,True
Xiao2024,EXP,Colony 13,4,4,BL17,17,PU,True,True,False,True
Xiao2024,EXP,Colony 13,5,5,BL18,,,False,False,False,True
Xiao2024,EXP,Colony 13,5,5,BL19,,,False,False,False,True
Xiao2024,EXP,Colony 13,5,5,BL20,61,UU,True,True,False,True
Xiao2024,EXP,Colony 13,5,5,BL21,24,PP,True,True,False,True
Xiao2024,EXP,Colony 13,5,5,BL22,18,PP,True,True,False,True
Xiao2024,EXP,Colony 13,5,5,BL23,16,PP,True,True,False,True
Xiao2024,EXP,Colony 13,5,5,BL24,17,PP,True,True,False,True
Xiao2024,EXP,Colony 13,5,5,BL25,20,PP,True,True,False,True
Xiao2024,EXP,Colony 13,5,5,BL26,23,PP,True,True,False,True
Xiao2024,EXP,Colony 13,5,5,BL27,16,PP,True,True,False,True
Xiao2024,EXP,Colony 13,5,5,BL28,34,DD,True,True,False,True
Xiao2024,EXP,Colony 13,5,5,BL29,,,False,False,False,True
Xiao2024,EXP,Colony 13,6,6,BL30,,,False,False,False,True
Xiao2024,EXP,Colony 13,6,6,BL31,,,False,False,False,True
Xiao2024,EXP,Colony 13,6,6,BL32,20,PU,True,True,False,True
Xiao2024,EXP,Colony 13,6,6,BL33,21,PP,True,True,False,True
Xiao2024,EXP,Colony 13,6,6,BL34,22,PP,True,True,False,True
Xiao2024,EXP,Colony 13,6,6,BL35,21,PD,True,True,False,True
Xiao2024,EXP,Colony 13,6,6,BL36,25,PP,True,True,False,True
Xiao2024,EXP,Colony 13,6,6,BL37,18,UP,True,True,False,True
Xiao2024,EXP,Colony 13,6,6,BL38,19,PP,True,True,False,True
Xiao2024,EXP,Colony 13,6,6,BL39,20,PP,True,True,False,True
Xiao2024,EXP,Colony 13,6,6,BL40,22,PP,True,True,False,True
Xiao2024,EXP,Colony 13,6,6,BL41,21,PP,True,True,False,True
Xiao2024,EXP,Colony 13,6,6,BL42,53,UU,True,True,False,True
Xiao2024,EXP,Colony 13,6,6,BL43,34,UU,True,True,False,True
Xiao2024,EXP,Colony 13,6,6,BL44,27,PP,True,True,False,True
Xiao2024,EXP,Colony 13,6,6,BL45,28,PD,True,True,False,True
Xiao2024,EXP,Colony 13,6,6,BL46,,,False,False,False,True
Xiao2024,EXP,Colony 13,6,6,BL47,,,False,False,False,True
Xiao2024,EXP,Colony 13,7,7,BL48,28,PU,True,True,False,True
Xiao2024,EXP,Colony 13,7,7,BL49,,,False,False,False,True
Xiao2024,EXP,Colony 13,7,7,BL50,,,False,False,False,True
Xiao2024,EXP,Colony 13,7,7,BL51,34,UU,True,True,False,True
Xiao2024,EXP,Colony 13,7,7,BL52,33,UU,True,True,False,True
Xiao2024,EXP,Colony 13,7,7,BL53,,,False,False,False,True
Xiao2024,EXP,Colony 13,7,7,BL54,21,PP,True,True,False,True
Xiao2024,EXP,Colony 13,7,7,BL55,,,False,False,False,True
Xiao2024,EXP,Colony 13,7,7,BL56,54,UU,True,True,False,True
Xiao2024,EXP,Colony 13,7,7,BL57,,,False,False,False,True
Xiao2024,EXP,Colony 13,7,7,BL58,,,False,False,False,True
Xiao2024,EXP,Colony 13,7,7,BL59,21,PP,True,True,False,True
Xiao2024,EXP,Colony 13,7,7,BL60,35,PP,True,True,False,True
Xiao2024,EXP,Colony 13,7,7,BL61,32,PP,True,True,False,True
Xiao2024,EXP,Colony 13,7,7,BL62,28,PP,True,True,False,True
Xiao2024,EXP,Colony 13,7,7,BL63,40,UU,True,True,False,True
Xiao2024,EXP,Colony 13,7,7,BL64,,,False,False,False,True
Xiao2024,EXP,Colony 13,7,7,BL65,,,False,False,False,True
Xiao2024,EXP,Colony 13,7,7,BL66,,,False,False,False,True
Xiao2024,EXP,Colony 13,7,7,BL67,,,False,False,False,True
Xiao2024,EXP,Colony 13,7,7,BL68,,,False,False,False,True
Xiao2024,EXP,Colony 13,7,7,BL69,,,False,False,False,True
Xiao2024,EXP,Colony 13,7,7,BL70,,,False,False,False,True
Xiao2024,EXP,Colony 13,7,7,BL71,,,False,False,False,True
Xiao2024,EXP,Colony 13,7,7,BL72,22,PU,True,True,False,True
Xiao2024,EXP,Colony 13,7,7,BL73,25,PU,True,True,False,True
Xiao2024,EXP,Colony 13,7,7,BL74,43,UU,True,True,False,True
Xiao2024,EXP,Colony 13,7,7,BL75,,,False,False,False,True
Xiao2024,EXP,Colony 13,8,8,BL76,25,UU,True,True,False,True
Xiao2024,EXP,Colony 13,8,8,BL77,,,False,False,False,True
Xiao2024,EXP,Colony 13,8,8,BL78,,,False,False,False,True
Xiao2024,EXP,Colony 13,8,8,BL79,,,False,False,False,True
Xiao2024,EXP,Colony 13,8,8,BL80,,,False,False,False,True
Xiao2024,EXP,Colony 13,8,8,BL81,,,False,False,False,True
Xiao2024,EXP,Colony 13,8,8,BL82,,,False,False,False,True
Xiao2024,EXP,Colony 13,8,8,BL83,,,False,False,False,True
Xiao2024,EXP,Colony 13,8,8,BL84,31,UU,True,True,False,True
Xiao2024,EXP,Colony 13,8,8,BL85,35,UU,True,True,False,True
Xiao2024,EXP,Colony 13,8,8,BL86,,,False,False,False,True
Xiao2024,EXP,Colony 13,8,8,BL87,,,False,False,False,True
Xiao2024,EXP,Colony 13,8,8,BL88,,,False,False,False,True
Xiao2024,EXP,Colony 13,8,8,BL89,34,UU,True,True,False,True
Xiao2024,EXP,Colony 13,8,8,BL90,24,UU,True,True,False,True
Xiao2024,EXP,Colony 13,8,8,BL91,28,UU,True,True,False,True
Xiao2024,EXP,Colony 13,8,8,BL92,,,False,False,False,True
Xiao2024,EXP,Colony 13,8,8,BL93,,,False,False,False,True
Xiao2024,EXP,Colony 13,8,8,BL94,32,UU,True,True,False,True
Xiao2024,EXP,Colony 13,8,8,BL95,32,UU,True,True,False,True
Xiao2024,EXP,Colony 13,8,8,BL96,32,UU,True,True,False,True
Xiao2024,EXP,Colony 13,8,8,BL97,,,False,False,False,True
Xiao2024,EXP,Colony 13,8,8,BL98,,,False,False,False,True
Xiao2024,EXP,Colony 13,8,8,BL99,20,PP,True,True,False,True
Xiao2024,EXP,Colony 13,8,8,BL100,27,UU,True,True,False,True
Xiao2024,EXP,Colony 13,8,8,BL101,28,UU,True,True,False,True
Xiao2024,EXP,Colony 13,8,8,BL102,39,UU,True,True,False,True
Xiao2024,EXP,Colony 13,8,8,BL103,31,UU,True,True,False,True
Xiao2024,EXP,Colony 13,8,8,BL104,,,False,False,False,True
Xiao2024,EXP,Colony 13,8,8,BL105,,,False,False,False,True
Xiao2024,EXP,Colony 13,8,8,BL106,,,False,False,False,True
Xiao2024,EXP,Colony 13,8,8,BL107,,,False,False,False,True
Xiao2024,EXP,Colony 13,8,8,BL108,,,False,False,False,True
Xiao2024,EXP,Colony 13,9,9,BL109,,,False,False,False,True
Xiao2024,EXP,Colony 13,9,9,BL110,,,False,False,False,True
Xiao2024,EXP,Colony 13,9,9,BL111,,,False,False,False,True
Xiao2024,EXP,Colony 13,9,9,BL112,,,False,False,False,True
Xiao2024,EXP,Colony 13,9,9,BL113,,,False,False,False,True
Xiao2024,EXP,Colony 13,9,9,BL114,,,False,False,False,True
Xiao2024,EXP,Colony 13,9,9,BL115,,,False,False,False,True
Xiao2024,EXP,Colony 13,9,9,BL116,,,False,False,False,True
Xiao2024,EXP,Colony 13,9,9,BL117,,,False,False,False,True
Xiao2024,EXP,Colony 13,9,9,BL118,,,False,False,False,True
Xiao2024,EXP,Colony 13,9,9,BL119,,,False,False,False,True
Xiao2024,EXP,Colony 13,9,9,BL120,,,False,False,False,True
Xiao2024,EXP,Colony 13,9,9,BL121,,,False,False,False,True
Xiao2024,EXP,Colony 13,9,9,BL122,,,False,False,False,True
Xiao2024,EXP,Colony 13,9,9,BL123,,,False,False,False,True
Xiao2024,EXP,Colony 13,9,9,BL124,,,False,False,False,True
Xiao2024,EXP,Colony 13,9,9,BL125,,,False,False,False,True
Xiao2024,EXP,Colony 13,9,9,BL126,,,False,False,False,True
Xiao2024,EXP,Colony 13,9,9,BL127,18,UU,True,True,False,True
Xiao2024,EXP,Colony 13,9,9,BL128,19,UU,True,True,False,True
Xiao2024,EXP,Colony 13,9,9,BL129,,,False,False,False,True
Xiao2024,EXP,Colony 13,9,9,BL130,,,False,False,False,True
Xiao2024,EXP,Colony 13,9,9,BL131,,,False,False,False,True
Xiao2024,EXP,Colony 13,9,9,BL132,,,False,False,False,True
Xiao2024,EXP,Colony 13,9,9,BL133,,,False,False,False,True
Xiao2024,EXP,Colony 13,9,9,BL134,,,False,False,False,True
Xiao2024,EXP,Colony 13,9,9,BL135,,,False,False,False,True
Xiao2024,EXP,Colony 13,9,9,BL136,,,False,False,False,True
Xiao2024,EXP,Colony 13,9,9,BL137,,,False,False,False,True
Xiao2024,EXP,Colony 13,10,10,BL138,,,False,False,False,True
Xiao2024,EXP,Colony 13,10,10,BL139,,,False,False,False,True
Xiao2024,EXP,Colony 13,10,10,BL140,,,False,False,False,True
Xiao2024,EXP,Colony 13,10,10,BL141,,,False,False,False,True
Xiao2024,DIF,Colony 1,1,1,D3,79,PP,True,True,True,False
Xiao2024,DIF,Colony 1,2,2,D4,36,PP,True,True,False,True
Xiao2024,DIF,Colony 1,2,2,D5,31,PP,True,True,False,True
Xiao2024,DIF,Colony 1,3,3,D6,91,PD,True,True,False,True
Xiao2024,DIF,Colony 1,3,3,D7,53,PD,True,True,False,True
Xiao2024,DIF,Colony 1,3,3,D8,25,DD,True,True,False,True
Xiao2024,DIF,Colony 1,3,3,D9,26,PD,True,True,False,True
Xiao2024,DIF,Colony 1,4,4,D10,,,False,False,False,True
Xiao2024,DIF,Colony 1,4,4,D11,,,False,False,False,True
Xiao2024,DIF,Colony 1,4,4,D12,,,False,False,False,True
Xiao2024,DIF,Colony 1,4,4,D13,58,UU,True,True,False,True
Xiao2024,DIF,Colony 1,4,4,D14,,,False,False,False,True
Xiao2024,DIF,Colony 1,4,4,D15,,,False,False,False,True
Xiao2024,DIF,Colony 1,4,4,D16,41,PP,True,True,False,True
Xiao2024,DIF,Colony 1,4,4,D17,,,False,False,False,True
Xiao2024,DIF,Colony 1,5,5,D18,,,False,False,False,True
Xiao2024,DIF,Colony 1,5,5,D19,,,False,False,False,True
Xiao2024,DIF,Colony 1,5,5,D20,61,UU,True,True,False,True
Xiao2024,DIF,Colony 1,5,5,D21,61,UU,True,True,False,True
Xiao2024,DIF,Colony 1,6,6,D22,,,False,False,False,True
Xiao2024,DIF,Colony 1,6,6,D23,,,False,False,False,True
Xiao2024,DIF,Colony 1,6,6,D24,,,False,False,False,True
Xiao2024,DIF,Colony 1,6,6,D25,,,False,False,False,True
Xiao2024,DIF,Colony 2,1,1,I3,75,PP,True,True,True,False
Xiao2024,DIF,Colony 2,2,2,I4,76,DD,True,True,False,True
Xiao2024,DIF,Colony 2,2,2,I5,44,BD,True,False,False,True
Xiao2024,DIF,Colony 2,3,3,I6,,,False,False,False,True
Xiao2024,DIF,Colony 2,3,3,I7,,,False,False,False,True
Xiao2024,DIF,Colony 2,3,3,I8,,,False,False,False,True
Xiao2024,DIF,Colony 2,3,3,I9,,,False,False,False,True
Xiao2024,DIF,Colony 3,1,1,N3,157,DD,True,True,True,False
Xiao2024,DIF,Colony 3,2,2,N4,,,False,False,False,True
Xiao2024,DIF,Colony 3,2,2,N5,,,False,False,False,True
Xiao2024,DIF,Colony 4,1,1,S3,77,PD,True,True,True,False
Xiao2024,DIF,Colony 4,2,2,S4,,,False,False,False,True
Xiao2024,DIF,Colony 4,2,2,S5,73,DD,True,True,False,True
Xiao2024,DIF,Colony 4,3,3,S6,,,False,False,False,True
Xiao2024,DIF,Colony 4,3,3,S7,,,False,False,False,True
Xiao2024,DIF,Colony 5,1,1,X3,67,PP,True,True,True,False
Xiao2024,DIF,Colony 5,2,2,X4,30,DD,True,True,False,True
Xiao2024,DIF,Colony 5,2,2,X5,67,PD,True,True,False,True
Xiao2024,DIF,Colony 5,3,3,X6,,,False,False,False,True
Xiao2024,DIF,Colony 5,3,3,X7,,,False,False,False,True
Xiao2024,DIF,Colony 5,3,3,X8,,,False,False,False,True
Xiao2024,DIF,Colony 5,3,3,X9,51,DD,True,True,False,True
Xiao2024,DIF,Colony 5,4,4,X10,,,False,False,False,True
Xiao2024,DIF,Colony 5,4,4,X11,,,False,False,False,True
Xiao2024,DIF,Colony 6,1,1,AC3,107,PP,True,True,True,False
Xiao2024,DIF,Colony 6,2,2,AC4,46,DD,True,True,False,True
Xiao2024,DIF,Colony 6,2,2,AC5,77,DD,True,True,False,True
Xiao2024,DIF,Colony 6,3,3,AC6,,,False,False,False,True
Xiao2024,DIF,Colony 6,3,3,AC7,,,False,False,False,True
Xiao2024,DIF,Colony 6,3,3,AC8,,,False,False,False,True
Xiao2024,DIF,Colony 6,3,3,AC9,,,False,False,False,True
Xiao2024,DIF,Colony 7,1,1,AH3,79,PP,True,True,True,False
Xiao2024,DIF,Colony 7,2,2,AH4,26,DD,True,True,False,True
Xiao2024,DIF,Colony 7,2,2,AH5,25,PP,True,True,False,True
Xiao2024,DIF,Colony 7,3,3,AH6,36,Bd,True,False,False,True
Xiao2024,DIF,Colony 7,3,3,AH7,40,Bd,True,False,False,True
Xiao2024,DIF,Colony 7,3,3,AH8,37,PP,True,True,False,True
Xiao2024,DIF,Colony 7,3,3,AH9,33,PP,True,True,False,True
Xiao2024,DIF,Colony 7,4,4,AH10,19,PD,True,True,False,True
Xiao2024,DIF,Colony 7,4,4,AH11,23,PP,True,True,False,True
Xiao2024,DIF,Colony 7,4,4,AH12,49,PD,True,True,False,True
Xiao2024,DIF,Colony 7,4,4,AH13,43,PD,True,True,False,True
Xiao2024,DIF,Colony 7,5,5,AH14,,,False,False,False,True
Xiao2024,DIF,Colony 7,5,5,AH15,48,PP,True,True,False,True
Xiao2024,DIF,Colony 7,5,5,AH16,26,DD,True,True,False,True
Xiao2024,DIF,Colony 7,5,5,AH17,31,Bd,True,False,False,True
Xiao2024,DIF,Colony 7,5,5,AH18,56,UU,True,True,False,True
Xiao2024,DIF,Colony 7,5,5,AH19,,,False,False,False,True
Xiao2024,DIF,Colony 7,5,5,AH20,41,Bd,True,False,False,True
Xiao2024,DIF,Colony 7,5,5,AH21,,,False,False,False,True
Xiao2024,DIF,Colony 7,6,6,AH22,47,UU,True,True,False,True
Xiao2024,DIF,Colony 7,6,6,AH23,31,UU,True,True,False,True
Xiao2024,DIF,Colony 7,6,6,AH24,,,False,False,False,True
Xiao2024,DIF,Colony 7,6,6,AH25,,,False,False,False,True
Xiao2024,DIF,Colony 7,6,6,AH26,,,False,False,False,True
Xiao2024,DIF,Colony 7,6,6,AH27,,,False,False,False,True
Xiao2024,DIF,Colony 7,7,7,AH28,,,False,False,False,True
Xiao2024,DIF,Colony 7,7,7,AH29,,,False,False,False,True
Xiao2024,DIF,Colony 7,7,7,AH30,,,False,False,False,True
Xiao2024,DIF,Colony 7,7,7,AH31,,,False,False,False,True
Xiao2024,DIF,Colony 8,1,1,AM3,112,PP,True,True,True,False
Xiao2024,DIF,Colony 8,2,2,AM4,39,PD,True,True,False,True
Xiao2024,DIF,Colony 8,2,2,AM5,36,DD,True,True,False,True
Xiao2024,DIF,Colony 8,3,3,AM6,24,PD,True,True,False,True
Xiao2024,DIF,Colony 8,3,3,AM7,,,False,False,False,True
Xiao2024,DIF,Colony 8,3,3,AM8,,,False,False,False,True
Xiao2024,DIF,Colony 8,3,3,AM9,,,False,False,False,True
Xiao2024,DIF,Colony 8,4,4,AM10,,,False,False,False,True
Xiao2024,DIF,Colony 8,4,4,AM11,41,DD,True,True,False,True
Xiao2024,DIF,Colony 8,5,5,AM12,,,False,False,False,True
Xiao2024,DIF,Colony 8,5,5,AM13,,,False,False,False,True
Xiao2024,DIF,Colony 9,1,1,AR3,131,PP,True,True,True,False
Xiao2024,DIF,Colony 9,2,2,AR4,27,DD,True,True,False,True
Xiao2024,DIF,Colony 9,2,2,AR5,21,PP,True,True,False,True
Xiao2024,DIF,Colony 9,3,3,AR6,,,False,False,False,True
Xiao2024,DIF,Colony 9,3,3,AR7,,,False,False,False,True
Xiao2024,DIF,Colony 9,3,3,AR8,51,PD,True,True,False,True
Xiao2024,DIF,Colony 9,3,3,AR9,62,PD,True,True,False,True
Xiao2024,DIF,Colony 9,4,4,AR10,,,False,False,False,True
Xiao2024,DIF,Colony 9,4,4,AR11,36,Bd,True,False,False,True
Xiao2024,DIF,Colony 9,4,4,AR12,47,UU,True,True,False,True
Xiao2024,DIF,Colony 9,4,4,AR13,,,False,False,False,True
Xiao2024,DIF,Colony 9,5,5,AR14,,,False,False,False,True
Xiao2024,DIF,Colony 9,5,5,AR15,,,False,False,False,True
Xiao2024,DIF,Colony 10,1,1,AW3,183,PD,True,True,True,False
Xiao2024,DIF,Colony 10,2,2,AW4,,,False,False,False,True
Xiao2024,DIF,Colony 10,2,2,AW5,62,UU,True,True,False,True
Xiao2024,DIF,Colony 10,3,3,AW6,,,False,False,False,True
Xiao2024,DIF,Colony 10,3,3,AW7,,,False,False,False,True
Xiao2024,DIF,Colony 11,1,1,BB3,77,PP,True,True,True,False
Xiao2024,DIF,Colony 11,2,2,BB4,44,DD,True,True,False,True
Xiao2024,DIF,Colony 11,2,2,BB5,56,PP,True,True,False,True
Xiao2024,DIF,Colony 11,3,3,BB6,,,False,False,False,True
Xiao2024,DIF,Colony 11,3,3,BB7,,,False,False,False,True
Xiao2024,DIF,Colony 11,3,3,BB8,23,PP,True,True,False,True
Xiao2024,DIF,Colony 11,3,3,BB9,23,PP,True,True,False,True
Xiao2024,DIF,Colony 11,4,4,BB10,27,PD,True,True,False,True
Xiao2024,DIF,Colony 11,4,4,BB11,30,DU,True,True,False,True
Xiao2024,DIF,Colony 11,4,4,BB12,29,PP,True,True,False,True
Xiao2024,DIF,Colony 11,4,4,BB13,30,DU,True,True,False,True
Xiao2024,DIF,Colony 11,5,5,BB14,37,Bd,True,False,False,True
Xiao2024,DIF,Colony 11,5,5,BB15,53,UU,True,True,False,True
Xiao2024,DIF,Colony 11,5,5,BB16,,,False,False,False,True
Xiao2024,DIF,Colony 11,5,5,BB17,,,False,False,False,True
Xiao2024,DIF,Colony 11,5,5,BB18,34,PP,True,True,False,True
Xiao2024,DIF,Colony 11,5,5,BB19,33,UU,True,True,False,True
Xiao2024,DIF,Colony 11,5,5,BB20,,,False,False,False,True
Xiao2024,DIF,Colony 11,5,5,BB21,,,False,False,False,True
Xiao2024,DIF,Colony 11,6,6,BB22,,,False,False,False,True
Xiao2024,DIF,Colony 11,6,6,BB23,,,False,False,False,True
Xiao2024,DIF,Colony 11,6,6,BB24,38,UU,True,True,False,True
Xiao2024,DIF,Colony 11,6,6,BB25,29,UU,True,True,False,True
Xiao2024,DIF,Colony 11,6,6,BB26,,,False,False,False,True
Xiao2024,DIF,Colony 11,6,6,BB27,,,False,False,False,True
Xiao2024,DIF,Colony 11,7,7,BB28,,,False,False,False,True
Xiao2024,DIF,Colony 11,7,7,BB29,,,False,False,False,True
Xiao2024,DIF,Colony 11,7,7,BB30,,,False,False,False,True
Xiao2024,DIF,Colony 11,7,7,BB31,,,False,False,False,True
Xiao2024,DIF,Colony 12,1,1,BG3,67,PP,True,True,True,False
Xiao2024,DIF,Colony 12,2,2,BG4,37,PD,True,True,False,True
Xiao2024,DIF,Colony 12,2,2,BG5,33,PP,True,True,False,True
Xiao2024,DIF,Colony 12,3,3,BG6,,,False,False,False,True
Xiao2024,DIF,Colony 12,3,3,BG7,36,PP,True,True,False,True
Xiao2024,DIF,Colony 12,3,3,BG8,33,PP,True,True,False,True
Xiao2024,DIF,Colony 12,3,3,BG9,45,PP,True,True,False,True
Xiao2024,DIF,Colony 12,4,4,BG10,39,PD,True,True,False,True
Xiao2024,DIF,Colony 12,4,4,BG11,36,PD,True,True,False,True
Xiao2024,DIF,Colony 12,4,4,BG12,23,PP,True,True,False,True
Xiao2024,DIF,Colony 12,4,4,BG13,28,PP,True,True,False,True
Xiao2024,DIF,Colony 12,4,4,BG14,88,PU,True,True,False,True
Xiao2024,DIF,Colony 12,4,4,BG15,73,Bd,True,False,False,True
Xiao2024,DIF,Colony 12,5,5,BG16,52,Bd,True,False,False,True
Xiao2024,DIF,Colony 12,5,5,BG17,28,DU,True,True,False,True
Xiao2024,DIF,Colony 12,5,5,BG18,39,Bd,True,False,False,True
Xiao2024,DIF,Colony 12,5,5,BG19,37,DD,True,True,False,True
Xiao2024,DIF,Colony 12,5,5,BG20,25,PD,True,True,False,True
Xiao2024,DIF,Colony 12,5,5,BG21,19,PP,True,True,False,True
Xiao2024,DIF,Colony 12,5,5,BG22,20,PD,True,True,False,True
Xiao2024,DIF,Colony 12,5,5,BG23,35,PP,True,True,False,True
Xiao2024,DIF,Colony 12,5,5,BG24,25,UU,True,True,False,True
Xiao2024,DIF,Colony 12,5,5,BG25,,,False,False,False,True
Xiao2024,DIF,Colony 12,6,6,BG26,,,False,False,False,True
Xiao2024,DIF,Colony 12,6,6,BG27,,,False,False,False,True
Xiao2024,DIF,Colony 12,6,6,BG28,,,False,False,False,True
Xiao2024,DIF,Colony 12,6,6,BG29,,,False,False,False,True
Xiao2024,DIF,Colony 12,6,6,BG30,23,PP,True,True,False,True
Xiao2024,DIF,Colony 12,6,6,BG31,,,False,False,False,True
Xiao2024,DIF,Colony 12,6,6,BG32,33,PP,True,True,False,True
Xiao2024,DIF,Colony 12,6,6,BG33,35,PP,True,True,False,True
Xiao2024,DIF,Colony 12,6,6,BG34,20,PD,True,True,False,True
Xiao2024,DIF,Colony 12,6,6,BG35,,,False,False,False,True
Xiao2024,DIF,Colony 12,6,6,BG36,55,UU,True,True,False,True
Xiao2024,DIF,Colony 12,6,6,BG37,67,UU,True,True,False,True
Xiao2024,DIF,Colony 12,6,6,BG38,,,False,False,False,True
Xiao2024,DIF,Colony 12,6,6,BG39,,,False,False,False,True
Xiao2024,DIF,Colony 12,7,7,BG40,,,False,False,False,True
Xiao2024,DIF,Colony 12,7,7,BG41,,,False,False,False,True
Xiao2024,DIF,Colony 12,7,7,BG42,,,False,False,False,True
Xiao2024,DIF,Colony 12,7,7,BG43,,,False,False,False,True
Xiao2024,DIF,Colony 12,7,7,BG44,,,False,False,False,True
Xiao2024,DIF,Colony 12,7,7,BG45,,,False,False,False,True
Xiao2024,DIF,Colony 12,7,7,BG46,,,False,False,False,True
Xiao2024,DIF,Colony 12,7,7,BG47,,,False,False,False,True
Xiao2024,DIF,Colony 12,7,7,BG48,,,False,False,False,True
Xiao2024,DIF,Colony 13,1,1,BL3,,PD,False,False,True,False
Xiao2024,DIF,Colony 13,2,2,BL4,56,DD,True,True,False,True
Xiao2024,DIF,Colony 13,2,2,BL5,,,False,False,False,True
Xiao2024,DIF,Colony 13,3,3,BL6,,,False,False,False,True
Xiao2024,DIF,Colony 13,3,3,BL7,,,False,False,False,True
Xiao2024,DIF,Colony 14,1,1,BQ3,96,PP,True,True,True,False
Xiao2024,DIF,Colony 14,2,2,BQ4,33,PD,True,True,False,True
Xiao2024,DIF,Colony 14,2,2,BQ5,19,PP,True,True,False,True
Xiao2024,DIF,Colony 14,3,3,BQ6,,,False,False,False,True
Xiao2024,DIF,Colony 14,3,3,BQ7,,,False,False,False,True
Xiao2024,DIF,Colony 14,3,3,BQ8,,,False,False,False,True
Xiao2024,DIF,Colony 14,3,3,BQ9,30,PP,True,True,False,True
Xiao2024,DIF,Colony 14,4,4,BQ10,17,PD,True,True,False,True
Xiao2024,DIF,Colony 14,4,4,BQ11,29,PP,True,True,False,True
Xiao2024,DIF,Colony 14,5,5,BQ12,,,False,False,False,True
Xiao2024,DIF,Colony 14,5,5,BQ13,18,DU,True,True,False,True
Xiao2024,DIF,Colony 14,5,5,BQ14,21,PD,True,True,False,True
Xiao2024,DIF,Colony 14,5,5,BQ15,,,False,False,False,True
Xiao2024,DIF,Colony 14,6,6,BQ16,,,False,False,False,True
Xiao2024,DIF,Colony 14,6,6,BQ17,,,False,False,False,True
Xiao2024,DIF,Colony 14,6,6,BQ18,,,False,False,False,True
Xiao2024,DIF,Colony 15,1,1,BV3,77,PP,True,True,True,False
Xiao2024,DIF,Colony 15,2,2,BV4,73,DU,True,True,False,True
Xiao2024,DIF,Colony 15,2,2,BV5,39,PP,True,True,False,True
Xiao2024,DIF,Colony 15,3,3,BV6,,,False,False,False,True
Xiao2024,DIF,Colony 15,3,3,BV7,27,PP,True,True,False,True
Xiao2024,DIF,Colony 15,3,3,BV8,24,PP,True,True,False,True
Xiao2024,DIF,Colony 15,4,4,BV9,37,PD,True,True,False,True
Xiao2024,DIF,Colony 15,4,4,BV10,27,PP,True,True,False,True
Xiao2024,DIF,Colony 15,5,5,BV11,,,False,False,False,True
Xiao2024,DIF,Colony 15,5,5,BV12,22,DD,True,True,False,True
Xiao2024,DIF,Colony 15,5,5,BV13,30,PD,True,True,False,True
Xiao2024,DIF,Colony 15,6,6,BV14,,,False,False,False,True
Xiao2024,DIF,Colony 15,6,6,BV15,,,False,False,False,True
Xiao2024,DIF,Colony 15,6,6,BV16,,,False,False,False,True
Xiao2024,DIF,Colony 16,1,1,CA3,123,DD,True,True,True,False
Xiao2024,DIF,Colony 16,2,2,CA4,,,False,False,False,True
Xiao2024,DIF,Colony 16,2,2,CA5,,,False,False,False,True
Xiao2024,DIF,Colony 17,1,1,CF3,105,PP,True,True,True,False
Xiao2024,DIF,Colony 17,2,2,CF4,,,False,False,False,True
Xiao2024,DIF,Colony 17,2,2,CF5,41,PD,True,True,False,True
Xiao2024,DIF,Colony 17,3,3,CF6,,,False,False,False,True
Xiao2024,DIF,Colony 17,3,3,CF7,,,False,False,False,True
Xiao2024,DIF,Colony 17,3,3,CF8,24,PP,True,True,False,True
Xiao2024,DIF,Colony 17,4,4,CF9,43,DD,True,True,False,True
Xiao2024,DIF,Colony 17,4,4,CF10,,,False,False,False,True
Xiao2024,DIF,Colony 17,5,5,CF11,,,False,False,False,True
Xiao2024,DIF,Colony 17,5,5,CF12,,,False,False,False,True
Xiao2024,DIF,Colony 17,5,5,CF13,,,False,False,False,True
Xiao2024,DIF,Colony 18,1,1,CK3,232,UU,True,True,True,False
Xiao2024,DIF,Colony 18,2,2,CK4,,,False,False,False,True
Xiao2024,DIF,Colony 18,2,2,CK5,,,False,False,False,True
Xiao2024,DIF,Colony 19,1,1,CP3,178,DD,True,True,True,False
Xiao2024,DIF,Colony 19,2,2,CP4,,,False,False,False,True
Xiao2024,DIF,Colony 19,2,2,CP5,,,False,False,False,True
Xiao2024,DIF,Colony 20,1,1,CU3,70,PP,True,True,True,False
Xiao2024,DIF,Colony 20,2,2,CU4,50,DD,True,True,False,True
Xiao2024,DIF,Colony 20,2,2,CU5,55,PP,True,True,False,True
Xiao2024,DIF,Colony 20,3,3,CU6,,,False,False,False,True
Xiao2024,DIF,Colony 20,3,3,CU7,,,False,False,False,True
Xiao2024,DIF,Colony 20,3,3,CU8,34,PD,True,True,False,True
Xiao2024,DIF,Colony 20,3,3,CU9,33,PD,True,True,False,True
Xiao2024,DIF,Colony 20,4,4,CU10,,,False,False,False,True
Xiao2024,DIF,Colony 20,4,4,CU11,26,PD,True,True,False,True
Xiao2024,DIF,Colony 20,4,4,CU12,,,False,False,False,True
Xiao2024,DIF,Colony 20,4,4,CU13,,,False,False,False,True
Xiao2024,DIF,Colony 20,5,5,CU14,,,False,False,False,True
Xiao2024,DIF,Colony 20,5,5,CU15,68,UU,True,True,False,True
Xiao2024,DIF,Colony 20,5,5,CU16,,,False,False,False,True
Xiao2024,DIF,Colony 20,6,6,CU17,,,False,False,False,True
Xiao2024,DIF,Colony 20,6,6,CU18,,,False,False,False,True
Xiao2024,DIF,Colony 21,1,1,CZ3,81,PP,True,True,True,False
Xiao2024,DIF,Colony 21,2,2,CZ4,19,PD,True,True,False,True
Xiao2024,DIF,Colony 21,2,2,CZ5,19,DD,True,True,False,True
Xiao2024,DIF,Colony 21,3,3,CZ6,,,False,False,False,True
Xiao2024,DIF,Colony 21,3,3,CZ7,27,DD,True,True,False,True
Xiao2024,DIF,Colony 21,3,3,CZ8,,,False,False,False,True
Xiao2024,DIF,Colony 21,3,3,CZ9,,,False,False,False,True
Xiao2024,DIF,Colony 21,4,4,CZ10,,,False,False,False,True
Xiao2024,DIF,Colony 21,4,4,CZ11,,,False,False,False,True
Xiao2024,DIF,Colony 22,1,1,DE3,95,PP,True,True,True,False
Xiao2024,DIF,Colony 22,2,2,DE4,45,PD,True,True,False,True
Xiao2024,DIF,Colony 22,2,2,DE5,45,PU,True,True,False,True
Xiao2024,DIF,Colony 22,3,3,DE6,27,PP,True,True,False,True
Xiao2024,DIF,Colony 22,3,3,DE7,,,False,False,False,True
Xiao2024,DIF,Colony 22,3,3,DE8,25,PP,True,True,False,True
Xiao2024,DIF,Colony 22,4,4,DE9,,,False,False,False,True
Xiao2024,DIF,Colony 22,4,4,DE10,,,False,False,False,True
Xiao2024,DIF,Colony 22,4,4,DE11,,,False,False,False,True
Xiao2024,DIF,Colony 22,4,4,DE12,27,UU,True,True,False,True
Xiao2024,DIF,Colony 22,4,4,DE13,,,False,False,False,True
Xiao2024,DIF,Colony 22,5,5,DE14,,,False,False,False,True
Xiao2024,DIF,Colony 22,5,5,DE15,,,False,False,False,True
Xiao2024,DIF,Colony 22,5,5,DE16,,,False,False,False,True
Xiao2024,DIF,Colony 23,1,1,DJ3,102,PP,True,True,True,False
Xiao2024,DIF,Colony 23,2,2,DJ4,37,PP,True,True,False,True
Xiao2024,DIF,Colony 23,2,2,DJ5,32,PP,True,True,False,True
Xiao2024,DIF,Colony 23,3,3,DJ6,37,DD,True,True,False,True
Xiao2024,DIF,Colony 23,3,3,DJ7,,,False,False,False,True
Xiao2024,DIF,Colony 23,3,3,DJ8,33,PD,True,True,False,True
Xiao2024,DIF,Colony 23,3,3,DJ9,28,PP,True,True,False,True
Xiao2024,DIF,Colony 23,4,4,DJ10,,,False,False,False,True
Xiao2024,DIF,Colony 23,4,4,DJ11,,,False,False,False,True
Xiao2024,DIF,Colony 23,4,4,DJ12,,,False,False,False,True
Xiao2024,DIF,Colony 23,4,4,DJ13,,,False,False,False,True
Xiao2024,DIF,Colony 23,4,4,DJ14,27,PD,True,True,False,True
Xiao2024,DIF,Colony 23,4,4,DJ15,60,UU,True,True,False,True
Xiao2024,DIF,Colony 23,5,5,DJ16,72,UU,True,True,False,True
Xiao2024,DIF,Colony 23,5,5,DJ17,,,False,False,False,True
Xiao2024,DIF,Colony 23,5,5,DJ18,,,False,False,False,True
Xiao2024,DIF,Colony 23,5,5,DJ19,,,False,False,False,True
Xiao2024,DIF,Colony 23,6,6,DJ20,,,False,False,False,True
Xiao2024,DIF,Colony 23,6,6,DJ21,,,False,False,False,True
Xiao2024,DIF,Colony 24,1,1,DO3,153,DD,True,True,True,False
Xiao2024,DIF,Colony 24,2,2,DO4,,,False,False,False,True
Xiao2024,DIF,Colony 24,2,2,DO5,,,False,False,False,True
Xiao2024,DIF,Colony 25,1,1,DT3,43,PD,True,True,True,False
Xiao2024,DIF,Colony 25,2,2,DT4,63,DD,True,True,False,True
Xiao2024,DIF,Colony 25,2,2,DT5,,,False,False,False,True
Xiao2024,DIF,Colony 25,3,3,DT6,,,False,False,False,True
Xiao2024,DIF,Colony 25,3,3,DT7,,,False,False,False,True
Xiao2024,DIF,Colony 26,1,1,DY3,146,PP,True,True,True,False
Xiao2024,DIF,Colony 26,2,2,DY4,104,DD,True,True,False,True
Xiao2024,DIF,Colony 26,2,2,DY5,,,False,False,False,True
Xiao2024,DIF,Colony 26,3,3,DY6,,,False,False,False,True
Xiao2024,DIF,Colony 26,3,3,DY7,,,False,False,False,True
Xiao2024,DIF,Colony 27,1,1,ED3,174,P,True,False,True,False
Xiao2024,DIF,Colony 27,2,2,ED4,,,False,False,False,True
Xiao2024,DIF,Colony 27,2,2,ED5,,,False,False,False,True
Xiao2024,DIF,Colony 27,3,3,ED6,,,False,False,False,True
Xiao2024,DIF,Colony 28,1,1,EI3,85,PD,True,True,True,False
Xiao2024,DIF,Colony 28,2,2,EI4,,,False,False,False,True
Xiao2024,DIF,Colony 28,2,2,EI5,51,PP,True,True,False,True
Xiao2024,DIF,Colony 28,3,3,EI6,26,PD,True,True,False,True
Xiao2024,DIF,Colony 28,3,3,EI7,30,PP,True,True,False,True
Xiao2024,DIF,Colony 28,4,4,EI8,43,PD,True,True,False,True
Xiao2024,DIF,Colony 28,4,4,EI9,,,False,False,False,True
Xiao2024,DIF,Colony 28,4,4,EI10,20,PD,True,True,False,True
Xiao2024,DIF,Colony 28,4,4,EI11,36,PD,True,True,False,True
Xiao2024,DIF,Colony 28,5,5,EI12,,,False,False,False,True
Xiao2024,DIF,Colony 28,5,5,EI13,,,False,False,False,True
Xiao2024,DIF,Colony 28,5,5,EI14,,,False,False,False,True
Xiao2024,DIF,Colony 28,5,5,EI15,66,UU,True,True,False,True
Xiao2024,DIF,Colony 28,5,5,EI16,,,False,False,False,True
Xiao2024,DIF,Colony 28,5,5,EI17,,,False,False,False,True
Xiao2024,DIF,Colony 28,6,6,EI18,,,False,False,False,True
Xiao2024,DIF,Colony 28,6,6,EI19,,,False,False,False,True
Xiao2024,DIF,Colony 28,6,6,EI20,,,False,False,False,True
Xiao2024,DIF,Colony 28,6,6,EI21,,,False,False,False,True
Xiao2024,DIF,Colony 29,1,1,EN3,42,DD,True,True,True,False
Xiao2024,DIF,Colony 29,2,2,EN4,,,False,False,False,True
Xiao2024,DIF,Colony 29,2,2,EN5,,,False,False,False,True
Xiao2024,DIF,Colony 30,1,1,ES3,95,PP,True,True,True,False
Xiao2024,DIF,Colony 30,2,2,ES4,19,PU,True,True,False,True
Xiao2024,DIF,Colony 30,2,2,ES5,21,PU,True,True,False,True
Xiao2024,DIF,Colony 30,3,3,ES6,,,False,False,False,True
Xiao2024,DIF,Colony 30,3,3,ES7,16,PU,True,True,False,True
Xiao2024,DIF,Colony 30,4,4,ES8,29,PU,True,True,False,True
Xiao2024,DIF,Colony 30,5,5,ES9,19,PD,True,True,False,True
Xiao2024,DIF,Colony 30,6,6,ES10,,,False,False,False,True
Xiao2024,DIF,Colony 30,6,6,ES11,49,UU,True,True,False,True
Xiao2024,DIF,Colony 30,7,7,ES12,,,False,False,False,True
Xiao2024,DIF,Colony 30,7,7,ES13,,,False,False,False,True
Xiao2024,DIF,Colony 31,1,1,EX3,83,PD,True,True,True,False
Xiao2024,DIF,Colony 31,2,2,EX4,,,False,False,False,True
Xiao2024,DIF,Colony 31,2,2,EX5,44,DD,True,True,False,True
Xiao2024,DIF,Colony 31,3,3,EX6,,,False,False,False,True
Xiao2024,DIF,Colony 31,3,3,EX7,,,False,False,False,True
Xiao2024,DIF,Colony 32,1,1,FC3,93,PP,True,True,True,False
Xiao2024,DIF,Colony 32,2,2,FC4,53,PP,True,True,False,True
Xiao2024,DIF,Colony 32,2,2,FC5,31,PP,True,True,False,True
Xiao2024,DIF,Colony 32,3,3,FC6,,,False,False,False,True
Xiao2024,DIF,Colony 32,3,3,FC7,,,False,False,False,True
Xiao2024,DIF,Colony 32,3,3,FC8,25,PP,True,True,False,True
Xiao2024,DIF,Colony 32,3,3,FC9,25,PP,True,True,False,True
Xiao2024,DIF,Colony 32,4,4,FC10,38,PP,True,True,False,True
Xiao2024,DIF,Colony 32,4,4,FC11,81,UU,True,True,False,True
Xiao2024,DIF,Colony 32,4,4,FC12,,,False,False,False,True
Xiao2024,DIF,Colony 32,4,4,FC13,49,PD,True,True,False,True
Xiao2024,DIF,Colony 32,5,5,FC14,26,PD,True,True,False,True
Xiao2024,DIF,Colony 32,5,5,FC15,26,DD,True,True,False,True
Xiao2024,DIF,Colony 32,5,5,FC16,,,False,False,False,True
Xiao2024,DIF,Colony 32,5,5,FC17,,,False,False,False,True
Xiao2024,DIF,Colony 32,5,5,FC18,,,False,False,False,True
Xiao2024,DIF,Colony 32,6,6,FC19,,,False,False,False,True
Xiao2024,DIF,Colony 32,6,6,FC20,26,UU,True,True,False,True
Xiao2024,DIF,Colony 32,6,6,FC21,,,False,False,False,True
Xiao2024,DIF,Colony 32,6,6,FC22,,,False,False,False,True
Xiao2024,DIF,Colony 32,6,6,FC23,,,False,False,False,True
Xiao2024,DIF,Colony 32,6,6,FC24,,,False,False,False,True
Xiao2024,DIF,Colony 32,7,7,FC25,,,False,False,False,True
Xiao2024,DIF,Colony 32,7,7,FC26,,,False,False,False,True
Xiao2024,DIF,Colony 33,1,1,FH3,188,DD,True,True,True,False
Xiao2024,DIF,Colony 33,2,2,FH4,,,False,False,False,True
Xiao2024,DIF,Colony 33,2,2,FH5,,,False,False,False,True
Xiao2024,DIF,Colony 34,1,1,FM3,227,DD,True,True,True,False
Xiao2024,DIF,Colony 34,2,2,FM4,,,False,False,False,True
Xiao2024,DIF,Colony 34,2,2,FM5,,,False,False,False,True
Xiao2024,DIF,Colony 35,1,1,FR3,146,PP,True,True,True,False
Xiao2024,DIF,Colony 35,2,2,FR4,32,PU,True,True,False,True
Xiao2024,DIF,Colony 35,2,2,FR5,25,PU,True,True,False,True
Xiao2024,DIF,Colony 35,3,3,FR6,34,PP,True,True,False,True
Xiao2024,DIF,Colony 35,3,3,FR7,49,PD,True,True,False,True
Xiao2024,DIF,Colony 35,4,4,FR8,41,PP,True,True,False,True
Xiao2024,DIF,Colony 35,4,4,FR9,22,PP,True,True,False,True
Xiao2024,DIF,Colony 35,4,4,FR10,32,PP,True,True,False,True
Xiao2024,DIF,Colony 35,4,4,FR11,,,False,False,False,True
Xiao2024,DIF,Colony 35,5,5,FR12,,,False,False,False,True
Xiao2024,DIF,Colony 35,5,5,FR13,,,False,False,False,True
Xiao2024,DIF,Colony 35,5,5,FR14,,,False,False,False,True
Xiao2024,DIF,Colony 35,5,5,FR15,,,False,False,False,True
Xiao2024,DIF,Colony 35,5,5,FR16,,,False,False,False,True
Xiao2024,DIF,Colony 35,5,5,FR17,,,False,False,False,True
Xiao2024,DIF,Colony 36,1,1,FW3,,,False,False,True,False
Xiao2024,DIF,Colony 36,2,2,FW4,,,False,False,False,True
Xiao2024,DIF,Colony 37,1,1,GB3,143,PP,True,True,True,False
Xiao2024,DIF,Colony 37,2,2,GB4,37,PP,True,True,False,True
Xiao2024,DIF,Colony 37,2,2,GB5,40,PP,True,True,False,True
Xiao2024,DIF,Colony 37,3,3,GB6,25,DD,True,True,False,True
Xiao2024,DIF,Colony 37,3,3,GB7,24,PP,True,True,False,True
Xiao2024,DIF,Colony 37,3,3,GB8,46,PP,True,True,False,True
Xiao2024,DIF,Colony 37,3,3,GB9,32,PP,True,True,False,True
Xiao2024,DIF,Colony 37,4,4,GB10,,,False,False,False,True
Xiao2024,DIF,Colony 37,4,4,GB11,,,False,False,False,True
Xiao2024,DIF,Colony 37,4,4,GB12,20,DD,True,True,False,True
Xiao2024,DIF,Colony 37,4,4,GB13,18,DD,True,True,False,True
Xiao2024,DIF,Colony 37,4,4,GB14,27,DD,True,True,False,True
Xiao2024,DIF,Colony 37,4,4,GB15,29,DB,True,False,False,True
Xiao2024,DIF,Colony 37,4,4,GB16,29,DD,True,True,False,True
Xiao2024,DIF,Colony 37,4,4,GB17,26,DD,True,True,False,True
Xiao2024,DIF,Colony 37,5,5,GB18,,,False,False,False,True
Xiao2024,DIF,Colony 37,5,5,GB19,,,False,False,False,True
Xiao2024,DIF,Colony 37,5,5,GB20,,,False,False,False,True
Xiao2024,DIF,Colony 37,5,5,GB21,,,False,False,False,True
Xiao2024,DIF,Colony 37,5,5,GB22,,,False,False,False,True
Xiao2024,DIF,Colony 37,5,5,GB23,,,False,False,False,True
Xiao2024,DIF,Colony 37,5,5,GB24,,,False,False,False,True
Xiao2024,DIF,Colony 37,5,5,GB25,,,False,False,False,True
Xiao2024,DIF,Colony 37,5,5,GB26,,,False,False,False,True
Xiao2024,DIF,Colony 37,5,5,GB27,,,False,False,False,True
Xiao2024,DIF,Colony 37,5,5,GB28,,,False,False,False,True
Xiao2024,DIF,Colony 37,5,5,GB29,,,False,False,False,True
Xiao2024,DIF,Colony 37,6,6,GB30,,,False,False,False,True
Xiao2024,DIF,Colony 38,1,1,GG3,163,PP,True,True,True,False
Xiao2024,DIF,Colony 38,2,2,GG4,20,DD,True,True,False,True
Xiao2024,DIF,Colony 38,2,2,GG5,24,DD,True,True,False,True
Xiao2024,DIF,Colony 38,3,3,GG6,,,False,False,False,True
Xiao2024,DIF,Colony 38,3,3,GG7,,,False,False,False,True
Xiao2024,DIF,Colony 38,3,3,GG8,,,False,False,False,True
Xiao2024,DIF,Colony 38,3,3,GG9,,,False,False,False,True
Xiao2024,DIF,Colony 39,1,1,GL3,114,PD,True,True,True,False
Xiao2024,DIF,Colony 39,2,2,GL4,49,PD,True,True,False,True
Xiao2024,DIF,Colony 39,2,2,GL5,,,False,False,False,True
Xiao2024,DIF,Colony 39,3,3,GL6,21,DD,True,True,False,True
Xiao2024,DIF,Colony 39,3,3,GL7,,,False,False,False,True
Xiao2024,DIF,Colony 39,4,4,GL8,,,False,False,False,True
Xiao2024,DIF,Colony 39,4,4,GL9,,,False,False,False,True
Xiao2024,DIF,Colony 40,1,1,GQ3,132,PP,True,True,True,False
Xiao2024,DIF,Colony 40,2,2,GQ4,18,PP,True,True,False,True
Xiao2024,DIF,Colony 40,2,2,GQ5,17,PP,True,True,False,True
Xiao2024,DIF,Colony 40,3,3,GQ6,18,PP,True,True,False,True
Xiao2024,DIF,Colony 40,3,3,GQ7,18,PP,True,True,False,True
Xiao2024,DIF,Colony 40,3,3,GQ8,20,DD,True,True,False,True
Xiao2024,DIF,Colony 40,3,3,GQ9,15,PP,True,True,False,True
Xiao2024,DIF,Colony 40,4,4,GQ10,16,DD,True,True,False,True
Xiao2024,DIF,Colony 40,4,4,GQ11,,,False,False,False,True
Xiao2024,DIF,Colony 40,4,4,GQ12,19,DD,True,True,False,True
Xiao2024,DIF,Colony 40,4,4,GQ13,16,DD,True,True,False,True
Xiao2024,DIF,Colony 40,4,4,GQ14,,,False,False,False,True
Xiao2024,DIF,Colony 40,4,4,GQ15,,,False,False,False,True
Xiao2024,DIF,Colony 40,4,4,GQ16,23,PD,True,True,False,True
Xiao2024,DIF,Colony 40,4,4,GQ17,19,DD,True,True,False,True
Xiao2024,DIF,Colony 40,5,5,GQ18,,,False,False,False,True
Xiao2024,DIF,Colony 40,5,5,GQ19,,,False,False,False,True
Xiao2024,DIF,Colony 40,5,5,GQ20,,,False,False,False,True
Xiao2024,DIF,Colony 40,5,5,GQ21,,,False,False,False,True
Xiao2024,DIF,Colony 40,5,5,GQ22,,,False,False,False,True
Xiao2024,DIF,Colony 40,5,5,GQ23,,,False,False,False,True
Xiao2024,DIF,Colony 40,5,5,GQ24,,,False,False,False,True
Xiao2024,DIF,Colony 40,5,5,GQ25,,,False,False,False,True
Xiao2024,DIF,Colony 40,5,5,GQ26,50,DD,True,True,False,True
Xiao2024,DIF,Colony 40,5,5,GQ27,,,False,False,False,True
Xiao2024,DIF,Colony 40,5,5,GQ28,,,False,False,False,True
Xiao2024,DIF,Colony 40,6,6,GQ29,,,False,False,False,True
Xiao2024,DIF,Colony 40,6,6,GQ30,,,False,False,False,True
Xiao2024,DIF,Colony 41,1,1,GV3,184,PP,True,True,True,False
Xiao2024,DIF,Colony 41,2,2,GV4,21,PD,True,True,False,True
Xiao2024,DIF,Colony 41,2,2,GV5,22,DD,True,True,False,True
Xiao2024,DIF,Colony 41,3,3,GV6,35,DD,True,True,False,True
Xiao2024,DIF,Colony 41,3,3,GV7,,,False,False,False,True
Xiao2024,DIF,Colony 41,3,3,GV8,,,False,False,False,True
Xiao2024,DIF,Colony 41,3,3,GV9,,,False,False,False,True
Xiao2024,DIF,Colony 41,4,4,GV10,,,False,False,False,True
Xiao2024,DIF,Colony 41,4,4,GV11,,,False,False,False,True
Xiao2024,DIF,Colony 42,1,1,HA3,142,PP,True,True,True,False
Xiao2024,DIF,Colony 42,2,2,HA4,30,PP,True,True,False,True
Xiao2024,DIF,Colony 42,2,2,HA5,35,PP,True,True,False,True
Xiao2024,DIF,Colony 42,3,3,HA6,24,PD,True,True,False,True
Xiao2024,DIF,Colony 42,3,3,HA7,27,PD,True,True,False,True
Xiao2024,DIF,Colony 42,3,3,HA8,29,PD,True,True,False,True
Xiao2024,DIF,Colony 42,3,3,HA9,,,False,False,False,True
Xiao2024,DIF,Colony 42,4,4,HA10,,,False,False,False,True
Xiao2024,DIF,Colony 42,4,4,HA11,43,DD,True,True,False,True
Xiao2024,DIF,Colony 42,4,4,HA12,37,DD,True,True,False,True
Xiao2024,DIF,Colony 42,4,4,HA13,,,False,False,False,True
Xiao2024,DIF,Colony 42,4,4,HA14,,,False,False,False,True
Xiao2024,DIF,Colony 42,4,4,HA15,40,DD,True,True,False,True
Xiao2024,DIF,Colony 42,4,4,HA16,,,False,False,False,True
Xiao2024,DIF,Colony 42,5,5,HA17,,,False,False,False,True
Xiao2024,DIF,Colony 42,5,5,HA18,,,False,False,False,True
Xiao2024,DIF,Colony 42,5,5,HA19,,,False,False,False,True
Xiao2024,DIF,Colony 42,5,5,HA20,,,False,False,False,True
Xiao2024,DIF,Colony 42,5,5,HA21,,,False,False,False,True
Xiao2024,DIF,Colony 42,5,5,HA22,,,False,False,False,True
Xiao2024,DIF,Colony 43,1,1,HF3,155,PD,True,True,True,False
Xiao2024,DIF,Colony 43,2,2,HF4,,,False,False,False,True
Xiao2024,DIF,Colony 43,2,2,HF5,,,False,False,False,True
Xiao2024,DIF,Colony 43,3,3,HF6,,,False,False,False,True
Xiao2024,DIF,Colony 44,1,1,HK3,157,DD,True,True,True,False
Xiao2024,DIF,Colony 44,2,2,HK4,,,False,False,False,True
Xiao2024,DIF,Colony 44,2,2,HK5,,,False,False,False,True
Xiao2024,DIF,Colony 45,1,1,HP3,168,DD,True,True,True,False
Xiao2024,DIF,Colony 45,2,2,HP4,,,False,False,False,True
Xiao2024,DIF,Colony 45,2,2,HP5,,,False,False,False,True
Xiao2024,DIF,Colony 46,1,1,HU3,133,PD,True,True,True,False
Xiao2024,DIF,Colony 46,2,2,HU4,50,PP,True,True,False,True
Xiao2024,DIF,Colony 46,2,2,HU5,,,False,False,False,True
Xiao2024,DIF,Colony 46,3,3,HU6,34,PD,True,True,False,True
Xiao2024,DIF,Colony 46,4,4,HU7,,,False,False,False,True
Xiao2024,DIF,Colony 46,4,4,HU8,,,False,False,False,True
Xiao2024,DIF,Colony 46,5,5,HU9,23,DD,True,True,False,True
Xiao2024,DIF,Colony 46,6,6,HU10,,,False,False,False,True
Xiao2024,DIF,Colony 46,6,6,HU11,,,False,False,False,True
Xiao2024,DIF,Colony 47,1,1,HZ3,188,DD,True,True,True,False
Xiao2024,DIF,Colony 47,2,2,HZ4,,,False,False,False,True
Xiao2024,DIF,Colony 47,2,2,HZ5,,,False,False,False,True
Xiao2024,DIF,Colony 48,1,1,IE3,159,PP,True,True,True,False
Xiao2024,DIF,Colony 48,2,2,IE4,19,PP,True,True,False,True
Xiao2024,DIF,Colony 48,2,2,IE5,22,PD,True,True,False,True
Xiao2024,DIF,Colony 48,3,3,IE6,23,PD,True,True,False,True
Xiao2024,DIF,Colony 48,3,3,IE7,51,DD,True,True,False,True
Xiao2024,DIF,Colony 48,3,3,IE8,,,False,False,False,True
Xiao2024,DIF,Colony 48,3,3,IE9,24,PD,True,True,False,True
Xiao2024,DIF,Colony 48,4,4,IE10,,,False,False,False,True
Xiao2024,DIF,Colony 48,4,4,IE11,43,DD,True,True,False,True
Xiao2024,DIF,Colony 48,4,4,IE12,,,False,False,False,True
Xiao2024,DIF,Colony 48,4,4,IE13,,,False,False,False,True
Xiao2024,DIF,Colony 48,4,4,IE14,61,DD,True,True,False,True
Xiao2024,DIF,Colony 48,4,4,IE15,,,False,False,False,True
Xiao2024,DIF,Colony 48,5,5,IE16,,,False,False,False,True
Xiao2024,DIF,Colony 48,5,5,IE17,,,False,False,False,True
Xiao2024,DIF,Colony 48,5,5,IE18,,,False,False,False,True
Xiao2024,DIF,Colony 48,5,5,IE19,,,False,False,False,True
Xiao2024,DIF,Colony 49,1,1,IJ3,185,PD,True,True,True,False
Xiao2024,DIF,Colony 49,2,2,IJ4,46,PD,True,True,False,True
Xiao2024,DIF,Colony 49,2,2,IJ5,,,False,False,False,True
Xiao2024,DIF,Colony 49,3,3,IJ6,,,False,False,False,True
Xiao2024,DIF,Colony 49,3,3,IJ7,43,DD,True,True,False,True
Xiao2024,DIF,Colony 49,4,4,IJ8,,,False,False,False,True
Xiao2024,DIF,Colony 49,4,4,IJ9,,,False,False,False,True
Xiao2024,DIF,Colony 50,1,1,IO3,161,DD,True,True,True,False
Xiao2024,DIF,Colony 50,2,2,IO4,,,False,False,False,True
Xiao2024,DIF,Colony 50,2,2,IO5,,,False,False,False,True
Xiao2024,DIF,Colony 51,1,1,IT3,127,PP,True,True,True,False
Xiao2024,DIF,Colony 51,2,2,IT4,47,PP,True,True,False,True
Xiao2024,DIF,Colony 51,2,2,IT5,45,PP,True,True,False,True
Xiao2024,DIF,Colony 51,3,3,IT6,27,PD,True,True,False,True
Xiao2024,DIF,Colony 51,3,3,IT7,19,PD,True,True,False,True
Xiao2024,DIF,Colony 51,3,3,IT8,30,PD,True,True,False,True
Xiao2024,DIF,Colony 51,3,3,IT9,36,DD,True,True,False,True
Xiao2024,DIF,Colony 51,4,4,IT10,,,False,False,False,True
Xiao2024,DIF,Colony 51,4,4,IT11,47,DD,True,True,False,True
Xiao2024,DIF,Colony 51,4,4,IT12,,,False,False,False,True
Xiao2024,DIF,Colony 51,4,4,IT13,24,PD,True,True,False,True
Xiao2024,DIF,Colony 51,4,4,IT14,47,DD,True,True,False,True
Xiao2024,DIF,Colony 51,4,4,IT15,,,False,False,False,True
Xiao2024,DIF,Colony 51,4,4,IT16,,,False,False,False,True
Xiao2024,DIF,Colony 51,4,4,IT17,,,False,False,False,True
Xiao2024,DIF,Colony 51,5,5,IT18,,,False,False,False,True
Xiao2024,DIF,Colony 51,5,5,IT19,,,False,False,False,True
Xiao2024,DIF,Colony 51,5,5,IT20,,,False,False,False,True
Xiao2024,DIF,Colony 51,5,5,IT21,18,DD,True,True,False,True
Xiao2024,DIF,Colony 51,5,5,IT22,,,False,False,False,True
Xiao2024,DIF,Colony 51,5,5,IT23,,,False,False,False,True
Xiao2024,DIF,Colony 51,6,6,IT24,,,False,False,False,True
Xiao2024,DIF,Colony 51,6,6,IT25,,,False,False,False,True
Xiao2024,DIF,Colony 52,1,1,IY3,86,DD,True,True,True,False
Xiao2024,DIF,Colony 52,2,2,IY4,,,False,False,False,True
Xiao2024,DIF,Colony 52,2,2,IY5,,,False,False,False,True
Roshan2016,NFSK balanced (Fig2b),Clone 1,1,1,G4,42,DD,True,True,True,False
Roshan2016,NFSK balanced (Fig2b),Clone 2,1,1,N4,40.66666666666667,DD,True,True,True,False
Roshan2016,NFSK balanced (Fig2b),Clone 3,1,1,U4,42.33333333333333,PD,True,True,True,False
Roshan2016,NFSK balanced (Fig2b),Clone 3,2,2,U5,38.5,DD,True,True,False,True
Roshan2016,NFSK balanced (Fig2b),Clone 4,1,1,AB4,28.166666666666668,PD,True,True,True,False
Roshan2016,NFSK balanced (Fig2b),Clone 4,2,2,AB5,46.15,DD,True,True,False,True
Roshan2016,NFSK balanced (Fig2b),Clone 5,1,1,AI4,15,PD,True,True,True,False
Roshan2016,NFSK balanced (Fig2b),Clone 5,2,2,AI5,17.666666666666668,DD,True,True,False,True
Roshan2016,NFSK balanced (Fig2b),Clone 6,1,1,AP4,32.833333333333336,PD,True,True,True,False
Roshan2016,NFSK balanced (Fig2b),Clone 6,2,2,AP5,37,DD,True,True,False,True
Roshan2016,NFSK balanced (Fig2b),Clone 7,1,1,AW4,25.833333333333332,PP,True,True,True,False
Roshan2016,NFSK balanced (Fig2b),Clone 7,2,2,AW5,24.833333333333336,DD,True,True,False,True
Roshan2016,NFSK balanced (Fig2b),Clone 7,2,2,AW6,24.999999999999996,DD,True,True,False,True
Roshan2016,NFSK balanced (Fig2b),Clone 8,1,1,BD4,35.166666666666664,PP,True,True,True,False
Roshan2016,NFSK balanced (Fig2b),Clone 8,2,2,BD5,15.166666666666671,PD,True,True,False,True
Roshan2016,NFSK balanced (Fig2b),Clone 8,2,2,BD6,16.166666666666668,DD,True,True,False,True
Roshan2016,NFSK balanced (Fig2b),Clone 8,3,3,BD7,13.333333333333332,DD,True,True,False,True
Roshan2016,NFSK balanced (Fig2b),Clone 9,1,1,BK4,13.166666666666664,PP,True,True,True,False
Roshan2016,NFSK balanced (Fig2b),Clone 9,2,2,BK5,18.000000000000004,PD,True,True,False,True
Roshan2016,NFSK balanced (Fig2b),Clone 9,2,2,BK6,18.333333333333336,DD,True,True,False,True
Roshan2016,NFSK balanced (Fig2b),Clone 9,3,3,BK7,46,PD,True,True,False,True
Roshan2016,NFSK balanced (Fig2b),Clone 9,4,4,BK8,14.500000000000004,DD,True,True,False,True
Roshan2016,NFSK balanced (Fig2b),Clone 10,1,1,BR4,16.5,PP,True,True,True,False
Roshan2016,NFSK balanced (Fig2b),Clone 10,2,2,BR5,10.999999999999998,PP,True,True,False,True
Roshan2016,NFSK balanced (Fig2b),Clone 10,2,2,BR6,12.833333333333336,PP,True,True,False,True
Roshan2016,NFSK balanced (Fig2b),Clone 10,3,3,BR7,12.333333333333336,PD,True,True,False,True
Roshan2016,NFSK balanced (Fig2b),Clone 10,3,3,BR8,14.333333333333329,DD,True,True,False,True
Roshan2016,NFSK balanced (Fig2b),Clone 10,3,3,BR9,16.333333333333332,DD,True,True,False,True
Roshan2016,NFSK balanced (Fig2b),Clone 10,3,3,BR10,17.66666666666667,PP,True,True,False,True
Roshan2016,NFSK balanced (Fig2b),Clone 10,4,4,BR11,36.666666666666664,PD,True,True,False,True
Roshan2016,NFSK balanced (Fig2b),Clone 10,4,4,BR12,100.16666666666669,UU,True,True,False,True
Roshan2016,NFSK balanced (Fig2b),Clone 10,4,4,BR13,100.16666666666669,UU,True,True,False,True
Roshan2016,NFSK balanced (Fig2b),Clone 10,5,5,BR14,67.66666666666667,UU,True,True,False,True
Roshan2016,NFSK balanced (Fig2b),Clone 11,1,1,BY4,27.166666666666664,PP,True,True,True,False
Roshan2016,NFSK balanced (Fig2b),Clone 11,2,2,BY5,10.5,PP,True,True,False,True
Roshan2016,NFSK balanced (Fig2b),Clone 11,2,2,BY6,13.166666666666663,PP,True,True,False,True
Roshan2016,NFSK balanced (Fig2b),Clone 11,3,3,BY7,13.666666666666666,PD,True,True,False,True
Roshan2016,NFSK balanced (Fig2b),Clone 11,3,3,BY8,22.166666666666664,DD,True,True,False,True
Roshan2016,NFSK balanced (Fig2b),Clone 11,3,3,BY9,13.166666666666664,PP,True,True,False,True
Roshan2016,NFSK balanced (Fig2b),Clone 11,3,3,BY10,15.33333333333334,PP,True,True,False,True
Roshan2016,NFSK balanced (Fig2b),Clone 11,4,4,BY11,21.666666666666664,PP,True,True,False,True
Roshan2016,NFSK balanced (Fig2b),Clone 11,4,4,BY12,11.999999999999996,DD,True,True,False,True
Roshan2016,NFSK balanced (Fig2b),Clone 11,4,4,BY13,12.166666666666664,DD,True,True,False,True
Roshan2016,NFSK balanced (Fig2b),Clone 11,4,4,BY14,13.333333333333334,DD,True,True,False,True
Roshan2016,NFSK balanced (Fig2b),Clone 11,4,4,BY15,15.000000000000005,PD,True,True,False,True
Roshan2016,NFSK balanced (Fig2b),Clone 11,5,5,BY16,9.666666666666671,DD,True,True,False,True
Roshan2016,NFSK balanced (Fig2b),Clone 11,5,5,BY17,10.833333333333329,PD,True,True,False,True
Roshan2016,NFSK balanced (Fig2b),Clone 11,5,5,BY18,14.833333333333332,DD,True,True,False,True
Roshan2016,NFSK balanced (Fig2b),Clone 11,6,6,BY19,51.16666666666667,UU,True,True,False,True
Roshan2016,NFSK balanced (Fig2b),Clone 12,1,1,CF4,15.5,PP,True,True,True,False
Roshan2016,NFSK balanced (Fig2b),Clone 12,2,2,CF5,12.5,PP,True,True,False,True
Roshan2016,NFSK balanced (Fig2b),Clone 12,2,2,CF6,14.333333333333332,PP,True,True,False,True
Roshan2016,NFSK balanced (Fig2b),Clone 12,3,3,CF7,10.166666666666664,PP,True,True,False,True
Roshan2016,NFSK balanced (Fig2b),Clone 12,3,3,CF8,16.333333333333336,PD,True,True,False,True
Roshan2016,NFSK balanced (Fig2b),Clone 12,3,3,CF9,20.16666666666667,PD,True,True,False,True
Roshan2016,NFSK balanced (Fig2b),Clone 12,3,3,CF10,11.16666666666667,PP,True,True,False,True
Roshan2016,NFSK balanced (Fig2b),Clone 12,4,4,CF11,14,PD,True,True,False,True
Roshan2016,NFSK balanced (Fig2b),Clone 12,4,4,CF12,18.166666666666668,PD,True,True,False,True
Roshan2016,NFSK balanced (Fig2b),Clone 12,4,4,CF13,12.666666666666668,PD,True,True,False,True
Roshan2016,NFSK balanced (Fig2b),Clone 12,4,4,CF14,23.5,DD,True,True,False,True
Roshan2016,NFSK balanced (Fig2b),Clone 12,4,4,CF15,22.666666666666664,PD,True,True,False,True
Roshan2016,NFSK balanced (Fig2b),Clone 12,4,4,CF16,18.333333333333336,DD,True,True,False,True
Roshan2016,NFSK balanced (Fig2b),Clone 12,5,5,CF17,25.33333333333333,DD,True,True,False,True
Roshan2016,NFSK balanced (Fig2b),Clone 12,5,5,CF18,38.5,PP,True,True,False,True
Roshan2016,NFSK balanced (Fig2b),Clone 12,5,5,CF19,15.999999999999996,DD,True,True,False,True
Roshan2016,NFSK balanced (Fig2b),Clone 12,5,5,CF20,27.666666666666664,PD,True,True,False,True
Roshan2016,NFSK balanced (Fig2b),Clone 12,6,6,CF21,45.5,UU,True,True,False,True
Roshan2016,NFSK balanced (Fig2b),Clone 12,6,6,CF22,30.666666666666675,UU,True,True,False,True
Roshan2016,NFSK balanced (Fig2b),Clone 12,6,6,CF23,26.500000000000007,UU,True,True,False,True
Roshan2016,NFSK balanced (Fig2b),Clone 13,1,1,CM4,9,PP,True,True,True,False
Roshan2016,NFSK balanced (Fig2b),Clone 13,2,2,CM5,16.166666666666668,PP,True,True,False,True
Roshan2016,NFSK balanced (Fig2b),Clone 13,2,2,CM6,17,PP,True,True,False,True
Roshan2016,NFSK balanced (Fig2b),Clone 13,3,3,CM7,11.499999999999998,PP,True,True,False,True
Roshan2016,NFSK balanced (Fig2b),Clone 13,3,3,CM8,14.333333333333336,PP,True,True,False,True
Roshan2016,NFSK balanced (Fig2b),Clone 13,3,3,CM9,12.499999999999996,PD,True,True,False,True
Roshan2016,NFSK balanced (Fig2b),Clone 13,3,3,CM10,10.666666666666664,PP,True,True,False,True
Roshan2016,NFSK balanced (Fig2b),Clone 13,4,4,CM11,11.833333333333336,PD,True,True,False,True
Roshan2016,NFSK balanced (Fig2b),Clone 13,4,4,CM12,17.16666666666666,PD,True,True,False,True
Roshan2016,NFSK balanced (Fig2b),Clone 13,4,4,CM13,12.000000000000004,PD,True,True,False,True
Roshan2016,NFSK balanced (Fig2b),Clone 13,4,4,CM14,13.166666666666671,PD,True,True,False,True
Roshan2016,NFSK balanced (Fig2b),Clone 13,4,4,CM15,10.000000000000004,PD,True,True,False,True
Roshan2016,NFSK balanced (Fig2b),Clone 13,4,4,CM16,12.66666666666666,PP,True,True,False,True
Roshan2016,NFSK balanced (Fig2b),Clone 13,4,4,CM17,16.166666666666664,DD,True,True,False,True
Roshan2016,NFSK balanced (Fig2b),Clone 13,5,5,CM18,16.333333333333332,PD,True,True,False,True
Roshan2016,NFSK balanced (Fig2b),Clone 13,5,5,CM19,19.166666666666664,PD,True,True,False,True
Roshan2016,NFSK balanced (Fig2b),Clone 13,5,5,CM20,29.5,DD,True,True,False,True
Roshan2016,NFSK balanced (Fig2b),Clone 13,5,5,CM21,10.333333333333334,DD,True,True,False,True
Roshan2016,NFSK balanced (Fig2b),Clone 13,5,5,CM22,13.666666666666664,PP,True,True,False,True
Roshan2016,NFSK balanced (Fig2b),Clone 13,5,5,CM23,20.16666666666667,PD,True,True,False,True
Roshan2016,NFSK balanced (Fig2b),Clone 13,5,5,CM24,32.99999999999999,PP,True,True,False,True
Roshan2016,NFSK balanced (Fig2b),Clone 13,6,6,CM25,30,PU,True,True,False,True
Roshan2016,NFSK balanced (Fig2b),Clone 13,6,6,CM26,23,UU,True,True,False,True
Roshan2016,NFSK balanced (Fig2b),Clone 13,6,6,CM27,29.166666666666664,PP,True,True,False,True
Roshan2016,NFSK balanced (Fig2b),Clone 13,6,6,CM28,30.666666666666664,PU,True,True,False,True
Roshan2016,NFSK balanced (Fig2b),Clone 13,6,6,CM29,26.333333333333325,UU,True,True,False,True
Roshan2016,NFSK balanced (Fig2b),Clone 13,6,6,CM30,39.66666666666666,UU,True,True,False,True
Roshan2016,NFSK balanced (Fig2b),Clone 13,6,6,CM31,36.83333333333333,UU,True,True,False,True
Roshan2016,NFSK balanced (Fig2b),Clone 13,7,7,CM32,21.16666666666666,UU,True,True,False,True
Roshan2016,NFSK balanced (Fig2b),Clone 13,7,7,CM33,17.666666666666675,UU,True,True,False,True
Roshan2016,NFSK balanced (Fig2b),Clone 13,7,7,CM34,16.666666666666668,UU,True,True,False,True
Roshan2016,NFSK balanced (Fig2b),Clone 13,7,7,CM35,17.833333333333325,UU,True,True,False,True
Roshan2016,NFSK balanced (Fig2b),Clone 14,1,1,CT4,16.333333333333332,PP,True,True,True,False
Roshan2016,NFSK balanced (Fig2b),Clone 14,2,2,CT5,10.333333333333336,PP,True,True,False,True
Roshan2016,NFSK balanced (Fig2b),Clone 14,2,2,CT6,13.000000000000004,PP,True,True,False,True
Roshan2016,NFSK balanced (Fig2b),Clone 14,3,3,CT7,12,PP,True,True,False,True
Roshan2016,NFSK balanced (Fig2b),Clone 14,3,3,CT8,12.166666666666666,PP,True,True,False,True
Roshan2016,NFSK balanced (Fig2b),Clone 14,3,3,CT9,22.999999999999996,PD,True,True,False,True
Roshan2016,NFSK balanced (Fig2b),Clone 14,3,3,CT10,16,PP,True,True,False,True
Roshan2016,NFSK balanced (Fig2b),Clone 14,4,4,CT11,13.500000000000004,PD,True,True,False,True
Roshan2016,NFSK balanced (Fig2b),Clone 14,4,4,CT12,29.166666666666664,DD,True,True,False,True
Roshan2016,NFSK balanced (Fig2b),Clone 14,4,4,CT13,12.499999999999998,PP,True,True,False,True
Roshan2016,NFSK balanced (Fig2b),Clone 14,4,4,CT14,12.83333333333333,PP,True,True,False,True
Roshan2016,NFSK balanced (Fig2b),Clone 14,4,4,CT15,22.499999999999993,DD,True,True,False,True
Roshan2016,NFSK balanced (Fig2b),Clone 14,4,4,CT16,18,PP,True,True,False,True
Roshan2016,NFSK balanced (Fig2b),Clone 14,4,4,CT17,20.000000000000004,DD,True,True,False,True
Roshan2016,NFSK balanced (Fig2b),Clone 14,5,5,CT18,15.333333333333332,PD,True,True,False,True
Roshan2016,NFSK balanced (Fig2b),Clone 14,5,5,CT19,20.83333333333334,PD,True,True,False,True
Roshan2016,NFSK balanced (Fig2b),Clone 14,5,5,CT20,13.5,PD,True,True,False,True
Roshan2016,NFSK balanced (Fig2b),Clone 14,5,5,CT21,19.666666666666668,PP,True,True,False,True
Roshan2016,NFSK balanced (Fig2b),Clone 14,5,5,CT22,13.000000000000004,PP,True,True,False,True
Roshan2016,NFSK balanced (Fig2b),Clone 14,5,5,CT23,14.833333333333336,PD,True,True,False,True
Roshan2016,NFSK balanced (Fig2b),Clone 14,5,5,CT24,25.33333333333334,DD,True,True,False,True
Roshan2016,NFSK balanced (Fig2b),Clone 14,6,6,CT25,40.66666666666667,PD,True,True,False,True
Roshan2016,NFSK balanced (Fig2b),Clone 14,6,6,CT26,12.66666666666667,DD,True,True,False,True
Roshan2016,NFSK balanced (Fig2b),Clone 14,6,6,CT27,53.66666666666667,DD,True,True,False,True
Roshan2016,NFSK balanced (Fig2b),Clone 14,6,6,CT28,28.66666666666667,DD,True,True,False,True
Roshan2016,NFSK balanced (Fig2b),Clone 14,6,6,CT29,37.16666666666666,PP,True,True,False,True
Roshan2016,NFSK balanced (Fig2b),Clone 14,6,6,CT30,12.000000000000004,DD,True,True,False,True
Roshan2016,NFSK balanced (Fig2b),Clone 14,6,6,CT31,15.000000000000004,PD,True,True,False,True
Roshan2016,NFSK balanced (Fig2b),Clone 14,6,6,CT32,14.16666666666667,PD,True,True,False,True
Roshan2016,NFSK balanced (Fig2b),Clone 14,7,7,CT33,32.49999999999999,UU,True,True,False,True
Roshan2016,NFSK balanced (Fig2b),Clone 14,7,7,CT34,43,UU,True,True,False,True
Roshan2016,NFSK balanced (Fig2b),Clone 14,7,7,CT35,35.33333333333333,PU,True,True,False,True
Roshan2016,NFSK balanced (Fig2b),Clone 14,7,7,CT36,16.166666666666664,DD,True,True,False,True
Roshan2016,NFSK balanced (Fig2b),Clone 14,7,7,CT37,72,UU,True,True,False,True
Roshan2016,NFSK balanced (Fig2b),Clone 14,8,8,CT38,30.16666666666667,UU,True,True,False,True
Roshan2016,NFSK balanced (Fig2b),Clone 15,1,1,DA4,37.5,PP,True,True,True,False
Roshan2016,NFSK balanced (Fig2b),Clone 15,2,2,DA5,12.999999999999996,PP,True,True,False,True
Roshan2016,NFSK balanced (Fig2b),Clone 15,2,2,DA6,14.000000000000004,PP,True,True,False,True
Roshan2016,NFSK balanced (Fig2b),Clone 15,3,3,DA7,12.833333333333332,PP,True,True,False,True
Roshan2016,NFSK balanced (Fig2b),Clone 15,3,3,DA8,16.666666666666668,PD,True,True,False,True
Roshan2016,NFSK balanced (Fig2b),Clone 15,3,3,DA9,13.500000000000004,PP,True,True,False,True
Roshan2016,NFSK balanced (Fig2b),Clone 15,3,3,DA10,11.5,PP,True,True,False,True
Roshan2016,NFSK balanced (Fig2b),Clone 15,4,4,DA11,12.5,PP,True,True,False,True
Roshan2016,NFSK balanced (Fig2b),Clone 15,4,4,DA12,12.5,PP,True,True,False,True
Roshan2016,NFSK balanced (Fig2b),Clone 15,4,4,DA13,10.833333333333332,PD,True,True,False,True
Roshan2016,NFSK balanced (Fig2b),Clone 15,4,4,DA14,12.166666666666664,PD,True,True,False,True
Roshan2016,NFSK balanced (Fig2b),Clone 15,4,4,DA15,17.833333333333332,PP,True,True,False,True
Roshan2016,NFSK balanced (Fig2b),Clone 15,4,4,DA16,13.666666666666671,PP,True,True,False,True
Roshan2016,NFSK balanced (Fig2b),Clone 15,4,4,DA17,13.833333333333332,PP,True,True,False,True
Roshan2016,NFSK balanced (Fig2b),Clone 15,5,5,DA18,15.499999999999996,DD,True,True,False,True
Roshan2016,NFSK balanced (Fig2b),Clone 15,5,5,DA19,22.333333333333332,PP,True,True,False,True
Roshan2016,NFSK balanced (Fig2b),Clone 15,5,5,DA20,13.999999999999996,DD,True,True,False,True
Roshan2016,NFSK balanced (Fig2b),Clone 15,5,5,DA21,13.666666666666664,PD,True,True,False,True
Roshan2016,NFSK balanced (Fig2b),Clone 15,5,5,DA22,14.333333333333336,DD,True,True,False,True
Roshan2016,NFSK balanced (Fig2b),Clone 15,5,5,DA23,13.166666666666664,DD,True,True,False,True
Roshan2016,NFSK balanced (Fig2b),Clone 15,5,5,DA24,15.666666666666675,PD,True,True,False,True
Roshan2016,NFSK balanced (Fig2b),Clone 15,5,5,DA25,18.16666666666666,PP,True,True,False,True
Roshan2016,NFSK balanced (Fig2b),Clone 15,5,5,DA26,9.66666666666667,DD,True,True,False,True
Roshan2016,NFSK balanced (Fig2b),Clone 15,5,5,DA27,11.33333333333333,DD,True,True,False,True
Roshan2016,NFSK balanced (Fig2b),Clone 15,5,5,DA28,9.500000000000004,DD,True,True,False,True
Roshan2016,NFSK balanced (Fig2b),Clone 15,5,5,DA29,9.999999999999996,DD,True,True,False,True
Roshan2016,NFSK balanced (Fig2b),Clone 15,6,6,DA30,33.16666666666667,PP,True,True,False,True
Roshan2016,NFSK balanced (Fig2b),Clone 15,6,6,DA31,34.00000000000001,PU,True,True,False,True
Roshan2016,NFSK balanced (Fig2b),Clone 15,6,6,DA32,17,PP,True,True,False,True
Roshan2016,NFSK balanced (Fig2b),Clone 15,6,6,DA33,39.83333333333334,UU,True,True,False,True
Roshan2016,NFSK balanced (Fig2b),Clone 15,6,6,DA34,41.99999999999999,UU,True,True,False,True
Roshan2016,NFSK balanced (Fig2b),Clone 15,6,6,DA35,39.83333333333333,PU,True,True,False,True
Roshan2016,NFSK balanced (Fig2b),Clone 15,7,7,DA36,22.000000000000007,UU,True,True,False,True
Roshan2016,NFSK balanced (Fig2b),Clone 15,7,7,DA37,23.333333333333336,UU,True,True,False,True
Roshan2016,NFSK balanced (Fig2b),Clone 15,7,7,DA38,24.999999999999993,UU,True,True,False,True
Roshan2016,NFSK balanced (Fig2b),Clone 15,7,7,DA39,36.33333333333334,PU,True,True,False,True
Roshan2016,NFSK balanced (Fig2b),Clone 15,7,7,DA40,28.33333333333333,UU,True,True,False,True
Roshan2016,NFSK balanced (Fig2b),Clone 15,7,7,DA41,18.33333333333334,UU,True,True,False,True
Roshan2016,NFSK balanced (Fig2b),Clone 15,8,8,DA42,29.000000000000004,UU,True,True,False,True
Roshan2016,NFSK balanced (Fig2b),Clone 19,1,1,DH4,50.166666666666664,DD,True,True,True,False
Roshan2016,NFSK balanced (Fig2b),Clone 20,1,1,DO4,27.5,PD,True,True,True,False
Roshan2016,NFSK balanced (Fig2b),Clone 20,2,2,DO5,19.833333333333336,DD,True,True,False,True
Roshan2016,NFSK balanced (Fig2b),Clone 21,1,1,DV4,7.166666666666666,PP,True,True,True,False
Roshan2016,NFSK balanced (Fig2b),Clone 21,2,2,DV5,17.166666666666664,DD,True,True,False,True
Roshan2016,NFSK balanced (Fig2b),Clone 21,2,2,DV6,29.166666666666664,DD,True,True,False,True
Roshan2016,NFSK balanced (Fig2b),Clone 22,1,1,EC4,22.5,PD,True,True,True,False
Roshan2016,NFSK balanced (Fig2b),Clone 22,2,2,EC5,15.166666666666666,PD,True,True,False,True
Roshan2016,NFSK balanced (Fig2b),Clone 22,3,3,EC6,33.333333333333336,PD,True,True,False,True
Roshan2016,NFSK balanced (Fig2b),Clone 23,1,1,EJ4,20.166666666666668,PP,True,True,True,False
Roshan2016,NFSK balanced (Fig2b),Clone 23,2,2,EJ5,11,PD,True,True,False,True
Roshan2016,NFSK balanced (Fig2b),Clone 23,2,2,EJ6,11.999999999999996,DD,True,True,False,True
Roshan2016,NFSK balanced (Fig2b),Clone 23,3,3,EJ7,14.499999999999996,PD,True,True,False,True
Roshan2016,NFSK balanced (Fig2b),Clone 23,4,4,EJ8,47.166666666666664,DD,True,True,False,True
Roshan2016,NFSK balanced (Fig2b),Clone 24,1,1,EQ4,31.666666666666664,PP,True,True,True,False
Roshan2016,NFSK balanced (Fig2b),Clone 24,2,2,EQ5,13.999999999999998,PP,True,True,False,True
Roshan2016,NFSK balanced (Fig2b),Clone 24,2,2,EQ6,18.000000000000007,PD,True,True,False,True
Roshan2016,NFSK balanced (Fig2b),Clone 24,3,3,EQ7,12.5,DD,True,True,False,True
Roshan2016,NFSK balanced (Fig2b),Clone 24,3,3,EQ8,25.166666666666668,DD,True,True,False,True
Roshan2016,NFSK balanced (Fig2b),Clone 24,3,3,EQ9,17.16666666666667,DD,True,True,False,True
Roshan2016,NFSK balanced (Fig2b),Clone 25,1,1,EX4,63,PP,True,True,True,False
Roshan2016,NFSK balanced (Fig2b),Clone 25,2,2,EX5,14.166666666666664,PP,True,True,False,True
Roshan2016,NFSK balanced (Fig2b),Clone 25,2,2,EX6,14.499999999999996,PP,True,True,False,True
Roshan2016,NFSK balanced (Fig2b),Clone 25,3,3,EX7,14.999999999999996,DD,True,True,False,True
Roshan2016,NFSK balanced (Fig2b),Clone 25,3,3,EX8,14.833333333333336,PD,True,True,False,True
Roshan2016,NFSK balanced (Fig2b),Clone 25,3,3,EX9,13.499999999999996,DD,True,True,False,True
Roshan2016,NFSK balanced (Fig2b),Clone 25,3,3,EX10,12.166666666666668,DD,True,True,False,True
Roshan2016,NFSK balanced (Fig2b),Clone 25,4,4,EX11,15.833333333333329,DD,True,True,False,True
Roshan2016,NFSK balanced (Fig2b),Clone 26,1,1,FE4,26,PP,True,True,True,False
Roshan2016,NFSK balanced (Fig2b),Clone 26,2,2,FE5,13.500000000000004,PD,True,True,False,True
Roshan2016,NFSK balanced (Fig2b),Clone 26,2,2,FE6,14.333333333333329,PD,True,True,False,True
Roshan2016,NFSK balanced (Fig2b),Clone 26,3,3,FE7,13.333333333333332,PD,True,True,False,True
Roshan2016,NFSK balanced (Fig2b),Clone 26,3,3,FE8,13.499999999999996,PP,True,True,False,True
Roshan2016,NFSK balanced (Fig2b),Clone 26,4,4,FE9,29.499999999999996,DD,True,True,False,True
Roshan2016,NFSK balanced (Fig2b),Clone 26,4,4,FE10,13.333333333333334,DD,True,True,False,True
Roshan2016,NFSK balanced (Fig2b),Clone 26,4,4,FE11,19.666666666666664,DD,True,True,False,True
Roshan2016,NFSK balanced (Fig2b),Clone 27,1,1,FL4,16.5,PP,True,True,True,False
Roshan2016,NFSK balanced (Fig2b),Clone 27,2,2,FL5,11.333333333333336,PP,True,True,False,True
Roshan2016,NFSK balanced (Fig2b),Clone 27,2,2,FL6,12.333333333333332,PP,True,True,False,True
Roshan2016,NFSK balanced (Fig2b),Clone 27,3,3,FL7,12.166666666666664,DD,True,True,False,True
Roshan2016,NFSK balanced (Fig2b),Clone 27,3,3,FL8,16,PD,True,True,False,True
Roshan2016,NFSK balanced (Fig2b),Clone 27,3,3,FL9,21.333333333333332,PD,True,True,False,True
Roshan2016,NFSK balanced (Fig2b),Clone 27,3,3,FL10,11.666666666666668,DD,True,True,False,True
Roshan2016,NFSK balanced (Fig2b),Clone 27,4,4,FL11,15.333333333333332,DD,True,True,False,True
Roshan2016,NFSK balanced (Fig2b),Clone 27,4,4,FL12,10.499999999999996,DD,True,True,False,True
Roshan2016,NFSK balanced (Fig2b),Clone 28,1,1,FS4,31.333333333333336,PP,True,True,True,False
Roshan2016,NFSK balanced (Fig2b),Clone 28,2,2,FS5,12.499999999999998,PP,True,True,False,True
Roshan2016,NFSK balanced (Fig2b),Clone 28,2,2,FS6,18.333333333333336,PD,True,True,False,True
Roshan2016,NFSK balanced (Fig2b),Clone 28,3,3,FS7,14.333333333333336,PD,True,True,False,True
Roshan2016,NFSK balanced (Fig2b),Clone 28,3,3,FS8,14.333333333333336,DD,True,True,False,True
Roshan2016,NFSK balanced (Fig2b),Clone 28,3,3,FS9,16.500000000000007,PP,True,True,False,True
Roshan2016,NFSK balanced (Fig2b),Clone 28,4,4,FS10,18,PD,True,True,False,True
Roshan2016,NFSK balanced (Fig2b),Clone 28,4,4,FS11,15.000000000000004,DD,True,True,False,True
Roshan2016,NFSK balanced (Fig2b),Clone 28,4,4,FS12,24.333333333333332,DD,True,True,False,True
Roshan2016,NFSK balanced (Fig2b),Clone 28,5,5,FS13,40.499999999999986,DD,True,True,False,True
Roshan2016,NFSK balanced (Fig2b),Clone 29,1,1,FZ4,22,PP,True,True,True,False
Roshan2016,NFSK balanced (Fig2b),Clone 29,2,2,FZ5,12.333333333333336,PD,True,True,False,True
Roshan2016,NFSK balanced (Fig2b),Clone 29,2,2,FZ6,13.333333333333336,PP,True,True,False,True
Roshan2016,NFSK balanced (Fig2b),Clone 29,3,3,FZ7,31.499999999999993,PD,True,True,False,True
Roshan2016,NFSK balanced (Fig2b),Clone 29,3,3,FZ8,13.66666666666666,PD,True,True,False,True
Roshan2016,NFSK balanced (Fig2b),Clone 29,3,3,FZ9,13.66666666666666,PP,True,True,False,True
Roshan2016,NFSK balanced (Fig2b),Clone 29,4,4,FZ10,14.999999999999996,DD,True,True,False,True
Roshan2016,NFSK balanced (Fig2b),Clone 29,4,4,FZ11,19.499999999999996,DD,True,True,False,True
Roshan2016,NFSK balanced (Fig2b),Clone 29,4,4,FZ12,21.66666666666667,DD,True,True,False,True
Roshan2016,NFSK balanced (Fig2b),Clone 29,4,4,FZ13,26.666666666666664,DD,True,True,False,True
Roshan2016,NFSK balanced (Fig2b),Clone 30,1,1,GG4,22.666666666666668,PP,True,True,True,False
Roshan2016,NFSK balanced (Fig2b),Clone 30,2,2,GG5,14.166666666666668,PD,True,True,False,True
Roshan2016,NFSK balanced (Fig2b),Clone 30,2,2,GG6,14.666666666666664,PP,True,True,False,True
Roshan2016,NFSK balanced (Fig2b),Clone 30,3,3,GG7,13.500000000000004,PD,True,True,False,True
Roshan2016,NFSK balanced (Fig2b),Clone 30,3,3,GG8,13.666666666666666,DD,True,True,False,True
Roshan2016,NFSK balanced (Fig2b),Clone 30,3,3,GG9,16.833333333333336,PD,True,True,False,True
Roshan2016,NFSK balanced (Fig2b),Clone 30,4,4,GG10,16.666666666666664,PD,True,True,False,True
Roshan2016,NFSK balanced (Fig2b),Clone 30,4,4,GG11,16.500000000000007,DD,True,True,False,True
Roshan2016,NFSK balanced (Fig2b),Clone 30,5,5,GG12,12.5,PD,True,True,False,True
Roshan2016,NFSK balanced (Fig2b),Clone 30,6,6,GG13,10.166666666666668,DD,True,True,False,True
Roshan2016,NFSK balanced (Fig2b),Clone 31,1,1,GN4,35,PP,True,True,True,False
Roshan2016,NFSK balanced (Fig2b),Clone 31,2,2,GN5,12.000000000000005,PP,True,True,False,True
Roshan2016,NFSK balanced (Fig2b),Clone 31,2,2,GN6,13.833333333333337,PD,True,True,False,True
Roshan2016,NFSK balanced (Fig2b),Clone 31,3,3,GN7,11.666666666666671,PP,True,True,False,True
Roshan2016,NFSK balanced (Fig2b),Clone 31,3,3,GN8,12.499999999999996,PP,True,True,False,True
Roshan2016,NFSK balanced (Fig2b),Clone 31,3,3,GN9,11.166666666666668,PD,True,True,False,True
Roshan2016,NFSK balanced (Fig2b),Clone 31,4,4,GN10,12.333333333333337,DD,True,True,False,True
Roshan2016,NFSK balanced (Fig2b),Clone 31,4,4,GN11,16.333333333333336,DD,True,True,False,True
Roshan2016,NFSK balanced (Fig2b),Clone 31,4,4,GN12,12.66666666666667,DD,True,True,False,True
Roshan2016,NFSK balanced (Fig2b),Clone 31,4,4,GN13,12.66666666666667,DD,True,True,False,True
Roshan2016,NFSK balanced (Fig2b),Clone 31,4,4,GN14,27.999999999999996,DD,True,True,False,True
Roshan2016,NFSK balanced (Fig2b),Clone 32,1,1,GU4,16,PP,True,True,True,False
Roshan2016,NFSK balanced (Fig2b),Clone 32,2,2,GU5,10.500000000000004,PP,True,True,False,True
Roshan2016,NFSK balanced (Fig2b),Clone 32,2,2,GU6,10.500000000000004,PP,True,True,False,True
Roshan2016,NFSK balanced (Fig2b),Clone 32,3,3,GU7,13.000000000000004,DD,True,True,False,True
Roshan2016,NFSK balanced (Fig2b),Clone 32,3,3,GU8,10.166666666666664,PP,True,True,False,True
Roshan2016,NFSK balanced (Fig2b),Clone 32,3,3,GU9,10.166666666666664,PD,True,True,False,True
Roshan2016,NFSK balanced (Fig2b),Clone 32,3,3,GU10,10.166666666666664,PD,True,True,False,True
Roshan2016,NFSK balanced (Fig2b),Clone 32,4,4,GU11,10.666666666666668,DD,True,True,False,True
Roshan2016,NFSK balanced (Fig2b),Clone 32,4,4,GU12,11.500000000000004,DD,True,True,False,True
Roshan2016,NFSK balanced (Fig2b),Clone 32,4,4,GU13,14,DD,True,True,False,True
Roshan2016,NFSK balanced (Fig2b),Clone 32,4,4,GU14,24.833333333333336,DD,True,True,False,True
Roshan2016,NFSK balanced (Fig2b),Clone 33,1,1,HB4,22.833333333333332,PP,True,True,True,False
Roshan2016,NFSK balanced (Fig2b),Clone 33,2,2,HB5,12,PP,True,True,False,True
Roshan2016,NFSK balanced (Fig2b),Clone 33,2,2,HB6,13.666666666666671,PP,True,True,False,True
Roshan2016,NFSK balanced (Fig2b),Clone 33,3,3,HB7,9.999999999999995,DD,True,True,False,True
Roshan2016,NFSK balanced (Fig2b),Clone 33,3,3,HB8,13.833333333333332,DD,True,True,False,True
Roshan2016,NFSK balanced (Fig2b),Clone 33,3,3,HB9,12.499999999999996,PP,True,True,False,True
Roshan2016,NFSK balanced (Fig2b),Clone 33,3,3,HB10,13.833333333333336,PD,True,True,False,True
Roshan2016,NFSK balanced (Fig2b),Clone 33,4,4,HB11,50.33333333333334,DD,True,True,False,True
Roshan2016,NFSK balanced (Fig2b),Clone 33,4,4,HB12,48.16666666666666,DD,True,True,False,True
Roshan2016,NFSK balanced (Fig2b),Clone 33,4,4,HB13,45.833333333333336,PP,True,True,False,True
Roshan2016,NFSK balanced (Fig2b),Clone 33,5,5,HB14,31.166666666666664,UU,True,True,False,True
Roshan2016,NFSK balanced (Fig2b),Clone 33,5,5,HB15,30.16666666666668,UU,True,True,False,True
Roshan2016,NFSK balanced (Fig2b),Clone 34,1,1,HI4,29.666666666666668,PP,True,True,True,False
Roshan2016,NFSK balanced (Fig2b),Clone 34,2,2,HI5,12,PP,True,True,False,True
Roshan2016,NFSK balanced (Fig2b),Clone 34,2,2,HI6,13.5,PP,True,True,False,True
Roshan2016,NFSK balanced (Fig2b),Clone 34,3,3,HI7,12.500000000000004,DD,True,True,False,True
Roshan2016,NFSK balanced (Fig2b),Clone 34,3,3,HI8,13.333333333333329,DD,True,True,False,True
Roshan2016,NFSK balanced (Fig2b),Clone 34,3,3,HI9,16.166666666666668,PP,True,True,False,True
Roshan2016,NFSK balanced (Fig2b),Clone 34,3,3,HI10,12.666666666666664,DD,True,True,False,True
Roshan2016,NFSK balanced (Fig2b),Clone 34,4,4,HI11,26.83333333333333,PP,True,True,False,True
Roshan2016,NFSK balanced (Fig2b),Clone 34,4,4,HI12,38.166666666666664,DD,True,True,False,True
Roshan2016,NFSK balanced (Fig2b),Clone 34,5,5,HI13,16.666666666666668,DD,True,True,False,True
Roshan2016,NFSK balanced (Fig2b),Clone 34,5,5,HI14,10.333333333333325,PD,True,True,False,True
Roshan2016,NFSK balanced (Fig2b),Clone 34,6,6,HI15,40,PU,True,True,False,True
Roshan2016,NFSK balanced (Fig2b),Clone 34,7,7,HI16,12.166666666666671,UU,True,True,False,True
Roshan2016,NFSK balanced (Fig2b),Clone 35,1,1,HP4,21,PP,True,True,True,False
Roshan2016,NFSK balanced (Fig2b),Clone 35,2,2,HP5,13.166666666666668,PP,True,True,False,True
Roshan2016,NFSK balanced (Fig2b),Clone 35,2,2,HP6,15,PP,True,True,False,True
Roshan2016,NFSK balanced (Fig2b),Clone 35,3,3,HP7,10.833333333333334,PP,True,True,False,True
Roshan2016,NFSK balanced (Fig2b),Clone 35,3,3,HP8,14.833333333333329,PD,True,True,False,True
Roshan2016,NFSK balanced (Fig2b),Clone 35,3,3,HP9,12.999999999999996,DD,True,True,False,True
Roshan2016,NFSK balanced (Fig2b),Clone 35,3,3,HP10,14.333333333333336,PD,True,True,False,True
Roshan2016,NFSK balanced (Fig2b),Clone 35,4,4,HP11,14.666666666666668,PP,True,True,False,True
Roshan2016,NFSK balanced (Fig2b),Clone 35,4,4,HP12,14.833333333333329,DD,True,True,False,True
Roshan2016,NFSK balanced (Fig2b),Clone 35,4,4,HP13,14.833333333333336,PD,True,True,False,True
Roshan2016,NFSK balanced (Fig2b),Clone 35,4,4,HP14,16,DD,True,True,False,True
Roshan2016,NFSK balanced (Fig2b),Clone 35,5,5,HP15,7.6666666666666625,DD,True,True,False,True
Roshan2016,NFSK balanced (Fig2b),Clone 35,5,5,HP16,11.333333333333337,DD,True,True,False,True
Roshan2016,NFSK balanced (Fig2b),Clone 35,5,5,HP17,9.666666666666668,DD,True,True,False,True
Roshan2016,NFSK balanced (Fig2b),Clone 36,1,1,HW4,23.5,PP,True,True,True,False
Roshan2016,NFSK balanced (Fig2b),Clone 36,2,2,HW5,13.666666666666668,PP,True,True,False,True
Roshan2016,NFSK balanced (Fig2b),Clone 36,2,2,HW6,15.833333333333332,PP,True,True,False,True
Roshan2016,NFSK balanced (Fig2b),Clone 36,3,3,HW7,16.333333333333332,DD,True,True,False,True
Roshan2016,NFSK balanced (Fig2b),Clone 36,3,3,HW8,16.333333333333332,PD,True,True,False,True
Roshan2016,NFSK balanced (Fig2b),Clone 36,3,3,HW9,15.66666666666666,PP,True,True,False,True
Roshan2016,NFSK balanced (Fig2b),Clone 36,3,3,HW10,13.833333333333329,PD,True,True,False,True
Roshan2016,NFSK balanced (Fig2b),Clone 36,4,4,HW11,19.000000000000004,DD,True,True,False,True
Roshan2016,NFSK balanced (Fig2b),Clone 36,4,4,HW12,26.16666666666667,PP,True,True,False,True
Roshan2016,NFSK balanced (Fig2b),Clone 36,4,4,HW13,18.83333333333333,DD,True,True,False,True
Roshan2016,NFSK balanced (Fig2b),Clone 36,4,4,HW14,13.833333333333329,DD,True,True,False,True
Roshan2016,NFSK balanced (Fig2b),Clone 36,5,5,HW15,36.16666666666668,DD,True,True,False,True
Roshan2016,NFSK balanced (Fig2b),Clone 36,5,5,HW16,10.166666666666663,PD,True,True,False,True
Roshan2016,NFSK balanced (Fig2b),Clone 36,6,6,HW17,19.166666666666675,DD,True,True,False,True
Roshan2016,NFSK balanced (Fig2b),Clone 37,1,1,ID4,25.666666666666664,PP,True,True,True,False
Roshan2016,NFSK balanced (Fig2b),Clone 37,2,2,ID5,12.66666666666667,PP,True,True,False,True
Roshan2016,NFSK balanced (Fig2b),Clone 37,2,2,ID6,23.33333333333333,PP,True,True,False,True
Roshan2016,NFSK balanced (Fig2b),Clone 37,3,3,ID7,14.5,PP,True,True,False,True
Roshan2016,NFSK balanced (Fig2b),Clone 37,3,3,ID8,15.666666666666668,PD,True,True,False,True
Roshan2016,NFSK balanced (Fig2b),Clone 37,3,3,ID9,20.833333333333336,PP,True,True,False,True
Roshan2016,NFSK balanced (Fig2b),Clone 37,3,3,ID10,20.333333333333332,PD,True,True,False,True
Roshan2016,NFSK balanced (Fig2b),Clone 37,4,4,ID11,8.666666666666668,DD,True,True,False,True
Roshan2016,NFSK balanced (Fig2b),Clone 37,4,4,ID12,11.333333333333336,PD,True,True,False,True
Roshan2016,NFSK balanced (Fig2b),Clone 37,4,4,ID13,11.166666666666664,PD,True,True,False,True
Roshan2016,NFSK balanced (Fig2b),Clone 37,4,4,ID14,13.166666666666671,DD,True,True,False,True
Roshan2016,NFSK balanced (Fig2b),Clone 37,4,4,ID15,14.833333333333332,DD,True,True,False,True
Roshan2016,NFSK balanced (Fig2b),Clone 37,4,4,ID16,13.833333333333332,DD,True,True,False,True
Roshan2016,NFSK balanced (Fig2b),Clone 37,5,5,ID17,18.333333333333332,DD,True,True,False,True
Roshan2016,NFSK balanced (Fig2b),Clone 37,5,5,ID18,19.000000000000004,DD,True,True,False,True
Roshan2016,NFSK balanced (Fig2b),Clone 38,1,1,IK4,10,PP,True,True,True,False
Roshan2016,NFSK balanced (Fig2b),Clone 38,2,2,IK5,13.170000000000002,PD,True,True,False,True
Roshan2016,NFSK balanced (Fig2b),Clone 38,2,2,IK6,21,DD,True,True,False,True
Roshan2016,NFSK balanced (Fig2b),Clone 38,3,3,IK7,16.003333333333337,PP,True,True,False,True
Roshan2016,NFSK balanced (Fig2b),Clone 38,4,4,IK8,11.663333333333329,PD,True,True,False,True
Roshan2016,NFSK balanced (Fig2b),Clone 38,4,4,IK9,12.83333333333333,PP,True,True,False,True
Roshan2016,NFSK balanced (Fig2b),Clone 38,5,5,IK10,13.336666666666668,PP,True,True,False,True
Roshan2016,NFSK balanced (Fig2b),Clone 38,5,5,IK11,16.169999999999998,PD,True,True,False,True
Roshan2016,NFSK balanced (Fig2b),Clone 38,5,5,IK12,10.169999999999998,PD,True,True,False,True
Roshan2016,NFSK balanced (Fig2b),Clone 38,6,6,IK13,19.503333333333334,DD,True,True,False,True
Roshan2016,NFSK balanced (Fig2b),Clone 38,6,6,IK14,20.50333333333333,PP,True,True,False,True
Roshan2016,NFSK balanced (Fig2b),Clone 38,6,6,IK15,14.163333333333327,DD,True,True,False,True
Roshan2016,NFSK balanced (Fig2b),Clone 38,6,6,IK16,14.833333333333336,DD,True,True,False,True
Roshan2016,NFSK balanced (Fig2b),Clone 38,7,7,IK17,42.33333333333334,UU,True,True,False,True
Roshan2016,NFSK balanced (Fig2b),Clone 38,7,7,IK18,38.50333333333333,UU,True,True,False,True
Roshan2016,NFSK balanced (Fig2b),Clone 39,1,1,IR4,19.666666666666668,PP,True,True,True,False
Roshan2016,NFSK balanced (Fig2b),Clone 39,2,2,IR5,11.999999999999996,PP,True,True,False,True
Roshan2016,NFSK balanced (Fig2b),Clone 39,2,2,IR6,12.499999999999996,PP,True,True,False,True
Roshan2016,NFSK balanced (Fig2b),Clone 39,3,3,IR7,10.999999999999996,PP,True,True,False,True
Roshan2016,NFSK balanced (Fig2b),Clone 39,3,3,IR8,11.5,PP,True,True,False,True
Roshan2016,NFSK balanced (Fig2b),Clone 39,3,3,IR9,13.000000000000007,PD,True,True,False,True
Roshan2016,NFSK balanced (Fig2b),Clone 39,3,3,IR10,13.166666666666668,PP,True,True,False,True
Roshan2016,NFSK balanced (Fig2b),Clone 39,4,4,IR11,10.333333333333336,PD,True,True,False,True
Roshan2016,NFSK balanced (Fig2b),Clone 39,4,4,IR12,11.999999999999996,DD,True,True,False,True
Roshan2016,NFSK balanced (Fig2b),Clone 39,4,4,IR13,12.16666666666666,PD,True,True,False,True
Roshan2016,NFSK balanced (Fig2b),Clone 39,4,4,IR14,12.500000000000004,DD,True,True,False,True
Roshan2016,NFSK balanced (Fig2b),Clone 39,4,4,IR15,16.333333333333332,DD,True,True,False,True
Roshan2016,NFSK balanced (Fig2b),Clone 39,4,4,IR16,15.833333333333336,DD,True,True,False,True
Roshan2016,NFSK balanced (Fig2b),Clone 39,4,4,IR17,15.500000000000004,DD,True,True,False,True
Roshan2016,NFSK balanced (Fig2b),Clone 39,5,5,IR18,22.666666666666664,PD,True,True,False,True
Roshan2016,NFSK balanced (Fig2b),Clone 39,5,5,IR19,23.5,DD,True,True,False,True
Roshan2016,NFSK balanced (Fig2b),Clone 39,6,6,IR20,23.666666666666675,DD,True,True,False,True
Roshan2016,NFSK balanced (Fig2b),Clone 40,1,1,IY4,13.333333333333334,PP,True,True,True,False
Roshan2016,NFSK balanced (Fig2b),Clone 40,2,2,IY5,13.166666666666668,PP,True,True,False,True
Roshan2016,NFSK balanced (Fig2b),Clone 40,2,2,IY6,23.833333333333336,PD,True,True,False,True
Roshan2016,NFSK balanced (Fig2b),Clone 40,3,3,IY7,12.833333333333332,PP,True,True,False,True
Roshan2016,NFSK balanced (Fig2b),Clone 40,3,3,IY8,14,PP,True,True,False,True
Roshan2016,NFSK balanced (Fig2b),Clone 40,3,3,IY9,13.166666666666671,PP,True,True,False,True
Roshan2016,NFSK balanced (Fig2b),Clone 40,4,4,IY10,8.833333333333336,PD,True,True,False,True
Roshan2016,NFSK balanced (Fig2b),Clone 40,4,4,IY11,10.833333333333329,DD,True,True,False,True
Roshan2016,NFSK balanced (Fig2b),Clone 40,4,4,IY12,10.833333333333332,PP,True,True,False,True
Roshan2016,NFSK balanced (Fig2b),Clone 40,4,4,IY13,11.499999999999996,DD,True,True,False,True
Roshan2016,NFSK balanced (Fig2b),Clone 40,4,4,IY14,19.666666666666664,DD,True,True,False,True
Roshan2016,NFSK balanced (Fig2b),Clone 40,4,4,IY15,17.833333333333332,DD,True,True,False,True
Roshan2016,NFSK balanced (Fig2b),Clone 40,5,5,IY16,6.166666666666666,PD,True,True,False,True
Roshan2016,NFSK balanced (Fig2b),Clone 40,5,5,IY17,9.833333333333334,DD,True,True,False,True
Roshan2016,NFSK balanced (Fig2b),Clone 40,5,5,IY18,9.999999999999995,PD,True,True,False,True
Roshan2016,NFSK balanced (Fig2b),Clone 40,6,6,IY19,25.66666666666667,PD,True,True,False,True
Roshan2016,NFSK balanced (Fig2b),Clone 40,6,6,IY20,18.83333333333333,PD,True,True,False,True
Roshan2016,NFSK balanced (Fig2b),Clone 40,7,7,IY21,24.333333333333336,DD,True,True,False,True
Roshan2016,NFSK balanced (Fig2b),Clone 40,7,7,IY22,20.83333333333333,DD,True,True,False,True
Roshan2016,NFSK balanced (Fig2b),Clone 41,1,1,JF4,31.833333333333332,PP,True,True,True,False
Roshan2016,NFSK balanced (Fig2b),Clone 41,2,2,JF5,9.666666666666663,PP,True,True,False,True
Roshan2016,NFSK balanced (Fig2b),Clone 41,2,2,JF6,9.999999999999995,PP,True,True,False,True
Roshan2016,NFSK balanced (Fig2b),Clone 41,3,3,JF7,17.999999999999996,PP,True,True,False,True
Roshan2016,NFSK balanced (Fig2b),Clone 41,3,3,JF8,10.833333333333329,PD,True,True,False,True
Roshan2016,NFSK balanced (Fig2b),Clone 41,3,3,JF9,16.333333333333336,DD,True,True,False,True
Roshan2016,NFSK balanced (Fig2b),Clone 41,3,3,JF10,9.666666666666671,PP,True,True,False,True
Roshan2016,NFSK balanced (Fig2b),Clone 41,4,4,JF11,8.833333333333336,PD,True,True,False,True
Roshan2016,NFSK balanced (Fig2b),Clone 41,4,4,JF12,9.166666666666668,PP,True,True,False,True
Roshan2016,NFSK balanced (Fig2b),Clone 41,4,4,JF13,15.66666666666667,PD,True,True,False,True
Roshan2016,NFSK balanced (Fig2b),Clone 41,4,4,JF14,26.33333333333333,DD,True,True,False,True
Roshan2016,NFSK balanced (Fig2b),Clone 41,4,4,JF15,21.166666666666664,DD,True,True,False,True
Roshan2016,NFSK balanced (Fig2b),Clone 41,5,5,JF16,15.333333333333336,PD,True,True,False,True
Roshan2016,NFSK balanced (Fig2b),Clone 41,5,5,JF17,19.166666666666668,PD,True,True,False,True
Roshan2016,NFSK balanced (Fig2b),Clone 41,5,5,JF18,23.166666666666664,DD,True,True,False,True
Roshan2016,NFSK balanced (Fig2b),Clone 41,5,5,JF19,12.666666666666668,PP,True,True,False,True
Roshan2016,NFSK balanced (Fig2b),Clone 41,6,6,JF20,12,PD,True,True,False,True
Roshan2016,NFSK balanced (Fig2b),Clone 41,6,6,JF21,8.833333333333332,DD,True,True,False,True
Roshan2016,NFSK balanced (Fig2b),Clone 41,6,6,JF22,13.5,DD,True,True,False,True
Roshan2016,NFSK balanced (Fig2b),Clone 41,6,6,JF23,12.333333333333332,DD,True,True,False,True
Roshan2016,NFSK balanced (Fig2b),Clone 41,7,7,JF24,10.49999999999999,PD,True,True,False,True
Roshan2016,NFSK balanced (Fig2b),Clone 41,8,8,JF25,20.333333333333325,UU,True,True,False,True
Roshan2016,NFSK balanced (Fig2b),Clone 42,1,1,JM4,22.5,PD,True,True,True,False
Roshan2016,NFSK balanced (Fig2b),Clone 42,2,2,JM5,14.166666666666664,PP,True,True,False,True
Roshan2016,NFSK balanced (Fig2b),Clone 42,3,3,JM6,17.333333333333332,PP,True,True,False,True
Roshan2016,NFSK balanced (Fig2b),Clone 42,3,3,JM7,17.666666666666664,PP,True,True,False,True
Roshan2016,NFSK balanced (Fig2b),Clone 42,4,4,JM8,12.500000000000004,PP,True,True,False,True
Roshan2016,NFSK balanced (Fig2b),Clone 42,4,4,JM9,14.000000000000004,PP,True,True,False,True
Roshan2016,NFSK balanced (Fig2b),Clone 42,4,4,JM10,12.500000000000004,PP,True,True,False,True
Roshan2016,NFSK balanced (Fig2b),Clone 42,4,4,JM11,10.83333333333333,PD,True,True,False,True
Roshan2016,NFSK balanced (Fig2b),Clone 42,5,5,JM12,12.166666666666664,DD,True,True,False,True
Roshan2016,NFSK balanced (Fig2b),Clone 42,5,5,JM13,12.333333333333336,PD,True,True,False,True
Roshan2016,NFSK balanced (Fig2b),Clone 42,5,5,JM14,14.166666666666668,PP,True,True,False,True
Roshan2016,NFSK balanced (Fig2b),Clone 42,5,5,JM15,15.166666666666664,PD,True,True,False,True
Roshan2016,NFSK balanced (Fig2b),Clone 42,5,5,JM16,9.666666666666668,PP,True,True,False,True
Roshan2016,NFSK balanced (Fig2b),Clone 42,5,5,JM17,12.166666666666664,PD,True,True,False,True
Roshan2016,NFSK balanced (Fig2b),Clone 42,5,5,JM18,29.333333333333336,DD,True,True,False,True
Roshan2016,NFSK balanced (Fig2b),Clone 42,6,6,JM19,12.499999999999996,DD,True,True,False,True
Roshan2016,NFSK balanced (Fig2b),Clone 42,6,6,JM20,10.500000000000002,DD,True,True,False,True
Roshan2016,NFSK balanced (Fig2b),Clone 42,6,6,JM21,11.499999999999998,DD,True,True,False,True
Roshan2016,NFSK balanced (Fig2b),Clone 42,6,6,JM22,15.333333333333343,PP,True,True,False,True
Roshan2016,NFSK balanced (Fig2b),Clone 42,6,6,JM23,11.000000000000004,DD,True,True,False,True
Roshan2016,NFSK balanced (Fig2b),Clone 42,6,6,JM24,11.666666666666668,DD,True,True,False,True
Roshan2016,NFSK balanced (Fig2b),Clone 42,6,6,JM25,14.666666666666663,DD,True,True,False,True
Roshan2016,NFSK balanced (Fig2b),Clone 42,7,7,JM26,40.66666666666666,UU,True,True,False,True
Roshan2016,NFSK balanced (Fig2b),Clone 42,7,7,JM27,43.166666666666664,UU,True,True,False,True
Roshan2016,NFSK balanced (Fig2b),Clone 43,1,1,JT4,21.166666666666668,PP,True,True,True,False
Roshan2016,NFSK balanced (Fig2b),Clone 43,2,2,JT5,11.833333333333334,PP,True,True,False,True
Roshan2016,NFSK balanced (Fig2b),Clone 43,2,2,JT6,15.166666666666666,PP,True,True,False,True
Roshan2016,NFSK balanced (Fig2b),Clone 43,3,3,JT7,11.33333333333333,PP,True,True,False,True
Roshan2016,NFSK balanced (Fig2b),Clone 43,3,3,JT8,13.833333333333337,PP,True,True,False,True
Roshan2016,NFSK balanced (Fig2b),Clone 43,3,3,JT9,12.83333333333333,PP,True,True,False,True
Roshan2016,NFSK balanced (Fig2b),Clone 43,3,3,JT10,20.16666666666667,PD,True,True,False,True
Roshan2016,NFSK balanced (Fig2b),Clone 43,4,4,JT11,13.333333333333336,PP,True,True,False,True
Roshan2016,NFSK balanced (Fig2b),Clone 43,4,4,JT12,14.833333333333336,PP,True,True,False,True
Roshan2016,NFSK balanced (Fig2b),Clone 43,4,4,JT13,15.666666666666668,PD,True,True,False,True
Roshan2016,NFSK balanced (Fig2b),Clone 43,4,4,JT14,13.833333333333336,PD,True,True,False,True
Roshan2016,NFSK balanced (Fig2b),Clone 43,4,4,JT15,15.333333333333329,DD,True,True,False,True
Roshan2016,NFSK balanced (Fig2b),Clone 43,4,4,JT16,15.166666666666668,PD,True,True,False,True
Roshan2016,NFSK balanced (Fig2b),Clone 43,4,4,JT17,14.833333333333329,DD,True,True,False,True
Roshan2016,NFSK balanced (Fig2b),Clone 43,5,5,JT18,19,DD,True,True,False,True
Roshan2016,NFSK balanced (Fig2b),Clone 43,5,5,JT19,22.16666666666667,PD,True,True,False,True
Roshan2016,NFSK balanced (Fig2b),Clone 43,5,5,JT20,9.833333333333329,PD,True,True,False,True
Roshan2016,NFSK balanced (Fig2b),Clone 43,5,5,JT21,10.166666666666671,PP,True,True,False,True
Roshan2016,NFSK balanced (Fig2b),Clone 43,5,5,JT22,11.666666666666671,DD,True,True,False,True
Roshan2016,NFSK balanced (Fig2b),Clone 43,5,5,JT23,14.666666666666671,PD,True,True,False,True
Roshan2016,NFSK balanced (Fig2b),Clone 43,5,5,JT24,17.499999999999996,PD,True,True,False,True
Roshan2016,NFSK balanced (Fig2b),Clone 43,6,6,JT25,17.833333333333336,DD,True,True,False,True
Roshan2016,NFSK balanced (Fig2b),Clone 43,6,6,JT26,16.83333333333334,DD,True,True,False,True
Roshan2016,NFSK balanced (Fig2b),Clone 43,6,6,JT27,17.5,PD,True,True,False,True
Roshan2016,NFSK balanced (Fig2b),Clone 43,6,6,JT28,22.333333333333332,DD,True,True,False,True
Roshan2016,NFSK balanced (Fig2b),Clone 43,6,6,JT29,15.83333333333333,DD,True,True,False,True
Roshan2016,NFSK balanced (Fig2b),Clone 43,6,6,JT30,10.000000000000005,DD,True,True,False,True
Roshan2016,NFSK balanced (Fig2b),Clone 43,7,7,JT31,11.000000000000007,DD,True,True,False,True
Roshan2016,NFSK balanced (Fig2b),Clone 44,1,1,KA4,19.5,PP,True,True,True,False
Roshan2016,NFSK balanced (Fig2b),Clone 44,2,2,KA5,12.499999999999998,PP,True,True,False,True
Roshan2016,NFSK balanced (Fig2b),Clone 44,2,2,KA6,13.5,PP,True,True,False,True
Roshan2016,NFSK balanced (Fig2b),Clone 44,3,3,KA7,12.499999999999998,PP,True,True,False,True
Roshan2016,NFSK balanced (Fig2b),Clone 44,3,3,KA8,12.499999999999998,PP,True,True,False,True
Roshan2016,NFSK balanced (Fig2b),Clone 44,3,3,KA9,11.499999999999996,PD,True,True,False,True
Roshan2016,NFSK balanced (Fig2b),Clone 44,3,3,KA10,13.333333333333329,PP,True,True,False,True
Roshan2016,NFSK balanced (Fig2b),Clone 44,4,4,KA11,16.000000000000004,PD,True,True,False,True
Roshan2016,NFSK balanced (Fig2b),Clone 44,4,4,KA12,16.666666666666668,PP,True,True,False,True
Roshan2016,NFSK balanced (Fig2b),Clone 44,4,4,KA13,13.166666666666664,PP,True,True,False,True
Roshan2016,NFSK balanced (Fig2b),Clone 44,4,4,KA14,15.166666666666668,DD,True,True,False,True
Roshan2016,NFSK balanced (Fig2b),Clone 44,4,4,KA15,8.333333333333332,DD,True,True,False,True
Roshan2016,NFSK balanced (Fig2b),Clone 44,4,4,KA16,17.16666666666667,PP,True,True,False,True
Roshan2016,NFSK balanced (Fig2b),Clone 44,4,4,KA17,10.000000000000004,DD,True,True,False,True
Roshan2016,NFSK balanced (Fig2b),Clone 44,5,5,KA18,21.666666666666668,PP,True,True,False,True
Roshan2016,NFSK balanced (Fig2b),Clone 44,5,5,KA19,14.33333333333334,DD,True,True,False,True
Roshan2016,NFSK balanced (Fig2b),Clone 44,5,5,KA20,17.66666666666667,PD,True,True,False,True
Roshan2016,NFSK balanced (Fig2b),Clone 44,5,5,KA21,21.333333333333332,DD,True,True,False,True
Roshan2016,NFSK balanced (Fig2b),Clone 44,5,5,KA22,21.16666666666667,PP,True,True,False,True
Roshan2016,NFSK balanced (Fig2b),Clone 44,5,5,KA23,16.999999999999996,DD,True,True,False,True
Roshan2016,NFSK balanced (Fig2b),Clone 44,5,5,KA24,26.666666666666668,PP,True,True,False,True
Roshan2016,NFSK balanced (Fig2b),Clone 44,6,6,KA25,19.66666666666666,DD,True,True,False,True
Roshan2016,NFSK balanced (Fig2b),Clone 44,6,6,KA26,17.666666666666668,DD,True,True,False,True
Roshan2016,NFSK balanced (Fig2b),Clone 44,6,6,KA27,32.333333333333336,DD,True,True,False,True
Roshan2016,NFSK balanced (Fig2b),Clone 44,6,6,KA28,19.00000000000001,DD,True,True,False,True
Roshan2016,NFSK balanced (Fig2b),Clone 44,6,6,KA29,14.33333333333334,DD,True,True,False,True
Roshan2016,NFSK balanced (Fig2b),Clone 44,6,6,KA30,15.666666666666668,PD,True,True,False,True
Roshan2016,NFSK balanced (Fig2b),Clone 44,6,6,KA31,13.666666666666675,DD,True,True,False,True
Roshan2016,NFSK balanced (Fig2b),Clone 44,7,7,KA32,16.166666666666657,UU,True,True,False,True
Roshan2016,NFSK balanced (Fig2b),Clone 45,1,1,KH4,26.666666666666668,PP,True,True,True,False
Roshan2016,NFSK balanced (Fig2b),Clone 45,2,2,KH5,11.66666666666667,PP,True,True,False,True
Roshan2016,NFSK balanced (Fig2b),Clone 45,2,2,KH6,11.66666666666667,PP,True,True,False,True
Roshan2016,NFSK balanced (Fig2b),Clone 45,3,3,KH7,10.833333333333336,PD,True,True,False,True
Roshan2016,NFSK balanced (Fig2b),Clone 45,3,3,KH8,13.333333333333332,PP,True,True,False,True
Roshan2016,NFSK balanced (Fig2b),Clone 45,3,3,KH9,11.833333333333332,PD,True,True,False,True
Roshan2016,NFSK balanced (Fig2b),Clone 45,3,3,KH10,12.000000000000004,PP,True,True,False,True
Roshan2016,NFSK balanced (Fig2b),Clone 45,4,4,KH11,17.83333333333333,PD,True,True,False,True
Roshan2016,NFSK balanced (Fig2b),Clone 45,4,4,KH12,12.166666666666668,PD,True,True,False,True
Roshan2016,NFSK balanced (Fig2b),Clone 45,4,4,KH13,11.500000000000004,DD,True,True,False,True
Roshan2016,NFSK balanced (Fig2b),Clone 45,4,4,KH14,10.666666666666668,PP,True,True,False,True
Roshan2016,NFSK balanced (Fig2b),Clone 45,4,4,KH15,13.166666666666671,DD,True,True,False,True
Roshan2016,NFSK balanced (Fig2b),Clone 45,4,4,KH16,20.833333333333332,PP,True,True,False,True
Roshan2016,NFSK balanced (Fig2b),Clone 45,5,5,KH17,20.16666666666667,PD,True,True,False,True
Roshan2016,NFSK balanced (Fig2b),Clone 45,5,5,KH18,12.166666666666664,PD,True,True,False,True
Roshan2016,NFSK balanced (Fig2b),Clone 45,5,5,KH19,8.33333333333334,DD,True,True,False,True
Roshan2016,NFSK balanced (Fig2b),Clone 45,5,5,KH20,10.166666666666671,PP,True,True,False,True
Roshan2016,NFSK balanced (Fig2b),Clone 45,5,5,KH21,8,DD,True,True,False,True
Roshan2016,NFSK balanced (Fig2b),Clone 45,5,5,KH22,15.333333333333329,PP,True,True,False,True
Roshan2016,NFSK balanced (Fig2b),Clone 45,6,6,KH23,17.333333333333343,DD,True,True,False,True
Roshan2016,NFSK balanced (Fig2b),Clone 45,6,6,KH24,25.333333333333336,DD,True,True,False,True
Roshan2016,NFSK balanced (Fig2b),Clone 45,6,6,KH25,18.000000000000004,DD,True,True,False,True
Roshan2016,NFSK balanced (Fig2b),Clone 45,6,6,KH26,7.666666666666663,PP,True,True,False,True
Roshan2016,NFSK balanced (Fig2b),Clone 45,6,6,KH27,12.000000000000007,DD,True,True,False,True
Roshan2016,NFSK balanced (Fig2b),Clone 45,6,6,KH28,12.000000000000007,DD,True,True,False,True
Roshan2016,NFSK balanced (Fig2b),Clone 45,7,7,KH29,16.833333333333336,PP,True,True,False,True
Roshan2016,NFSK balanced (Fig2b),Clone 45,7,7,KH30,16.999999999999996,PD,True,True,False,True
Roshan2016,NFSK balanced (Fig2b),Clone 45,8,8,KH31,7.1666666666666705,DD,True,True,False,True
Roshan2016,NFSK balanced (Fig2b),Clone 45,8,8,KH32,8.833333333333332,DD,True,True,False,True
Roshan2016,NFSK balanced (Fig2b),Clone 45,8,8,KH33,8,DD,True,True,False,True
Roshan2016,NFSK balanced (Fig2b),Clone 46,1,1,KO4,12.166666666666666,PP,True,True,True,False
Roshan2016,NFSK balanced (Fig2b),Clone 46,2,2,KO5,9.666666666666668,PP,True,True,False,True
Roshan2016,NFSK balanced (Fig2b),Clone 46,2,2,KO6,15.833333333333336,PP,True,True,False,True
Roshan2016,NFSK balanced (Fig2b),Clone 46,3,3,KO7,12.833333333333332,PP,True,True,False,True
Roshan2016,NFSK balanced (Fig2b),Clone 46,3,3,KO8,13.333333333333332,PP,True,True,False,True
Roshan2016,NFSK balanced (Fig2b),Clone 46,3,3,KO9,11.333333333333332,PP,True,True,False,True
Roshan2016,NFSK balanced (Fig2b),Clone 46,3,3,KO10,16.166666666666664,PD,True,True,False,True
Roshan2016,NFSK balanced (Fig2b),Clone 46,4,4,KO11,10.333333333333334,PP,True,True,False,True
Roshan2016,NFSK balanced (Fig2b),Clone 46,4,4,KO12,13.166666666666663,DD,True,True,False,True
Roshan2016,NFSK balanced (Fig2b),Clone 46,4,4,KO13,11.166666666666663,PD,True,True,False,True
Roshan2016,NFSK balanced (Fig2b),Clone 46,4,4,KO14,10.83333333333333,PD,True,True,False,True
Roshan2016,NFSK balanced (Fig2b),Clone 46,4,4,KO15,10.499999999999996,PP,True,True,False,True
Roshan2016,NFSK balanced (Fig2b),Clone 46,4,4,KO16,11.499999999999993,PP,True,True,False,True
Roshan2016,NFSK balanced (Fig2b),Clone 46,4,4,KO17,12.5,PD,True,True,False,True
Roshan2016,NFSK balanced (Fig2b),Clone 46,5,5,KO18,10.5,DD,True,True,False,True
Roshan2016,NFSK balanced (Fig2b),Clone 46,5,5,KO19,10.833333333333332,DD,True,True,False,True
Roshan2016,NFSK balanced (Fig2b),Clone 46,5,5,KO20,14.666666666666664,DD,True,True,False,True
Roshan2016,NFSK balanced (Fig2b),Clone 46,5,5,KO21,12.333333333333329,PD,True,True,False,True
Roshan2016,NFSK balanced (Fig2b),Clone 46,5,5,KO22,9.33333333333333,DD,True,True,False,True
Roshan2016,NFSK balanced (Fig2b),Clone 46,5,5,KO23,12.999999999999996,PD,True,True,False,True
Roshan2016,NFSK balanced (Fig2b),Clone 46,5,5,KO24,10.666666666666666,PD,True,True,False,True
Roshan2016,NFSK balanced (Fig2b),Clone 46,5,5,KO25,12.333333333333337,DD,True,True,False,True
Roshan2016,NFSK balanced (Fig2b),Clone 46,5,5,KO26,9.999999999999998,PD,True,True,False,True
Roshan2016,NFSK balanced (Fig2b),Clone 46,6,6,KO27,14.33333333333333,PD,True,True,False,True
Roshan2016,NFSK balanced (Fig2b),Clone 46,6,6,KO28,24.5,PD,True,True,False,True
Roshan2016,NFSK balanced (Fig2b),Clone 46,6,6,KO29,39.666666666666664,DD,True,True,False,True
Roshan2016,NFSK balanced (Fig2b),Clone 46,6,6,KO30,13.666666666666668,PD,True,True,False,True
Roshan2016,NFSK balanced (Fig2b),Clone 46,7,7,KO31,11.666666666666664,DD,True,True,False,True
Roshan2016,NFSK balanced (Fig2b),Clone 46,7,7,KO32,27.666666666666675,DD,True,True,False,True
Roshan2016,NFSK balanced (Fig2b),Clone 46,7,7,KO33,13.833333333333332,PD,True,True,False,True
Roshan2016,NFSK balanced (Fig2b),Clone 46,8,8,KO34,20.333333333333325,DD,True,True,False,True
Roshan2016,NFSK balanced (Fig2b),Clone 47,1,1,KV4,8.5,PP,True,True,True,False
Roshan2016,NFSK balanced (Fig2b),Clone 47,2,2,KV5,16.5,PP,True,True,False,True
Roshan2016,NFSK balanced (Fig2b),Clone 47,2,2,KV6,16.5,PP,True,True,False,True
Roshan2016,NFSK balanced (Fig2b),Clone 47,3,3,KV7,10.833333333333334,PP,True,True,False,True
Roshan2016,NFSK balanced (Fig2b),Clone 47,3,3,KV8,11.166666666666666,PP,True,True,False,True
Roshan2016,NFSK balanced (Fig2b),Clone 47,3,3,KV9,11.333333333333332,PP,True,True,False,True
Roshan2016,NFSK balanced (Fig2b),Clone 47,3,3,KV10,11.666666666666664,PD,True,True,False,True
Roshan2016,NFSK balanced (Fig2b),Clone 47,4,4,KV11,9.66666666666667,PD,True,True,False,True
Roshan2016,NFSK balanced (Fig2b),Clone 47,4,4,KV12,10.666666666666666,PP,True,True,False,True
Roshan2016,NFSK balanced (Fig2b),Clone 47,4,4,KV13,13.166666666666663,DD,True,True,False,True
Roshan2016,NFSK balanced (Fig2b),Clone 47,4,4,KV14,10.666666666666666,PP,True,True,False,True
Roshan2016,NFSK balanced (Fig2b),Clone 47,4,4,KV15,14.16666666666666,DD,True,True,False,True
Roshan2016,NFSK balanced (Fig2b),Clone 47,4,4,KV16,14.833333333333336,DD,True,True,False,True
Roshan2016,NFSK balanced (Fig2b),Clone 47,4,4,KV17,18.5,DD,True,True,False,True
Roshan2016,NFSK balanced (Fig2b),Clone 47,5,5,KV18,25.833333333333332,PP,True,True,False,True
Roshan2016,NFSK balanced (Fig2b),Clone 47,5,5,KV19,12.833333333333336,DD,True,True,False,True
Roshan2016,NFSK balanced (Fig2b),Clone 47,5,5,KV20,16.33333333333333,PD,True,True,False,True
Roshan2016,NFSK balanced (Fig2b),Clone 47,5,5,KV21,17.499999999999996,DD,True,True,False,True
Roshan2016,NFSK balanced (Fig2b),Clone 47,5,5,KV22,11.166666666666664,PD,True,True,False,True
Roshan2016,NFSK balanced (Fig2b),Clone 47,6,6,KV23,15.83333333333334,UU,True,True,False,True
Roshan2016,NFSK balanced (Fig2b),Clone 47,6,6,KV24,16.500000000000004,UU,True,True,False,True
Roshan2016,NFSK balanced (Fig2b),Clone 47,6,6,KV25,9.83333333333333,PD,True,True,False,True
Roshan2016,NFSK balanced (Fig2b),Clone 47,6,6,KV26,22.499999999999993,UU,True,True,False,True
Roshan2016,NFSK balanced (Fig2b),Clone 47,7,7,KV27,16.83333333333333,UU,True,True,False,True
Roshan2016,NFSK balanced (Fig2b),Clone 48,1,1,LC4,21,PP,True,True,True,False
Roshan2016,NFSK balanced (Fig2b),Clone 48,2,2,LC5,12.666666666666664,PP,True,True,False,True
Roshan2016,NFSK balanced (Fig2b),Clone 48,2,2,LC6,13.000000000000002,PP,True,True,False,True
Roshan2016,NFSK balanced (Fig2b),Clone 48,3,3,LC7,14.000000000000004,PP,True,True,False,True
Roshan2016,NFSK balanced (Fig2b),Clone 48,3,3,LC8,17.83333333333334,PP,True,True,False,True
Roshan2016,NFSK balanced (Fig2b),Clone 48,3,3,LC9,12.333333333333327,PD,True,True,False,True
Roshan2016,NFSK balanced (Fig2b),Clone 48,3,3,LC10,10.499999999999996,DD,True,True,False,True
Roshan2016,NFSK balanced (Fig2b),Clone 48,4,4,LC11,7.833333333333332,PP,True,True,False,True
Roshan2016,NFSK balanced (Fig2b),Clone 48,4,4,LC12,8.333333333333336,PD,True,True,False,True
Roshan2016,NFSK balanced (Fig2b),Clone 48,4,4,LC13,10,PP,True,True,False,True
Roshan2016,NFSK balanced (Fig2b),Clone 48,4,4,LC14,9.333333333333336,DD,True,True,False,True
Roshan2016,NFSK balanced (Fig2b),Clone 48,4,4,LC15,13.499999999999996,DD,True,True,False,True
Roshan2016,NFSK balanced (Fig2b),Clone 48,5,5,LC16,9.500000000000004,PD,True,True,False,True
Roshan2016,NFSK balanced (Fig2b),Clone 48,5,5,LC17,9.666666666666664,DD,True,True,False,True
Roshan2016,NFSK balanced (Fig2b),Clone 48,5,5,LC18,13.000000000000002,PD,True,True,False,True
Roshan2016,NFSK balanced (Fig2b),Clone 48,5,5,LC19,8.499999999999996,PP,True,True,False,True
Roshan2016,NFSK balanced (Fig2b),Clone 48,5,5,LC20,8.666666666666668,PP,True,True,False,True
Roshan2016,NFSK balanced (Fig2b),Clone 48,6,6,LC21,9.833333333333329,PP,True,True,False,True
Roshan2016,NFSK balanced (Fig2b),Clone 48,6,6,LC22,15,PP,True,True,False,True
Roshan2016,NFSK balanced (Fig2b),Clone 48,6,6,LC23,11.666666666666664,DD,True,True,False,True
Roshan2016,NFSK balanced (Fig2b),Clone 48,6,6,LC24,9.333333333333329,PP,True,True,False,True
Roshan2016,NFSK balanced (Fig2b),Clone 48,6,6,LC25,20.166666666666664,PD,True,True,False,True
Roshan2016,NFSK balanced (Fig2b),Clone 48,6,6,LC26,23.666666666666668,DD,True,True,False,True
Roshan2016,NFSK balanced (Fig2b),Clone 48,7,7,LC27,12.499999999999998,PD,True,True,False,True
Roshan2016,NFSK balanced (Fig2b),Clone 48,7,7,LC28,13.166666666666663,DD,True,True,False,True
Roshan2016,NFSK balanced (Fig2b),Clone 48,7,7,LC29,16.000000000000007,DD,True,True,False,True
Roshan2016,NFSK balanced (Fig2b),Clone 48,7,7,LC30,15.499999999999993,DD,True,True,False,True
Roshan2016,NFSK balanced (Fig2b),Clone 48,7,7,LC31,15.66666666666667,PD,True,True,False,True
Roshan2016,NFSK balanced (Fig2b),Clone 48,7,7,LC32,19.833333333333336,PP,True,True,False,True
Roshan2016,NFSK balanced (Fig2b),Clone 48,7,7,LC33,11.333333333333325,DD,True,True,False,True
Roshan2016,NFSK balanced (Fig2b),Clone 48,8,8,LC34,14.833333333333336,PD,True,True,False,True
Roshan2016,NFSK balanced (Fig2b),Clone 48,8,8,LC35,20.999999999999993,DD,True,True,False,True
Roshan2016,NFSK balanced (Fig2b),Clone 48,8,8,LC36,14.833333333333334,DD,True,True,False,True
Roshan2016,NFSK balanced (Fig2b),Clone 48,8,8,LC37,14.333333333333341,DD,True,True,False,True
Roshan2016,NFSK balanced (Fig2b),Clone 48,9,9,LC38,26.16666666666667,UU,True,True,False,True
Roshan2016,NFSK balanced (Fig2b),Clone 49,1,1,LJ4,24.166666666666664,PP,True,True,True,False
Roshan2016,NFSK balanced (Fig2b),Clone 49,2,2,LJ5,13.5,PP,True,True,False,True
Roshan2016,NFSK balanced (Fig2b),Clone 49,2,2,LJ6,14.833333333333334,PP,True,True,False,True
Roshan2016,NFSK balanced (Fig2b),Clone 49,3,3,LJ7,16.666666666666664,PP,True,True,False,True
Roshan2016,NFSK balanced (Fig2b),Clone 49,3,3,LJ8,12.166666666666666,PD,True,True,False,True
Roshan2016,NFSK balanced (Fig2b),Clone 49,3,3,LJ9,15.333333333333332,PD,True,True,False,True
Roshan2016,NFSK balanced (Fig2b),Clone 49,3,3,LJ10,12.166666666666671,PP,True,True,False,True
Roshan2016,NFSK balanced (Fig2b),Clone 49,4,4,LJ11,32.5,PP,True,True,False,True
Roshan2016,NFSK balanced (Fig2b),Clone 49,4,4,LJ12,40,DD,True,True,False,True
Roshan2016,NFSK balanced (Fig2b),Clone 49,4,4,LJ13,19.66666666666667,PD,True,True,False,True
Roshan2016,NFSK balanced (Fig2b),Clone 49,4,4,LJ14,21.333333333333332,PD,True,True,False,True
Roshan2016,NFSK balanced (Fig2b),Clone 49,4,4,LJ15,13.666666666666666,DD,True,True,False,True
Roshan2016,NFSK balanced (Fig2b),Clone 49,4,4,LJ16,14.16666666666667,PP,True,True,False,True
Roshan2016,NFSK balanced (Fig2b),Clone 49,5,5,LJ17,19.666666666666664,UU,True,True,False,True
Roshan2016,NFSK balanced (Fig2b),Clone 49,5,5,LJ18,14.666666666666673,PP,True,True,False,True
Roshan2016,NFSK balanced (Fig2b),Clone 49,5,5,LJ19,15.666666666666668,DD,True,True,False,True
Roshan2016,NFSK balanced (Fig2b),Clone 49,5,5,LJ20,26.500000000000007,PU,True,True,False,True
Roshan2016,NFSK balanced (Fig2b),Clone 49,5,5,LJ21,15.666666666666668,PP,True,True,False,True
Roshan2016,NFSK balanced (Fig2b),Clone 49,5,5,LJ22,15.000000000000004,PP,True,True,False,True
Roshan2016,NFSK balanced (Fig2b),Clone 49,6,6,LJ23,15.5,UU,True,True,False,True
Roshan2016,NFSK balanced (Fig2b),Clone 49,6,6,LJ24,14.166666666666671,PU,True,True,False,True
Roshan2016,NFSK balanced (Fig2b),Clone 49,6,6,LJ25,24.5,UU,True,True,False,True
Roshan2016,NFSK balanced (Fig2b),Clone 49,6,6,LJ26,14.333333333333336,PD,True,True,False,True
Roshan2016,NFSK balanced (Fig2b),Clone 49,6,6,LJ27,15,PD,True,True,False,True
Roshan2016,NFSK balanced (Fig2b),Clone 49,6,6,LJ28,16.000000000000007,PD,True,True,False,True
Roshan2016,NFSK balanced (Fig2b),Clone 49,6,6,LJ29,20.166666666666664,UU,True,True,False,True
Roshan2016,NFSK balanced (Fig2b),Clone 49,7,7,LJ30,19.833333333333325,UU,True,True,False,True
Roshan2016,NFSK balanced (Fig2b),Clone 49,7,7,LJ31,25.33333333333333,UU,True,True,False,True
Roshan2016,NFSK balanced (Fig2b),Clone 49,7,7,LJ32,22.999999999999993,UU,True,True,False,True
Roshan2016,NFSK balanced (Fig2b),Clone 49,7,7,LJ33,18.833333333333325,UU,True,True,False,True
Roshan2016,NFSK balanced (Fig2b),Clone 50,1,1,LQ4,25,PP,True,True,True,False
Roshan2016,NFSK balanced (Fig2b),Clone 50,2,2,LQ5,11,PP,True,True,False,True
Roshan2016,NFSK balanced (Fig2b),Clone 50,2,2,LQ6,11.166666666666666,PP,True,True,False,True
Roshan2016,NFSK balanced (Fig2b),Clone 50,3,3,LQ7,11.666666666666668,PP,True,True,False,True
Roshan2016,NFSK balanced (Fig2b),Clone 50,3,3,LQ8,12.666666666666664,PP,True,True,False,True
Roshan2016,NFSK balanced (Fig2b),Clone 50,3,3,LQ9,12.66666666666667,PP,True,True,False,True
Roshan2016,NFSK balanced (Fig2b),Clone 50,3,3,LQ10,14.500000000000002,PP,True,True,False,True
Roshan2016,NFSK balanced (Fig2b),Clone 50,4,4,LQ11,11.666666666666668,PD,True,True,False,True
Roshan2016,NFSK balanced (Fig2b),Clone 50,4,4,LQ12,12.833333333333336,PP,True,True,False,True
Roshan2016,NFSK balanced (Fig2b),Clone 50,4,4,LQ13,11.666666666666664,PP,True,True,False,True
Roshan2016,NFSK balanced (Fig2b),Clone 50,4,4,LQ14,13.499999999999996,PP,True,True,False,True
Roshan2016,NFSK balanced (Fig2b),Clone 50,4,4,LQ15,13.666666666666664,PP,True,True,False,True
Roshan2016,NFSK balanced (Fig2b),Clone 50,4,4,LQ16,14.33333333333334,PD,True,True,False,True
Roshan2016,NFSK balanced (Fig2b),Clone 50,4,4,LQ17,12.999999999999996,PD,True,True,False,True
Roshan2016,NFSK balanced (Fig2b),Clone 50,4,4,LQ18,13.166666666666668,PP,True,True,False,True
Roshan2016,NFSK balanced (Fig2b),Clone 50,5,5,LQ19,11.499999999999998,DD,True,True,False,True
Roshan2016,NFSK balanced (Fig2b),Clone 50,5,5,LQ20,13.833333333333336,DD,True,True,False,True
Roshan2016,NFSK balanced (Fig2b),Clone 50,5,5,LQ21,12.833333333333329,PD,True,True,False,True
Roshan2016,NFSK balanced (Fig2b),Clone 50,5,5,LQ22,13.833333333333329,DD,True,True,False,True
Roshan2016,NFSK balanced (Fig2b),Clone 50,5,5,LQ23,14.999999999999996,PD,True,True,False,True
Roshan2016,NFSK balanced (Fig2b),Clone 50,5,5,LQ24,15.166666666666668,PP,True,True,False,True
Roshan2016,NFSK balanced (Fig2b),Clone 50,5,5,LQ25,16.000000000000004,PP,True,True,False,True
Roshan2016,NFSK balanced (Fig2b),Clone 50,5,5,LQ26,11.500000000000004,DD,True,True,False,True
Roshan2016,NFSK balanced (Fig2b),Clone 50,5,5,LQ27,16.000000000000004,DD,True,True,False,True
Roshan2016,NFSK balanced (Fig2b),Clone 50,5,5,LQ28,15.66666666666667,PD,True,True,False,True
Roshan2016,NFSK balanced (Fig2b),Clone 50,5,5,LQ29,13.499999999999996,PP,True,True,False,True
Roshan2016,NFSK balanced (Fig2b),Clone 50,5,5,LQ30,37.99999999999999,DD,True,True,False,True
Roshan2016,NFSK balanced (Fig2b),Clone 50,5,5,LQ31,18.499999999999996,PP,True,True,False,True
Roshan2016,NFSK balanced (Fig2b),Clone 50,6,6,LQ32,10.833333333333337,PD,True,True,False,True
Roshan2016,NFSK balanced (Fig2b),Clone 50,6,6,LQ33,8.666666666666666,PD,True,True,False,True
Roshan2016,NFSK balanced (Fig2b),Clone 50,6,6,LQ34,32.66666666666666,DD,True,True,False,True
Roshan2016,NFSK balanced (Fig2b),Clone 50,6,6,LQ35,32.66666666666666,DD,True,True,False,True
Roshan2016,NFSK balanced (Fig2b),Clone 50,6,6,LQ36,29,DD,True,True,False,True
Roshan2016,NFSK balanced (Fig2b),Clone 50,6,6,LQ37,21.16666666666668,DD,True,True,False,True
Roshan2016,NFSK balanced (Fig2b),Clone 50,6,6,LQ38,17.833333333333332,DD,True,True,False,True
Roshan2016,NFSK balanced (Fig2b),Clone 50,6,6,LQ39,19.99999999999999,PD,True,True,False,True
Roshan2016,NFSK balanced (Fig2b),Clone 50,6,6,LQ40,14.666666666666664,PD,True,True,False,True
Roshan2016,NFSK balanced (Fig2b),Clone 50,6,6,LQ41,5.33333333333333,DD,True,True,False,True
Roshan2016,NFSK balanced (Fig2b),Clone 50,6,6,LQ42,7.000000000000002,DD,True,True,False,True
Roshan2016,NFSK balanced (Fig2b),Clone 50,7,7,LQ43,17.833333333333336,PD,True,True,False,True
Roshan2016,NFSK balanced (Fig2b),Clone 50,7,7,LQ44,25.000000000000007,DD,True,True,False,True
Roshan2016,NFSK balanced (Fig2b),Clone 50,7,7,LQ45,21.500000000000004,DD,True,True,False,True
Roshan2016,NFSK balanced (Fig2b),Clone 50,7,7,LQ46,11.666666666666668,DD,True,True,False,True
Roshan2016,NFSK balanced (Fig2b),Clone 50,8,8,LQ47,16.66666666666667,DD,True,True,False,True
Roshan2016,NFSK balanced (Fig2b),Clone 51,1,1,LX4,6.5,PD,True,True,True,False
Roshan2016,NFSK balanced (Fig2b),Clone 51,2,2,LX5,18.333333333333336,PP,True,True,False,True
Roshan2016,NFSK balanced (Fig2b),Clone 51,3,3,LX6,18.666666666666668,PP,True,True,False,True
Roshan2016,NFSK balanced (Fig2b),Clone 51,3,3,LX7,22.666666666666664,PP,True,True,False,True
Roshan2016,NFSK balanced (Fig2b),Clone 51,4,4,LX8,11.166666666666664,PP,True,True,False,True
Roshan2016,NFSK balanced (Fig2b),Clone 51,4,4,LX9,15.500000000000004,PP,True,True,False,True
Roshan2016,NFSK balanced (Fig2b),Clone 51,4,4,LX10,32.50000000000001,PP,True,True,False,True
Roshan2016,NFSK balanced (Fig2b),Clone 51,4,4,LX11,17.333333333333332,PD,True,True,False,True
Roshan2016,NFSK balanced (Fig2b),Clone 51,5,5,LX12,14.833333333333336,PD,True,True,False,True
Roshan2016,NFSK balanced (Fig2b),Clone 51,5,5,LX13,23.833333333333336,PP,True,True,False,True
Roshan2016,NFSK balanced (Fig2b),Clone 51,5,5,LX14,22.833333333333336,PD,True,True,False,True
Roshan2016,NFSK balanced (Fig2b),Clone 51,5,5,LX15,15.000000000000005,PD,True,True,False,True
Roshan2016,NFSK balanced (Fig2b),Clone 51,5,5,LX16,13.000000000000002,PP,True,True,False,True
Roshan2016,NFSK balanced (Fig2b),Clone 51,5,5,LX17,11.166666666666668,PD,True,True,False,True
Roshan2016,NFSK balanced (Fig2b),Clone 51,5,5,LX18,28.833333333333332,PP,True,True,False,True
Roshan2016,NFSK balanced (Fig2b),Clone 51,6,6,LX19,19,PD,True,True,False,True
Roshan2016,NFSK balanced (Fig2b),Clone 51,6,6,LX20,13.166666666666673,PP,True,True,False,True
Roshan2016,NFSK balanced (Fig2b),Clone 51,6,6,LX21,13.666666666666666,PP,True,True,False,True
Roshan2016,NFSK balanced (Fig2b),Clone 51,6,6,LX22,13.166666666666668,PP,True,True,False,True
Roshan2016,NFSK balanced (Fig2b),Clone 51,6,6,LX23,15.833333333333329,PD,True,True,False,True
Roshan2016,NFSK balanced (Fig2b),Clone 51,6,6,LX24,12,DD,True,True,False,True
Roshan2016,NFSK balanced (Fig2b),Clone 51,6,6,LX25,12.833333333333336,DD,True,True,False,True
Roshan2016,NFSK balanced (Fig2b),Clone 51,6,6,LX26,13.833333333333332,PD,True,True,False,True
Roshan2016,NFSK balanced (Fig2b),Clone 51,6,6,LX27,12.166666666666668,PP,True,True,False,True
Roshan2016,NFSK balanced (Fig2b),Clone 51,6,6,LX28,12.33333333333334,PD,True,True,False,True
Roshan2016,NFSK balanced (Fig2b),Clone 51,7,7,LX29,10.833333333333343,PD,True,True,False,True
Roshan2016,NFSK balanced (Fig2b),Clone 51,7,7,LX30,13.666666666666675,PD,True,True,False,True
Roshan2016,NFSK balanced (Fig2b),Clone 51,7,7,LX31,17.49999999999999,DD,True,True,False,True
Roshan2016,NFSK balanced (Fig2b),Clone 51,7,7,LX32,14.666666666666675,PD,True,True,False,True
Roshan2016,NFSK balanced (Fig2b),Clone 51,7,7,LX33,14.666666666666675,DD,True,True,False,True
Roshan2016,NFSK balanced (Fig2b),Clone 51,7,7,LX34,13.333333333333343,PP,True,True,False,True
Roshan2016,NFSK balanced (Fig2b),Clone 51,7,7,LX35,13.666666666666664,PP,True,True,False,True
Roshan2016,NFSK balanced (Fig2b),Clone 51,7,7,LX36,14.16666666666666,PD,True,True,False,True
Roshan2016,NFSK balanced (Fig2b),Clone 51,7,7,LX37,7.000000000000007,DD,True,True,False,True
Roshan2016,NFSK balanced (Fig2b),Clone 51,7,7,LX38,17.166666666666664,UU,True,True,False,True
Roshan2016,NFSK balanced (Fig2b),Clone 51,7,7,LX39,18.16666666666667,UU,True,True,False,True
Roshan2016,NFSK balanced (Fig2b),Clone 51,7,7,LX40,12.000000000000005,PD,True,True,False,True
Roshan2016,NFSK balanced (Fig2b),Clone 51,8,8,LX41,15.333333333333332,DD,True,True,False,True
Roshan2016,NFSK balanced (Fig2b),Clone 51,8,8,LX42,12.833333333333325,DD,True,True,False,True
Roshan2016,NFSK balanced (Fig2b),Clone 51,8,8,LX43,15.999999999999996,UU,True,True,False,True
Roshan2016,NFSK balanced (Fig2b),Clone 51,8,8,LX44,11.666666666666664,DD,True,True,False,True
Roshan2016,NFSK balanced (Fig2b),Clone 51,8,8,LX45,14,UU,True,True,False,True
Roshan2016,NFSK balanced (Fig2b),Clone 51,8,8,LX46,12.833333333333332,UU,True,True,False,True
Roshan2016,NFSK balanced (Fig2b),Clone 51,8,8,LX47,11.333333333333332,PD,True,True,False,True
Roshan2016,NFSK balanced (Fig2b),Clone 51,8,8,LX48,13.499999999999995,PD,True,True,False,True
Roshan2016,NFSK balanced (Fig2b),Clone 51,8,8,LX49,24.500000000000004,UU,True,True,False,True
Roshan2016,NFSK balanced (Fig2b),Clone 51,9,9,LX50,19.166666666666657,UU,True,True,False,True
Roshan2016,NFSK balanced (Fig2b),Clone 51,9,9,LX51,15.333333333333336,UU,True,True,False,True
Roshan2016,NFSK balanced (Fig2b),Clone 52,1,1,ME4,21,PP,True,True,True,False
Roshan2016,NFSK balanced (Fig2b),Clone 52,2,2,ME5,11.166666666666664,PP,True,True,False,True
Roshan2016,NFSK balanced (Fig2b),Clone 52,2,2,ME6,13.5,PP,True,True,False,True
Roshan2016,NFSK balanced (Fig2b),Clone 52,3,3,ME7,10.000000000000005,PP,True,True,False,True
Roshan2016,NFSK balanced (Fig2b),Clone 52,3,3,ME8,13.833333333333332,PP,True,True,False,True
Roshan2016,NFSK balanced (Fig2b),Clone 52,3,3,ME9,12.999999999999996,PP,True,True,False,True
Roshan2016,NFSK balanced (Fig2b),Clone 52,3,3,ME10,14.166666666666664,PP,True,True,False,True
Roshan2016,NFSK balanced (Fig2b),Clone 52,4,4,ME11,11.333333333333329,PP,True,True,False,True
Roshan2016,NFSK balanced (Fig2b),Clone 52,4,4,ME12,11.833333333333332,PP,True,True,False,True
Roshan2016,NFSK balanced (Fig2b),Clone 52,4,4,ME13,10.833333333333329,PD,True,True,False,True
Roshan2016,NFSK balanced (Fig2b),Clone 52,4,4,ME14,15.5,PP,True,True,False,True
Roshan2016,NFSK balanced (Fig2b),Clone 52,4,4,ME15,10.499999999999996,DD,True,True,False,True
Roshan2016,NFSK balanced (Fig2b),Clone 52,4,4,ME16,13.166666666666664,PP,True,True,False,True
Roshan2016,NFSK balanced (Fig2b),Clone 52,4,4,ME17,17.16666666666666,PP,True,True,False,True
Roshan2016,NFSK balanced (Fig2b),Clone 52,4,4,ME18,17,PP,True,True,False,True
Roshan2016,NFSK balanced (Fig2b),Clone 52,5,5,ME19,10.499999999999996,PD,True,True,False,True
Roshan2016,NFSK balanced (Fig2b),Clone 52,5,5,ME20,13.666666666666668,PP,True,True,False,True
Roshan2016,NFSK balanced (Fig2b),Clone 52,5,5,ME21,15.500000000000004,PD,True,True,False,True
Roshan2016,NFSK balanced (Fig2b),Clone 52,5,5,ME22,15.500000000000004,DD,True,True,False,True
Roshan2016,NFSK balanced (Fig2b),Clone 52,5,5,ME23,10.666666666666666,PP,True,True,False,True
Roshan2016,NFSK balanced (Fig2b),Clone 52,5,5,ME24,14.166666666666664,PD,True,True,False,True
Roshan2016,NFSK balanced (Fig2b),Clone 52,5,5,ME25,12.833333333333336,PD,True,True,False,True
Roshan2016,NFSK balanced (Fig2b),Clone 52,5,5,ME26,17.500000000000004,PD,True,True,False,True
Roshan2016,NFSK balanced (Fig2b),Clone 52,5,5,ME27,25.33333333333334,PD,True,True,False,True
Roshan2016,NFSK balanced (Fig2b),Clone 52,5,5,ME28,13.166666666666664,DD,True,True,False,True
Roshan2016,NFSK balanced (Fig2b),Clone 52,5,5,ME29,12.5,DD,True,True,False,True
Roshan2016,NFSK balanced (Fig2b),Clone 52,5,5,ME30,20.83333333333333,PP,True,True,False,True
Roshan2016,NFSK balanced (Fig2b),Clone 52,5,5,ME31,16.66666666666666,PP,True,True,False,True
Roshan2016,NFSK balanced (Fig2b),Clone 52,6,6,ME32,13.000000000000004,PD,True,True,False,True
Roshan2016,NFSK balanced (Fig2b),Clone 52,6,6,ME33,24.500000000000004,PD,True,True,False,True
Roshan2016,NFSK balanced (Fig2b),Clone 52,6,6,ME34,31.166666666666668,DD,True,True,False,True
Roshan2016,NFSK balanced (Fig2b),Clone 52,6,6,ME35,18.333333333333336,PP,True,True,False,True
Roshan2016,NFSK balanced (Fig2b),Clone 52,6,6,ME36,15.666666666666664,DD,True,True,False,True
Roshan2016,NFSK balanced (Fig2b),Clone 52,6,6,ME37,15.666666666666664,PD,True,True,False,True
Roshan2016,NFSK balanced (Fig2b),Clone 52,6,6,ME38,16.666666666666668,PD,True,True,False,True
Roshan2016,NFSK balanced (Fig2b),Clone 52,6,6,ME39,19,PD,True,True,False,True
Roshan2016,NFSK balanced (Fig2b),Clone 52,6,6,ME40,15.83333333333333,PD,True,True,False,True
Roshan2016,NFSK balanced (Fig2b),Clone 52,6,6,ME41,15.333333333333336,DD,True,True,False,True
Roshan2016,NFSK balanced (Fig2b),Clone 52,6,6,ME42,9.833333333333343,PD,True,True,False,True
Roshan2016,NFSK balanced (Fig2b),Clone 52,6,6,ME43,11,DD,True,True,False,True
Roshan2016,NFSK balanced (Fig2b),Clone 52,6,6,ME44,18.333333333333336,DD,True,True,False,True
Roshan2016,NFSK balanced (Fig2b),Clone 52,6,6,ME45,15.666666666666659,DD,True,True,False,True
Roshan2016,NFSK balanced (Fig2b),Clone 52,7,7,ME46,10.999999999999996,PD,True,True,False,True
Roshan2016,NFSK balanced (Fig2b),Clone 52,7,7,ME47,15.000000000000004,PP,True,True,False,True
Roshan2016,NFSK balanced (Fig2b),Clone 52,7,7,ME48,9.166666666666675,DD,True,True,False,True
Roshan2016,NFSK balanced (Fig2b),Clone 52,7,7,ME49,13.500000000000004,DD,True,True,False,True
Roshan2016,NFSK balanced (Fig2b),Clone 52,7,7,ME50,13.166666666666679,PP,True,True,False,True
Roshan2016,NFSK balanced (Fig2b),Clone 52,7,7,ME51,15.499999999999996,DD,True,True,False,True
Roshan2016,NFSK balanced (Fig2b),Clone 52,7,7,ME52,17.83333333333334,DD,True,True,False,True
Roshan2016,NFSK balanced (Fig2b),Clone 52,7,7,ME53,13.666666666666657,DD,True,True,False,True
Roshan2016,NFSK balanced (Fig2b),Clone 52,7,7,ME54,14.83333333333334,DD,True,True,False,True
Roshan2016,NFSK balanced (Fig2b),Clone 52,8,8,ME55,15.833333333333343,PP,True,True,False,True
Roshan2016,NFSK balanced (Fig2b),Clone 52,8,8,ME56,9.333333333333327,DD,True,True,False,True
Roshan2016,NFSK balanced (Fig2b),Clone 52,8,8,ME57,14.16666666666667,UU,True,True,False,True
Roshan2016,NFSK balanced (Fig2b),Clone 52,8,8,ME58,13.66666666666666,DD,True,True,False,True
Roshan2016,NFSK balanced (Fig2b),Clone 52,8,8,ME59,13.833333333333332,PD,True,True,False,True
Roshan2016,NFSK balanced (Fig2b),Clone 52,9,9,ME60,12.333333333333332,DD,True,True,False,True
Roshan2016,NFSK balanced (Fig2b),Clone 52,9,9,ME61,18.999999999999996,UU,True,True,False,True
Roshan2016,NFSK balanced (Fig2b),Clone 52,9,9,ME62,9.166666666666668,DD,True,True,False,True
Roshan2016,NFSK balanced (Fig2b),Clone 55,1,1,ML4,8.333333333333334,DD,True,True,True,False
Roshan2016,NFSK balanced (Fig2b),Clone 56,1,1,MS4,62.166666666666664,DD,True,True,True,False
Roshan2016,NFSK balanced (Fig2b),Clone 57,1,1,MZ4,11,DD,True,True,True,False
Roshan2016,NFSK balanced (Fig2b),Clone 58,1,1,NG4,66.16666666666667,PD,True,True,True,False
Roshan2016,NFSK balanced (Fig2b),Clone 58,2,2,NG5,32.166666666666664,DD,True,True,False,True
Roshan2016,NFSK balanced (Fig2b),Clone 59,1,1,NN4,8.833333333333334,PD,True,True,True,False
Roshan2016,NFSK balanced (Fig2b),Clone 59,2,2,NN5,21.666666666666664,PD,True,True,False,True
Roshan2016,NFSK balanced (Fig2b),Clone 59,3,3,NN6,48.16666666666666,DD,True,True,False,True
Roshan2016,NFSK balanced (Fig2b),Clone 60,1,1,NU4,19.5,PP,True,True,True,False
Roshan2016,NFSK balanced (Fig2b),Clone 60,2,2,NU5,16,PD,True,True,False,True
Roshan2016,NFSK balanced (Fig2b),Clone 60,2,2,NU6,30.16666666666667,DD,True,True,False,True
Roshan2016,NFSK balanced (Fig2b),Clone 60,3,3,NU7,14.999999999999995,DD,True,True,False,True
Roshan2016,NFSK balanced (Fig2b),Clone 61,1,1,OB4,25.833333333333332,PP,True,True,True,False
Roshan2016,NFSK balanced (Fig2b),Clone 61,2,2,OB5,16.5,PD,True,True,False,True
Roshan2016,NFSK balanced (Fig2b),Clone 61,2,2,OB6,17.499999999999996,DD,True,True,False,True
Roshan2016,NFSK balanced (Fig2b),Clone 61,3,3,OB7,19.66666666666667,DD,True,True,False,True
Roshan2016,NFSK balanced (Fig2b),Clone 62,1,1,OI4,11.666666666666666,PP,True,True,True,False
Roshan2016,NFSK balanced (Fig2b),Clone 62,2,2,OI5,18.83333333333333,PP,True,True,False,True
Roshan2016,NFSK balanced (Fig2b),Clone 62,2,2,OI6,23.499999999999996,DD,True,True,False,True
Roshan2016,NFSK balanced (Fig2b),Clone 62,3,3,OI7,21.000000000000007,DD,True,True,False,True
Roshan2016,NFSK balanced (Fig2b),Clone 62,3,3,OI8,21.5,DD,True,True,False,True
Roshan2016,NFSK balanced (Fig2b),Clone 63,1,1,OP4,20.166666666666668,PD,True,True,True,False
Roshan2016,NFSK balanced (Fig2b),Clone 63,2,2,OP5,14.333333333333332,PP,True,True,False,True
Roshan2016,NFSK balanced (Fig2b),Clone 63,3,3,OP6,14.499999999999996,DD,True,True,False,True
Roshan2016,NFSK balanced (Fig2b),Clone 63,3,3,OP7,15.999999999999996,PP,True,True,False,True
Roshan2016,NFSK balanced (Fig2b),Clone 63,4,4,OP8,13.499999999999996,DD,True,True,False,True
Roshan2016,NFSK balanced (Fig2b),Clone 63,4,4,OP9,23.500000000000004,DD,True,True,False,True
Roshan2016,NFSK balanced (Fig2b),Clone 64,1,1,OW4,18,PP,True,True,True,False
Roshan2016,NFSK balanced (Fig2b),Clone 64,2,2,OW5,18.500000000000004,PP,True,True,False,True
Roshan2016,NFSK balanced (Fig2b),Clone 64,2,2,OW6,27.500000000000004,PD,True,True,False,True
Roshan2016,NFSK balanced (Fig2b),Clone 64,3,3,OW7,13,DD,True,True,False,True
Roshan2016,NFSK balanced (Fig2b),Clone 64,3,3,OW8,22,DD,True,True,False,True
Roshan2016,NFSK balanced (Fig2b),Clone 64,3,3,OW9,13.833333333333336,DD,True,True,False,True
Roshan2016,NFSK balanced (Fig2b),Clone 65,1,1,PD4,14.833333333333334,PP,True,True,True,False
Roshan2016,NFSK balanced (Fig2b),Clone 65,2,2,PD5,13.833333333333332,PP,True,True,False,True
Roshan2016,NFSK balanced (Fig2b),Clone 65,2,2,PD6,25.333333333333336,PD,True,True,False,True
Roshan2016,NFSK balanced (Fig2b),Clone 65,3,3,PD7,72.33333333333331,DD,True,True,False,True
Roshan2016,NFSK balanced (Fig2b),Clone 65,3,3,PD8,77.16666666666666,DD,True,True,False,True
Roshan2016,NFSK balanced (Fig2b),Clone 65,3,3,PD9,60.83333333333333,PD,True,True,False,True
Roshan2016,NFSK balanced (Fig2b),Clone 65,4,4,PD10,31.16666666666667,UU,True,True,False,True
Roshan2016,NFSK balanced (Fig2b),Clone 66,1,1,PK4,20.166666666666668,PP,True,True,True,False
Roshan2016,NFSK balanced (Fig2b),Clone 66,2,2,PK5,22.83333333333333,PD,True,True,False,True
Roshan2016,NFSK balanced (Fig2b),Clone 66,2,2,PK6,23.500000000000004,PD,True,True,False,True
Roshan2016,NFSK balanced (Fig2b),Clone 66,3,3,PK7,20.666666666666664,PP,True,True,False,True
Roshan2016,NFSK balanced (Fig2b),Clone 66,3,3,PK8,22.333333333333332,DD,True,True,False,True
Roshan2016,NFSK balanced (Fig2b),Clone 66,4,4,PK9,28.66666666666667,DD,True,True,False,True
Roshan2016,NFSK balanced (Fig2b),Clone 66,4,4,PK10,25.66666666666667,PD,True,True,False,True
Roshan2016,NFSK balanced (Fig2b),Clone 66,5,5,PK11,18.166666666666675,DD,True,True,False,True
Roshan2016,NFSK balanced (Fig2b),Clone 67,1,1,PR4,42,PP,True,True,True,False
Roshan2016,NFSK balanced (Fig2b),Clone 67,2,2,PR5,24.500000000000004,PP,True,True,False,True
Roshan2016,NFSK balanced (Fig2b),Clone 67,2,2,PR6,26.333333333333336,PP,True,True,False,True
Roshan2016,NFSK balanced (Fig2b),Clone 67,3,3,PR7,68.99999999999999,UU,True,True,False,True
Roshan2016,NFSK balanced (Fig2b),Clone 67,3,3,PR8,38.16666666666666,DD,True,True,False,True
Roshan2016,NFSK balanced (Fig2b),Clone 67,3,3,PR9,30.33333333333332,DD,True,True,False,True
Roshan2016,NFSK balanced (Fig2b),Clone 67,3,3,PR10,21.666666666666668,PP,True,True,False,True
Roshan2016,NFSK balanced (Fig2b),Clone 67,4,4,PR11,31.999999999999993,DD,True,True,False,True
Roshan2016,NFSK balanced (Fig2b),Clone 67,4,4,PR12,42.49999999999999,PD,True,True,False,True
Roshan2016,NFSK balanced (Fig2b),Clone 67,5,5,PR13,19.499999999999993,DD,True,True,False,True
Roshan2016,NFSK balanced (Fig2b),Clone 68,1,1,PY4,22.833333333333332,PP,True,True,True,False
Roshan2016,NFSK balanced (Fig2b),Clone 68,2,2,PY5,29.000000000000004,PP,True,True,False,True
Roshan2016,NFSK balanced (Fig2b),Clone 68,2,2,PY6,29.666666666666668,PP,True,True,False,True
Roshan2016,NFSK balanced (Fig2b),Clone 68,3,3,PY7,12.83333333333334,PD,True,True,False,True
Roshan2016,NFSK balanced (Fig2b),Clone 68,3,3,PY8,13.333333333333332,DD,True,True,False,True
Roshan2016,NFSK balanced (Fig2b),Clone 68,3,3,PY9,15,DD,True,True,False,True
Roshan2016,NFSK balanced (Fig2b),Clone 68,3,3,PY10,16.33333333333333,PD,True,True,False,True
Roshan2016,NFSK balanced (Fig2b),Clone 68,4,4,PY11,16.999999999999996,PD,True,True,False,True
Roshan2016,NFSK balanced (Fig2b),Clone 68,4,4,PY12,14.500000000000004,DD,True,True,False,True
Roshan2016,NFSK balanced (Fig2b),Clone 68,5,5,PY13,19.999999999999993,DD,True,True,False,True
Roshan2016,NFSK balanced (Fig2b),Clone 69,1,1,QF4,29,PP,True,True,True,False
Roshan2016,NFSK balanced (Fig2b),Clone 69,2,2,QF5,14.5,PP,True,True,False,True
Roshan2016,NFSK balanced (Fig2b),Clone 69,2,2,QF6,26.33333333333333,PP,True,True,False,True
Roshan2016,NFSK balanced (Fig2b),Clone 69,3,3,QF7,38.83333333333333,DD,True,True,False,True
Roshan2016,NFSK balanced (Fig2b),Clone 69,3,3,QF8,29.499999999999996,DD,True,True,False,True
Roshan2016,NFSK balanced (Fig2b),Clone 69,3,3,QF9,48.33333333333334,PP,True,True,False,True
Roshan2016,NFSK balanced (Fig2b),Clone 69,3,3,QF10,47.33333333333333,DD,True,True,False,True
Roshan2016,NFSK balanced (Fig2b),Clone 69,4,4,QF11,22.500000000000007,PP,True,True,False,True
Roshan2016,NFSK balanced (Fig2b),Clone 69,4,4,QF12,27.16666666666668,UU,True,True,False,True
Roshan2016,NFSK balanced (Fig2b),Clone 69,5,5,QF13,21.833333333333343,UU,True,True,False,True
Roshan2016,NFSK balanced (Fig2b),Clone 69,5,5,QF14,24.16666666666668,UU,True,True,False,True
Roshan2016,NFSK balanced (Fig2b),Clone 70,1,1,QM4,17.833333333333332,PP,True,True,True,False
Roshan2016,NFSK balanced (Fig2b),Clone 70,2,2,QM5,12.666666666666668,PP,True,True,False,True
Roshan2016,NFSK balanced (Fig2b),Clone 70,2,2,QM6,13.166666666666671,PP,True,True,False,True
Roshan2016,NFSK balanced (Fig2b),Clone 70,3,3,QM7,14.33333333333333,PD,True,True,False,True
Roshan2016,NFSK balanced (Fig2b),Clone 70,3,3,QM8,15.166666666666666,PD,True,True,False,True
Roshan2016,NFSK balanced (Fig2b),Clone 70,3,3,QM9,16.166666666666664,DD,True,True,False,True
Roshan2016,NFSK balanced (Fig2b),Clone 70,3,3,QM10,17.833333333333336,PD,True,True,False,True
Roshan2016,NFSK balanced (Fig2b),Clone 70,4,4,QM11,11.166666666666671,DD,True,True,False,True
Roshan2016,NFSK balanced (Fig2b),Clone 70,4,4,QM12,14.333333333333332,PD,True,True,False,True
Roshan2016,NFSK balanced (Fig2b),Clone 70,4,4,QM13,17.833333333333332,DD,True,True,False,True
Roshan2016,NFSK balanced (Fig2b),Clone 70,5,5,QM14,47.333333333333336,DD,True,True,False,True
Roshan2016,NFSK balanced (Fig2b),Clone 71,1,1,QT4,7.333333333333332,PP,True,True,True,False
Roshan2016,NFSK balanced (Fig2b),Clone 71,2,2,QT5,38.99999999999999,PP,True,True,False,True
Roshan2016,NFSK balanced (Fig2b),Clone 71,2,2,QT6,47.16666666666667,PD,True,True,False,True
Roshan2016,NFSK balanced (Fig2b),Clone 71,3,3,QT7,34.16666666666667,PP,True,True,False,True
Roshan2016,NFSK balanced (Fig2b),Clone 71,3,3,QT8,19.166666666666664,PP,True,True,False,True
Roshan2016,NFSK balanced (Fig2b),Clone 71,3,3,QT9,25.333333333333336,DD,True,True,False,True
Roshan2016,NFSK balanced (Fig2b),Clone 71,4,4,QT10,13.666666666666666,PD,True,True,False,True
Roshan2016,NFSK balanced (Fig2b),Clone 71,4,4,QT11,29.833333333333336,DD,True,True,False,True
Roshan2016,NFSK balanced (Fig2b),Clone 71,4,4,QT12,31.50000000000001,PD,True,True,False,True
Roshan2016,NFSK balanced (Fig2b),Clone 71,4,4,QT13,19.166666666666664,PP,True,True,False,True
Roshan2016,NFSK balanced (Fig2b),Clone 71,5,5,QT14,14.499999999999996,DD,True,True,False,True
Roshan2016,NFSK balanced (Fig2b),Clone 71,5,5,QT15,26.499999999999993,DD,True,True,False,True
Roshan2016,NFSK balanced (Fig2b),Clone 71,5,5,QT16,45.833333333333336,UU,True,True,False,True
Roshan2016,NFSK balanced (Fig2b),Clone 71,5,5,QT17,38.333333333333336,DD,True,True,False,True
Roshan2016,NFSK balanced (Fig2b),Clone 72,1,1,RA4,27,PD,True,True,True,False
Roshan2016,NFSK balanced (Fig2b),Clone 72,2,2,RA5,21.833333333333336,PP,True,True,False,True
Roshan2016,NFSK balanced (Fig2b),Clone 72,3,3,RA6,12.83333333333334,PP,True,True,False,True
Roshan2016,NFSK balanced (Fig2b),Clone 72,3,3,RA7,13,PP,True,True,False,True
Roshan2016,NFSK balanced (Fig2b),Clone 72,4,4,RA8,24.166666666666664,PP,True,True,False,True
Roshan2016,NFSK balanced (Fig2b),Clone 72,4,4,RA9,39.00000000000001,DD,True,True,False,True
Roshan2016,NFSK balanced (Fig2b),Clone 72,4,4,RA10,23.666666666666664,DD,True,True,False,True
Roshan2016,NFSK balanced (Fig2b),Clone 72,4,4,RA11,32.66666666666667,PP,True,True,False,True
Roshan2016,NFSK balanced (Fig2b),Clone 72,5,5,RA12,29.333333333333325,DD,True,True,False,True
Roshan2016,NFSK balanced (Fig2b),Clone 72,5,5,RA13,40.33333333333334,PP,True,True,False,True
Roshan2016,NFSK balanced (Fig2b),Clone 72,5,5,RA14,54.49999999999999,UU,True,True,False,True
Roshan2016,NFSK balanced (Fig2b),Clone 72,5,5,RA15,40.99999999999999,PP,True,True,False,True
Roshan2016,NFSK balanced (Fig2b),Clone 72,6,6,RA16,24.833333333333343,UU,True,True,False,True
Roshan2016,NFSK balanced (Fig2b),Clone 72,6,6,RA17,24.999999999999993,UU,True,True,False,True
Roshan2016,NFSK balanced (Fig2b),Clone 72,6,6,RA18,29.333333333333325,UU,True,True,False,True
Roshan2016,NFSK balanced (Fig2b),Clone 72,6,6,RA19,30.333333333333332,UU,True,True,False,True
Roshan2016,NFSK balanced (Fig2b),Clone 73,1,1,RH4,28.666666666666664,PP,True,True,True,False
Roshan2016,NFSK balanced (Fig2b),Clone 73,2,2,RH5,17.833333333333336,PD,True,True,False,True
Roshan2016,NFSK balanced (Fig2b),Clone 73,2,2,RH6,18.66666666666667,PP,True,True,False,True
Roshan2016,NFSK balanced (Fig2b),Clone 73,3,3,RH7,21.666666666666664,PD,True,True,False,True
Roshan2016,NFSK balanced (Fig2b),Clone 73,3,3,RH8,26.666666666666668,PP,True,True,False,True
Roshan2016,NFSK balanced (Fig2b),Clone 73,3,3,RH9,19.16666666666667,PD,True,True,False,True
Roshan2016,NFSK balanced (Fig2b),Clone 73,4,4,RH10,13.000000000000004,PP,True,True,False,True
Roshan2016,NFSK balanced (Fig2b),Clone 73,4,4,RH11,52.33333333333334,PU,True,True,False,True
Roshan2016,NFSK balanced (Fig2b),Clone 73,4,4,RH12,21.333333333333336,PP,True,True,False,True
Roshan2016,NFSK balanced (Fig2b),Clone 73,4,4,RH13,16.666666666666664,PP,True,True,False,True
Roshan2016,NFSK balanced (Fig2b),Clone 73,5,5,RH14,15.499999999999998,PD,True,True,False,True
Roshan2016,NFSK balanced (Fig2b),Clone 73,5,5,RH15,15.333333333333327,PD,True,True,False,True
Roshan2016,NFSK balanced (Fig2b),Clone 73,5,5,RH16,29.333333333333325,UU,True,True,False,True
Roshan2016,NFSK balanced (Fig2b),Clone 73,5,5,RH17,13.666666666666675,DD,True,True,False,True
Roshan2016,NFSK balanced (Fig2b),Clone 73,5,5,RH18,18.166666666666675,DD,True,True,False,True
Roshan2016,NFSK balanced (Fig2b),Clone 73,5,5,RH19,21.666666666666664,PP,True,True,False,True
Roshan2016,NFSK balanced (Fig2b),Clone 73,5,5,RH20,19.999999999999993,PP,True,True,False,True
Roshan2016,NFSK balanced (Fig2b),Clone 73,6,6,RH21,16.99999999999999,DD,True,True,False,True
Roshan2016,NFSK balanced (Fig2b),Clone 73,6,6,RH22,13.499999999999993,PP,True,True,False,True
Roshan2016,NFSK balanced (Fig2b),Clone 73,6,6,RH23,13.166666666666673,PP,True,True,False,True
Roshan2016,NFSK balanced (Fig2b),Clone 73,6,6,RH24,10.833333333333337,PD,True,True,False,True
Roshan2016,NFSK balanced (Fig2b),Clone 73,6,6,RH25,34.83333333333333,UU,True,True,False,True
Roshan2016,NFSK balanced (Fig2b),Clone 73,6,6,RH26,30.16666666666666,UU,True,True,False,True
Roshan2016,NFSK balanced (Fig2b),Clone 73,7,7,RH27,14.000000000000007,UU,True,True,False,True
Roshan2016,NFSK balanced (Fig2b),Clone 73,7,7,RH28,12.500000000000007,PP,True,True,False,True
Roshan2016,NFSK balanced (Fig2b),Clone 73,7,7,RH29,27.333333333333332,PU,True,True,False,True
Roshan2016,NFSK balanced (Fig2b),Clone 73,7,7,RH30,25.66666666666666,UU,True,True,False,True
Roshan2016,NFSK balanced (Fig2b),Clone 73,7,7,RH31,10.333333333333332,PP,True,True,False,True
Roshan2016,NFSK balanced (Fig2b),Clone 73,8,8,RH32,14.333333333333343,PU,True,True,False,True
Roshan2016,NFSK balanced (Fig2b),Clone 73,8,8,RH33,14.166666666666671,PU,True,True,False,True
Roshan2016,NFSK balanced (Fig2b),Clone 73,8,8,RH34,13.833333333333337,UU,True,True,False,True
Roshan2016,NFSK balanced (Fig2b),Clone 73,8,8,RH35,18.333333333333343,UU,True,True,False,True
Roshan2016,NFSK balanced (Fig2b),Clone 73,8,8,RH36,16.833333333333343,PU,True,True,False,True
Roshan2016,NFSK balanced (Fig2b),Clone 73,9,9,RH37,27.16666666666666,UU,True,True,False,True
Roshan2016,NFSK balanced (Fig2b),Clone 73,9,9,RH38,19.666666666666675,UU,True,True,False,True
Roshan2016,NFSK balanced (Fig2b),Clone 73,9,9,RH39,14.000000000000004,UU,True,True,False,True
Roshan2016,NFSK balanced (Fig2b),Clone 74,1,1,RO4,11,PP,True,True,True,False
Roshan2016,NFSK balanced (Fig2b),Clone 74,2,2,RO5,15.166666666666666,PP,True,True,False,True
Roshan2016,NFSK balanced (Fig2b),Clone 74,2,2,RO6,15.66666666666667,PP,True,True,False,True
Roshan2016,NFSK balanced (Fig2b),Clone 74,3,3,RO7,15.333333333333329,PD,True,True,False,True
Roshan2016,NFSK balanced (Fig2b),Clone 74,3,3,RO8,15.333333333333329,PD,True,True,False,True
Roshan2016,NFSK balanced (Fig2b),Clone 74,3,3,RO9,14.666666666666668,PD,True,True,False,True
Roshan2016,NFSK balanced (Fig2b),Clone 74,3,3,RO10,11.499999999999998,PP,True,True,False,True
Roshan2016,NFSK balanced (Fig2b),Clone 74,4,4,RO11,17.16666666666667,PP,True,True,False,True
Roshan2016,NFSK balanced (Fig2b),Clone 74,4,4,RO12,22.499999999999996,PP,True,True,False,True
Roshan2016,NFSK balanced (Fig2b),Clone 74,4,4,RO13,16.333333333333332,PD,True,True,False,True
Roshan2016,NFSK balanced (Fig2b),Clone 74,4,4,RO14,17.833333333333336,DD,True,True,False,True
Roshan2016,NFSK balanced (Fig2b),Clone 74,4,4,RO15,15.166666666666668,DD,True,True,False,True
Roshan2016,NFSK balanced (Fig2b),Clone 74,5,5,RO16,27.333333333333336,PP,True,True,False,True
Roshan2016,NFSK balanced (Fig2b),Clone 74,5,5,RO17,42.66666666666667,PP,True,True,False,True
Roshan2016,NFSK balanced (Fig2b),Clone 74,5,5,RO18,24.666666666666675,PD,True,True,False,True
Roshan2016,NFSK balanced (Fig2b),Clone 74,5,5,RO19,38.5,PD,True,True,False,True
Roshan2016,NFSK balanced (Fig2b),Clone 74,5,5,RO20,51.49999999999999,PD,True,True,False,True
Roshan2016,NFSK balanced (Fig2b),Clone 74,6,6,RO21,15.333333333333336,PP,True,True,False,True
Roshan2016,NFSK balanced (Fig2b),Clone 74,6,6,RO22,40.83333333333333,PU,True,True,False,True
Roshan2016,NFSK balanced (Fig2b),Clone 74,6,6,RO23,28.83333333333332,PU,True,True,False,True
Roshan2016,NFSK balanced (Fig2b),Clone 74,6,6,RO24,39.49999999999999,UU,True,True,False,True
Roshan2016,NFSK balanced (Fig2b),Clone 74,6,6,RO25,8.833333333333332,PD,True,True,False,True
Roshan2016,NFSK balanced (Fig2b),Clone 74,6,6,RO26,20.833333333333343,PD,True,True,False,True
Roshan2016,NFSK balanced (Fig2b),Clone 74,6,6,RO27,19,PU,True,True,False,True
Roshan2016,NFSK balanced (Fig2b),Clone 74,7,7,RO28,20.66666666666666,PP,True,True,False,True
Roshan2016,NFSK balanced (Fig2b),Clone 74,7,7,RO29,14.166666666666668,PP,True,True,False,True
Roshan2016,NFSK balanced (Fig2b),Clone 74,7,7,RO30,15.666666666666668,PP,True,True,False,True
Roshan2016,NFSK balanced (Fig2b),Clone 74,7,7,RO31,22.49999999999999,UU,True,True,False,True
Roshan2016,NFSK balanced (Fig2b),Clone 74,7,7,RO32,10.5,PD,True,True,False,True
Roshan2016,NFSK balanced (Fig2b),Clone 74,7,7,RO33,28.166666666666668,UU,True,True,False,True
Roshan2016,NFSK balanced (Fig2b),Clone 74,7,7,RO34,31.5,UU,True,True,False,True
Roshan2016,NFSK balanced (Fig2b),Clone 74,8,8,RO35,14.833333333333343,PP,True,True,False,True
Roshan2016,NFSK balanced (Fig2b),Clone 74,8,8,RO36,17.833333333333343,PP,True,True,False,True
Roshan2016,NFSK balanced (Fig2b),Clone 74,8,8,RO37,17.83333333333333,PP,True,True,False,True
Roshan2016,NFSK balanced (Fig2b),Clone 74,8,8,RO38,15.666666666666664,PP,True,True,False,True
Roshan2016,NFSK balanced (Fig2b),Clone 74,8,8,RO39,15.833333333333336,UU,True,True,False,True
Roshan2016,NFSK balanced (Fig2b),Clone 74,8,8,RO40,21,UU,True,True,False,True
Roshan2016,NFSK balanced (Fig2b),Clone 74,8,8,RO41,40.99999999999999,UU,True,True,False,True
Roshan2016,NFSK balanced (Fig2b),Clone 74,9,9,RO42,20.000000000000004,UU,True,True,False,True
Roshan2016,NFSK balanced (Fig2b),Clone 74,9,9,RO43,21.16666666666666,UU,True,True,False,True
Roshan2016,NFSK balanced (Fig2b),Clone 74,9,9,RO44,19.166666666666668,UU,True,True,False,True
Roshan2016,NFSK balanced (Fig2b),Clone 74,9,9,RO45,19.166666666666668,UU,True,True,False,True
Roshan2016,NFSK balanced (Fig2b),Clone 74,9,9,RO46,20.66666666666667,UU,True,True,False,True
Roshan2016,NFSK balanced (Fig2b),Clone 74,9,9,RO47,19.33333333333332,UU,True,True,False,True
Roshan2016,NFSK balanced (Fig2b),Clone 74,9,9,RO48,24.499999999999993,UU,True,True,False,True
Roshan2016,NFSK balanced (Fig2b),Clone 74,9,9,RO49,24,PP,True,True,False,True
Roshan2016,NFSK balanced (Fig2b),Clone 74,10,10,RO50,11.833333333333327,UU,True,True,False,True
Roshan2016,NFSK balanced (Fig2b),Clone 74,10,10,RO51,13.5,UU,True,True,False,True
Roshan2016,NFSK balanced (Fig2b),Clone 75,1,1,RV4,13.333333333333334,PP,True,True,True,False
Roshan2016,NFSK balanced (Fig2b),Clone 75,2,2,RV5,19.833333333333332,PP,True,True,False,True
Roshan2016,NFSK balanced (Fig2b),Clone 75,2,2,RV6,24.333333333333332,PP,True,True,False,True
Roshan2016,NFSK balanced (Fig2b),Clone 75,3,3,RV7,12.66666666666667,PP,True,True,False,True
Roshan2016,NFSK balanced (Fig2b),Clone 75,3,3,RV8,14.666666666666663,PD,True,True,False,True
Roshan2016,NFSK balanced (Fig2b),Clone 75,3,3,RV9,12.333333333333337,PP,True,True,False,True
Roshan2016,NFSK balanced (Fig2b),Clone 75,3,3,RV10,13.833333333333337,PD,True,True,False,True
Roshan2016,NFSK balanced (Fig2b),Clone 75,4,4,RV11,10.833333333333336,PP,True,True,False,True
Roshan2016,NFSK balanced (Fig2b),Clone 75,4,4,RV12,19.500000000000004,PP,True,True,False,True
Roshan2016,NFSK balanced (Fig2b),Clone 75,4,4,RV13,23.666666666666664,PD,True,True,False,True
Roshan2016,NFSK balanced (Fig2b),Clone 75,4,4,RV14,18.666666666666668,PD,True,True,False,True
Roshan2016,NFSK balanced (Fig2b),Clone 75,4,4,RV15,21.000000000000004,PD,True,True,False,True
Roshan2016,NFSK balanced (Fig2b),Clone 75,4,4,RV16,33.00000000000001,PD,True,True,False,True
Roshan2016,NFSK balanced (Fig2b),Clone 75,5,5,RV17,22.33333333333333,PP,True,True,False,True
Roshan2016,NFSK balanced (Fig2b),Clone 75,5,5,RV18,23.166666666666664,PD,True,True,False,True
Roshan2016,NFSK balanced (Fig2b),Clone 75,5,5,RV19,20.166666666666668,PP,True,True,False,True
Roshan2016,NFSK balanced (Fig2b),Clone 75,5,5,RV20,16.833333333333336,PD,True,True,False,True
Roshan2016,NFSK balanced (Fig2b),Clone 75,5,5,RV21,38.5,PD,True,True,False,True
Roshan2016,NFSK balanced (Fig2b),Clone 75,5,5,RV22,15,PD,True,True,False,True
Roshan2016,NFSK balanced (Fig2b),Clone 75,5,5,RV23,25.166666666666668,PD,True,True,False,True
Roshan2016,NFSK balanced (Fig2b),Clone 75,5,5,RV24,20.833333333333343,DD,True,True,False,True
Roshan2016,NFSK balanced (Fig2b),Clone 75,6,6,RV25,12.166666666666666,PP,True,True,False,True
Roshan2016,NFSK balanced (Fig2b),Clone 75,6,6,RV26,11.500000000000004,PP,True,True,False,True
Roshan2016,NFSK balanced (Fig2b),Clone 75,6,6,RV27,6.6666666666666625,PP,True,True,False,True
Roshan2016,NFSK balanced (Fig2b),Clone 75,6,6,RV28,22.33333333333333,DD,True,True,False,True
Roshan2016,NFSK balanced (Fig2b),Clone 75,6,6,RV29,21.499999999999993,DD,True,True,False,True
Roshan2016,NFSK balanced (Fig2b),Clone 75,6,6,RV30,9.833333333333337,PP,True,True,False,True
Roshan2016,NFSK balanced (Fig2b),Clone 75,6,6,RV31,31.66666666666666,UU,True,True,False,True
Roshan2016,NFSK balanced (Fig2b),Clone 75,6,6,RV32,11.166666666666666,PD,True,True,False,True
Roshan2016,NFSK balanced (Fig2b),Clone 75,6,6,RV33,41.16666666666667,UU,True,True,False,True
Roshan2016,NFSK balanced (Fig2b),Clone 75,7,7,RV34,6.9999999999999964,PP,True,True,False,True
Roshan2016,NFSK balanced (Fig2b),Clone 75,7,7,RV35,8.000000000000004,DD,True,True,False,True
Roshan2016,NFSK balanced (Fig2b),Clone 75,7,7,RV36,6.999999999999999,DD,True,True,False,True
Roshan2016,NFSK balanced (Fig2b),Clone 75,7,7,RV37,30.999999999999996,DD,True,True,False,True
Roshan2016,NFSK balanced (Fig2b),Clone 75,7,7,RV38,16.166666666666664,PP,True,True,False,True
Roshan2016,NFSK balanced (Fig2b),Clone 75,7,7,RV39,16.83333333333333,PD,True,True,False,True
Roshan2016,NFSK balanced (Fig2b),Clone 75,7,7,RV40,17.999999999999993,DD,True,True,False,True
Roshan2016,NFSK balanced (Fig2b),Clone 75,7,7,RV41,9.500000000000007,PD,True,True,False,True
Roshan2016,NFSK balanced (Fig2b),Clone 75,7,7,RV42,26.166666666666675,DD,True,True,False,True
Roshan2016,NFSK balanced (Fig2b),Clone 75,8,8,RV43,12.49999999999999,DD,True,True,False,True
Roshan2016,NFSK balanced (Fig2b),Clone 75,8,8,RV44,13.000000000000004,PP,True,True,False,True
Roshan2016,NFSK balanced (Fig2b),Clone 75,8,8,RV45,14.666666666666675,DD,True,True,False,True
Roshan2016,NFSK balanced (Fig2b),Clone 75,8,8,RV46,16.333333333333325,PP,True,True,False,True
Roshan2016,NFSK balanced (Fig2b),Clone 75,8,8,RV47,9.50000000000001,PD,True,True,False,True
Roshan2016,NFSK balanced (Fig2b),Clone 75,8,8,RV48,12.166666666666657,DD,True,True,False,True
Roshan2016,NFSK balanced (Fig2b),Clone 75,9,9,RV49,20,UU,True,True,False,True
Roshan2016,NFSK balanced (Fig2b),Clone 75,9,9,RV50,20.833333333333336,PP,True,True,False,True
Roshan2016,NFSK balanced (Fig2b),Clone 75,9,9,RV51,16.499999999999993,UU,True,True,False,True
Roshan2016,NFSK balanced (Fig2b),Clone 75,9,9,RV52,14.999999999999993,UU,True,True,False,True
Roshan2016,NFSK balanced (Fig2b),Clone 75,9,9,RV53,24.666666666666675,PU,True,True,False,True
Roshan2016,NFSK balanced (Fig2b),Clone 75,10,10,RV54,22.833333333333343,UU,True,True,False,True
Roshan2016,NFSK balanced (Fig2b),Clone 75,10,10,RV55,21.333333333333343,UU,True,True,False,True
Roshan2016,NFSK balanced (Fig2b),Clone 75,10,10,RV56,15.000000000000007,UU,True,True,False,True
Roshan2016,NFSK expanding (Fig2a),Clone 16,1,1,G4,22.166666666666668,PP,True,True,True,False
Roshan2016,NFSK expanding (Fig2a),Clone 16,2,2,G5,11.666666666666668,PP,True,True,False,False
Roshan2016,NFSK expanding (Fig2a),Clone 16,2,2,G6,12.333333333333332,PP,True,True,False,False
Roshan2016,NFSK expanding (Fig2a),Clone 16,3,3,G7,22.833333333333332,PP,True,True,False,False
Roshan2016,NFSK expanding (Fig2a),Clone 16,3,3,G8,11.333333333333337,PP,True,True,False,False
Roshan2016,NFSK expanding (Fig2a),Clone 16,3,3,G9,14.666666666666668,PP,True,True,False,False
Roshan2016,NFSK expanding (Fig2a),Clone 16,3,3,G10,14.166666666666664,PP,True,True,False,False
Roshan2016,NFSK expanding (Fig2a),Clone 16,4,4,G11,15.16666666666666,PP,True,True,False,False
Roshan2016,NFSK expanding (Fig2a),Clone 16,4,4,G12,18.16666666666666,PP,True,True,False,False
Roshan2016,NFSK expanding (Fig2a),Clone 16,4,4,G13,15.166666666666664,PP,True,True,False,False
Roshan2016,NFSK expanding (Fig2a),Clone 16,4,4,G14,29.666666666666657,PP,True,True,False,False
Roshan2016,NFSK expanding (Fig2a),Clone 16,4,4,G15,20.000000000000004,PD,True,True,False,False
Roshan2016,NFSK expanding (Fig2a),Clone 16,4,4,G16,17.000000000000004,PD,True,True,False,False
Roshan2016,NFSK expanding (Fig2a),Clone 16,4,4,G17,17.333333333333332,PP,True,True,False,False
Roshan2016,NFSK expanding (Fig2a),Clone 16,4,4,G18,13.333333333333336,PP,True,True,False,False
Roshan2016,NFSK expanding (Fig2a),Clone 16,5,5,G19,18.33333333333334,PP,True,True,False,False
Roshan2016,NFSK expanding (Fig2a),Clone 16,5,5,G20,17.666666666666664,PP,True,True,False,False
Roshan2016,NFSK expanding (Fig2a),Clone 16,5,5,G21,16.166666666666664,PP,True,True,False,False
Roshan2016,NFSK expanding (Fig2a),Clone 16,5,5,G22,34,UU,True,True,False,False
Roshan2016,NFSK expanding (Fig2a),Clone 16,5,5,G23,19.83333333333333,PP,True,True,False,False
Roshan2016,NFSK expanding (Fig2a),Clone 16,5,5,G24,24.333333333333332,PD,True,True,False,False
Roshan2016,NFSK expanding (Fig2a),Clone 16,5,5,G25,22.16666666666667,PP,True,True,False,False
Roshan2016,NFSK expanding (Fig2a),Clone 16,5,5,G26,20.666666666666664,PP,True,True,False,False
Roshan2016,NFSK expanding (Fig2a),Clone 16,5,5,G27,27.833333333333336,PU,True,True,False,False
Roshan2016,NFSK expanding (Fig2a),Clone 16,5,5,G28,35.166666666666664,UU,True,True,False,False
Roshan2016,NFSK expanding (Fig2a),Clone 16,5,5,G29,23.499999999999996,PP,True,True,False,False
Roshan2016,NFSK expanding (Fig2a),Clone 16,5,5,G30,15.333333333333332,PP,True,True,False,False
Roshan2016,NFSK expanding (Fig2a),Clone 16,5,5,G31,29.83333333333333,UU,True,True,False,False
Roshan2016,NFSK expanding (Fig2a),Clone 16,5,5,G32,22.333333333333332,PP,True,True,False,False
Roshan2016,NFSK expanding (Fig2a),Clone 16,6,6,G33,23.833333333333332,UU,True,True,False,False
Roshan2016,NFSK expanding (Fig2a),Clone 16,6,6,G34,18.166666666666675,UU,True,True,False,False
Roshan2016,NFSK expanding (Fig2a),Clone 16,6,6,G35,22.166666666666664,UU,True,True,False,False
Roshan2016,NFSK expanding (Fig2a),Clone 16,6,6,G36,23.16666666666667,UU,True,True,False,False
Roshan2016,NFSK expanding (Fig2a),Clone 16,6,6,G37,20.499999999999993,UU,True,True,False,False
Roshan2016,NFSK expanding (Fig2a),Clone 16,6,6,G38,24.833333333333346,UU,True,True,False,False
Roshan2016,NFSK expanding (Fig2a),Clone 16,6,6,G39,33,UU,True,True,False,False
Roshan2016,NFSK expanding (Fig2a),Clone 16,6,6,G40,28.833333333333343,UU,True,True,False,False
Roshan2016,NFSK expanding (Fig2a),Clone 16,6,6,G41,29.66666666666668,UU,True,True,False,False
Roshan2016,NFSK expanding (Fig2a),Clone 16,6,6,G42,39.5,UU,True,True,False,False
Roshan2016,NFSK expanding (Fig2a),Clone 16,6,6,G43,29,UU,True,True,False,False
Roshan2016,NFSK expanding (Fig2a),Clone 16,6,6,G44,15.999999999999993,UU,True,True,False,False
Roshan2016,NFSK expanding (Fig2a),Clone 16,6,6,G45,18.833333333333343,UU,True,True,False,False
Roshan2016,NFSK expanding (Fig2a),Clone 16,6,6,G46,25.333333333333336,UU,True,True,False,False
Roshan2016,NFSK expanding (Fig2a),Clone 16,6,6,G47,26.83333333333334,UU,True,True,False,False
Roshan2016,NFSK expanding (Fig2a),Clone 16,6,6,G48,28.833333333333332,UU,True,True,False,False
Roshan2016,NFSK expanding (Fig2a),Clone 16,6,6,G49,24.00000000000001,UU,True,True,False,False
Roshan2016,NFSK expanding (Fig2a),Clone 16,6,6,G50,20.333333333333325,UU,True,True,False,False
Roshan2016,NFSK expanding (Fig2a),Clone 16,6,6,G51,29.000000000000004,UU,True,True,False,False
Roshan2016,NFSK expanding (Fig2a),Clone 16,6,6,G52,30.833333333333325,UU,True,True,False,False
Roshan2016,NFSK expanding (Fig2a),Clone 16,D4,D4,G109,,Div,False,False,False,False
Roshan2016,NFSK expanding (Fig2a),Clone 16,1,1,G111,18.833333333333343,PP,True,True,True,False
Roshan2016,NFSK expanding (Fig2a),Clone 16,1,1,G112,24.666666666666675,PP,True,True,True,False
Roshan2016,NFSK expanding (Fig2a),Clone 16,1,1,G113,25.33333333333334,PP,True,True,True,False
Roshan2016,NFSK expanding (Fig2a),Clone 16,1,1,G114,24.00000000000001,PP,True,True,True,False
Roshan2016,NFSK expanding (Fig2a),Clone 16,1,1,G115,19.500000000000007,PP,True,True,True,False
Roshan2016,NFSK expanding (Fig2a),Clone 16,1,1,G116,24.000000000000007,PP,True,True,True,False
Roshan2016,NFSK expanding (Fig2a),Clone 16,1,1,G117,12.99999999999999,PP,True,True,True,False
Roshan2016,NFSK expanding (Fig2a),Clone 16,1,1,G118,16.833333333333325,PP,True,True,True,False
Roshan2016,NFSK expanding (Fig2a),Clone 16,1,1,G119,16.66666666666666,PP,True,True,True,False
Roshan2016,NFSK expanding (Fig2a),Clone 16,1,1,G120,12.833333333333325,PD,True,True,True,False
Roshan2016,NFSK expanding (Fig2a),Clone 16,1,1,G121,16.833333333333325,PP,True,True,True,False
Roshan2016,NFSK expanding (Fig2a),Clone 16,1,1,G122,23.166666666666668,PP,True,True,True,False
Roshan2016,NFSK expanding (Fig2a),Clone 16,1,1,G123,12.000000000000005,PP,True,True,True,False
Roshan2016,NFSK expanding (Fig2a),Clone 16,1,1,G124,16.500000000000007,PP,True,True,True,False
Roshan2016,NFSK expanding (Fig2a),Clone 16,1,1,G125,10.16666666666667,PD,True,True,True,False
Roshan2016,NFSK expanding (Fig2a),Clone 16,1,1,G126,12.666666666666675,PP,True,True,True,False
Roshan2016,NFSK expanding (Fig2a),Clone 16,2,2,G127,17.500000000000004,PP,True,True,False,False
Roshan2016,NFSK expanding (Fig2a),Clone 16,2,2,G128,14.833333333333325,PP,True,True,False,False
Roshan2016,NFSK expanding (Fig2a),Clone 16,2,2,G129,10.16666666666666,PP,True,True,False,False
Roshan2016,NFSK expanding (Fig2a),Clone 16,2,2,G130,11.833333333333332,PP,True,True,False,False
Roshan2016,NFSK expanding (Fig2a),Clone 16,2,2,G131,23.000000000000007,PP,True,True,False,False
Roshan2016,NFSK expanding (Fig2a),Clone 16,2,2,G132,15.166666666666664,PP,True,True,False,False
Roshan2016,NFSK expanding (Fig2a),Clone 16,2,2,G133,14.33333333333333,PP,True,True,False,False
Roshan2016,NFSK expanding (Fig2a),Clone 16,2,2,G134,10.166666666666673,PP,True,True,False,False
Roshan2016,NFSK expanding (Fig2a),Clone 16,2,2,G135,17.500000000000007,PP,True,True,False,False
Roshan2016,NFSK expanding (Fig2a),Clone 16,2,2,G136,17.666666666666657,PP,True,True,False,False
Roshan2016,NFSK expanding (Fig2a),Clone 16,2,2,G137,11,PP,True,True,False,False
Roshan2016,NFSK expanding (Fig2a),Clone 16,2,2,G138,19.666666666666657,PD,True,True,False,False
Roshan2016,NFSK expanding (Fig2a),Clone 16,2,2,G139,15.66666666666666,PP,True,True,False,False
Roshan2016,NFSK expanding (Fig2a),Clone 16,2,2,G140,15.833333333333332,PP,True,True,False,False
Roshan2016,NFSK expanding (Fig2a),Clone 16,2,2,G141,12.49999999999999,PP,True,True,False,False
Roshan2016,NFSK expanding (Fig2a),Clone 16,2,2,G142,14.833333333333325,PP,True,True,False,False
Roshan2016,NFSK expanding (Fig2a),Clone 16,2,2,G143,11,PP,True,True,False,False
Roshan2016,NFSK expanding (Fig2a),Clone 16,2,2,G144,16.666666666666657,PD,True,True,False,False
Roshan2016,NFSK expanding (Fig2a),Clone 16,2,2,G145,21,PP,True,True,False,False
Roshan2016,NFSK expanding (Fig2a),Clone 16,2,2,G146,13.333333333333336,PP,True,True,False,False
Roshan2016,NFSK expanding (Fig2a),Clone 16,2,2,G147,14.166666666666671,PP,True,True,False,False
Roshan2016,NFSK expanding (Fig2a),Clone 16,2,2,G148,13.166666666666668,PP,True,True,False,False
Roshan2016,NFSK expanding (Fig2a),Clone 16,2,2,G149,15.16666666666666,PP,True,True,False,False
Roshan2016,NFSK expanding (Fig2a),Clone 16,2,2,G150,17.166666666666664,PP,True,True,False,False
Roshan2016,NFSK expanding (Fig2a),Clone 16,2,2,G151,26.333333333333336,PP,True,True,False,False
Roshan2016,NFSK expanding (Fig2a),Clone 16,2,2,G152,8.66666666666667,PP,True,True,False,False
Roshan2016,NFSK expanding (Fig2a),Clone 16,2,2,G153,14.500000000000004,PP,True,True,False,False
Roshan2016,NFSK expanding (Fig2a),Clone 16,2,2,G154,15.33333333333334,PP,True,True,False,False
Roshan2016,NFSK expanding (Fig2a),Clone 16,2,2,G155,13.333333333333336,PP,True,True,False,False
Roshan2016,NFSK expanding (Fig2a),Clone 16,2,2,G156,20.333333333333343,PP,True,True,False,False
Roshan2016,NFSK expanding (Fig2a),Clone 16,3,3,G157,17.833333333333332,PP,True,True,False,False
Roshan2016,NFSK expanding (Fig2a),Clone 16,3,3,G158,17.50000000000001,PP,True,True,False,False
Roshan2016,NFSK expanding (Fig2a),Clone 16,3,3,G159,25.16666666666668,PP,True,True,False,False
Roshan2016,NFSK expanding (Fig2a),Clone 16,3,3,G160,25.000000000000007,PP,True,True,False,False
Roshan2016,NFSK expanding (Fig2a),Clone 16,3,3,G161,25.33333333333334,PP,True,True,False,False
Roshan2016,NFSK expanding (Fig2a),Clone 16,3,3,G162,25.33333333333334,PP,True,True,False,False
Roshan2016,NFSK expanding (Fig2a),Clone 16,3,3,G163,19.66666666666666,PP,True,True,False,False
Roshan2016,NFSK expanding (Fig2a),Clone 16,3,3,G164,15.833333333333325,PP,True,True,False,False
Roshan2016,NFSK expanding (Fig2a),Clone 16,3,3,G165,6.499999999999996,PD,True,True,False,False
Roshan2016,NFSK expanding (Fig2a),Clone 16,3,3,G166,12.99999999999999,PP,True,True,False,False
Roshan2016,NFSK expanding (Fig2a),Clone 16,3,3,G167,13.833333333333325,PP,True,True,False,False
Roshan2016,NFSK expanding (Fig2a),Clone 16,3,3,G168,11.33333333333334,PP,True,True,False,False
Roshan2016,NFSK expanding (Fig2a),Clone 16,3,3,G169,10.833333333333325,PP,True,True,False,False
Roshan2016,NFSK expanding (Fig2a),Clone 16,3,3,G170,9.99999999999999,PP,True,True,False,False
Roshan2016,NFSK expanding (Fig2a),Clone 16,3,3,G171,13.166666666666671,PP,True,True,False,False
Roshan2016,NFSK expanding (Fig2a),Clone 16,3,3,G172,15.333333333333336,PP,True,True,False,False
Roshan2016,NFSK expanding (Fig2a),Clone 16,3,3,G173,17.000000000000004,PP,True,True,False,False
Roshan2016,NFSK expanding (Fig2a),Clone 16,3,3,G174,16.166666666666668,PP,True,True,False,False
Roshan2016,NFSK expanding (Fig2a),Clone 16,3,3,G175,8.833333333333325,PP,True,True,False,False
Roshan2016,NFSK expanding (Fig2a),Clone 16,3,3,G176,23.99999999999999,PP,True,True,False,False
Roshan2016,NFSK expanding (Fig2a),Clone 16,3,3,G177,18.999999999999996,PP,True,True,False,False
Roshan2016,NFSK expanding (Fig2a),Clone 16,3,3,G178,9.333333333333336,PP,True,True,False,False
Roshan2016,NFSK expanding (Fig2a),Clone 16,3,3,G179,18.333333333333336,PP,True,True,False,False
Roshan2016,NFSK expanding (Fig2a),Clone 16,3,3,G180,23,PP,True,True,False,False
Roshan2016,NFSK expanding (Fig2a),Clone 16,3,3,G181,18.5,PP,True,True,False,False
Roshan2016,NFSK expanding (Fig2a),Clone 16,3,3,G182,24.500000000000007,PP,True,True,False,False
Roshan2016,NFSK expanding (Fig2a),Clone 16,3,3,G183,17.33333333333333,PP,True,True,False,False
Roshan2016,NFSK expanding (Fig2a),Clone 16,3,3,G184,13.49999999999999,PP,True,True,False,False
Roshan2016,NFSK expanding (Fig2a),Clone 16,3,3,G185,12.833333333333325,PP,True,True,False,False
Roshan2016,NFSK expanding (Fig2a),Clone 16,4,4,G186,13.666666666666668,PP,True,True,False,False
Roshan2016,NFSK expanding (Fig2a),Clone 16,4,4,G187,12.66666666666666,PP,True,True,False,False
Roshan2016,NFSK expanding (Fig2a),Clone 16,4,4,G188,35.50000000000001,PD,True,True,False,False
Roshan2016,NFSK expanding (Fig2a),Clone 16,4,4,G189,39,PP,True,True,False,False
Roshan2016,NFSK expanding (Fig2a),Clone 16,4,4,G190,25.833333333333343,PP,True,True,False,False
Roshan2016,NFSK expanding (Fig2a),Clone 16,4,4,G191,20.16666666666666,PP,True,True,False,False
Roshan2016,NFSK expanding (Fig2a),Clone 16,4,4,G192,12.500000000000004,PP,True,True,False,False
Roshan2016,NFSK expanding (Fig2a),Clone 16,4,4,G193,19.000000000000007,PP,True,True,False,False
Roshan2016,NFSK expanding (Fig2a),Clone 16,4,4,G194,16.83333333333332,PP,True,True,False,False
Roshan2016,NFSK expanding (Fig2a),Clone 16,4,4,G195,11.166666666666668,PP,True,True,False,False
Roshan2016,NFSK expanding (Fig2a),Clone 16,4,4,G196,11.33333333333334,PP,True,True,False,False
Roshan2016,NFSK expanding (Fig2a),Clone 16,4,4,G197,19.499999999999993,PP,True,True,False,False
Roshan2016,NFSK expanding (Fig2a),Clone 16,4,4,G198,23.166666666666657,PD,True,True,False,False
Roshan2016,NFSK expanding (Fig2a),Clone 16,4,4,G199,25.66666666666667,PP,True,True,False,False
Roshan2016,NFSK expanding (Fig2a),Clone 16,4,4,G200,12.333333333333325,PP,True,True,False,False
Roshan2016,NFSK expanding (Fig2a),Clone 16,4,4,G201,11.833333333333336,PP,True,True,False,False
Roshan2016,NFSK expanding (Fig2a),Clone 16,4,4,G202,21.33333333333333,PP,True,True,False,False
Roshan2016,NFSK expanding (Fig2a),Clone 16,4,4,G203,11.333333333333329,PP,True,True,False,False
Roshan2016,NFSK expanding (Fig2a),Clone 16,4,4,G204,11.000000000000007,PP,True,True,False,False
Roshan2016,NFSK expanding (Fig2a),Clone 16,4,4,G205,19.666666666666664,PP,True,True,False,False
Roshan2016,NFSK expanding (Fig2a),Clone 16,D7,D7,G231,,Div,False,False,False,False
Roshan2016,NFSK expanding (Fig2a),Clone 16,1,1,G233,17.83333333333333,PP,True,True,True,False
Roshan2016,NFSK expanding (Fig2a),Clone 16,1,1,G234,17.166666666666686,DD,True,True,True,False
Roshan2016,NFSK expanding (Fig2a),Clone 16,1,1,G235,14.999999999999996,PP,True,True,True,False
Roshan2016,NFSK expanding (Fig2a),Clone 16,1,1,G236,23.00000000000001,PD,True,True,True,False
Roshan2016,NFSK expanding (Fig2a),Clone 16,1,1,G237,20.000000000000007,DD,True,True,True,False
Roshan2016,NFSK expanding (Fig2a),Clone 16,1,1,G238,19.833333333333336,DD,True,True,True,False
Roshan2016,NFSK expanding (Fig2a),Clone 16,1,1,G239,12.499999999999982,DD,True,True,True,False
Roshan2016,NFSK expanding (Fig2a),Clone 16,Outer2,Outer2,G240,12.999999999999982,PP,True,True,False,False
Roshan2016,NFSK expanding (Fig2a),Clone 16,Outer2,Outer2,G241,12.999999999999982,PP,True,True,False,False
Roshan2016,NFSK expanding (Fig2a),Clone 16,Outer2,Outer2,G242,11.500000000000009,PP,True,True,False,False
Roshan2016,NFSK expanding (Fig2a),Clone 16,Outer2,Outer2,G243,12.16666666666665,PP,True,True,False,False
Roshan2016,NFSK expanding (Fig2a),Clone 16,Outer2,Outer2,G244,14.333333333333336,PP,True,True,False,False
Roshan2016,NFSK expanding (Fig2a),Clone 16,Outer2,Outer2,G245,18.499999999999993,DD,True,True,False,False
Roshan2016,NFSK expanding (Fig2a),Clone 16,Outer2,Outer2,G246,12.00000000000001,PP,True,True,False,False
Roshan2016,NFSK expanding (Fig2a),Clone 16,Outer2,Outer2,G247,16.999999999999982,PD,True,True,False,False
Roshan2016,NFSK expanding (Fig2a),Clone 16,Outer2,Outer2,G248,10.833333333333329,PP,True,True,False,False
Roshan2016,NFSK expanding (Fig2a),Clone 16,Outer2,Outer2,G249,20.333333333333343,PP,True,True,False,False
Roshan2016,NFSK expanding (Fig2a),Clone 16,Outer2,Outer2,G250,11.833333333333334,PP,True,True,False,False
Roshan2016,NFSK expanding (Fig2a),Clone 16,Outer2,Outer2,G251,12.166666666666677,PP,True,True,False,False
Roshan2016,NFSK expanding (Fig2a),Clone 16,Outer2,Outer2,G252,14.333333333333325,PP,True,True,False,False
Roshan2016,NFSK expanding (Fig2a),Clone 16,Outer2,Outer2,G253,26.499999999999996,PP,True,True,False,False
Roshan2016,NFSK expanding (Fig2a),Clone 16,Outer2,Outer2,G254,6.333333333333324,PP,True,True,False,False
Roshan2016,NFSK expanding (Fig2a),Clone 16,Outer2,Outer2,G255,30.66666666666668,PP,True,True,False,False
Roshan2016,NFSK expanding (Fig2a),Clone 16,Outer2,Outer2,G256,12.99999999999998,PP,True,True,False,False
Roshan2016,NFSK expanding (Fig2a),Clone 16,Outer2,Outer2,G257,24.166666666666682,PP,True,True,False,False
Roshan2016,NFSK expanding (Fig2a),Clone 16,Outer2,Outer2,G258,23.499999999999996,PP,True,True,False,False
Roshan2016,NFSK expanding (Fig2a),Clone 16,Outer2,Outer2,G259,18.666666666666686,PP,True,True,False,False
Roshan2016,NFSK expanding (Fig2a),Clone 16,Outer2,Outer2,G260,20.166666666666686,PP,True,True,False,False
Roshan2016,NFSK expanding (Fig2a),Clone 16,Outer2,Outer2,G261,19.500000000000007,PP,True,True,False,False
Roshan2016,NFSK expanding (Fig2a),Clone 16,Outer2,Outer2,G262,21.49999999999998,PP,True,True,False,False
Roshan2016,NFSK expanding (Fig2a),Clone 16,Outer3,Outer3,G263,8.666666666666686,PP,True,True,False,False
Roshan2016,NFSK expanding (Fig2a),Clone 16,Outer3,Outer3,G264,9.499999999999996,PP,True,True,False,False
Roshan2016,NFSK expanding (Fig2a),Clone 16,Outer3,Outer3,G265,25.33333333333335,PP,True,True,False,False
Roshan2016,NFSK expanding (Fig2a),Clone 16,Outer3,Outer3,G266,9.499999999999991,PP,True,True,False,False
Roshan2016,NFSK expanding (Fig2a),Clone 16,Outer3,Outer3,G267,9.166666666666666,PP,True,True,False,False
Roshan2016,NFSK expanding (Fig2a),Clone 16,Outer3,Outer3,G268,11.833333333333323,PP,True,True,False,False
Roshan2016,NFSK expanding (Fig2a),Clone 16,Outer3,Outer3,G269,16.999999999999986,PP,True,True,False,False
Roshan2016,NFSK expanding (Fig2a),Clone 16,Outer3,Outer3,G270,19.16666666666667,PP,True,True,False,False
Roshan2016,NFSK expanding (Fig2a),Clone 16,Outer3,Outer3,G271,20.666666666666647,PP,True,True,False,False
Roshan2016,NFSK expanding (Fig2a),Clone 16,Outer3,Outer3,G272,22.833333333333332,PP,True,True,False,False
Roshan2016,NFSK expanding (Fig2a),Clone 16,Outer3,Outer3,G273,24.666666666666686,PP,True,True,False,False
Roshan2016,NFSK expanding (Fig2a),Clone 16,Outer3,Outer3,G274,19.33333333333333,PP,True,True,False,False
Roshan2016,NFSK expanding (Fig2a),Clone 16,Outer3,Outer3,G275,23.000000000000004,PD,True,True,False,False
Roshan2016,NFSK expanding (Fig2a),Clone 16,Outer3,Outer3,G276,21.833333333333346,PP,True,True,False,False
Roshan2016,NFSK expanding (Fig2a),Clone 16,Outer3,Outer3,G277,15.5,PP,True,True,False,False
Roshan2016,NFSK expanding (Fig2a),Clone 16,Outer3,Outer3,G278,17.333333333333343,PP,True,True,False,False
Roshan2016,NFSK expanding (Fig2a),Clone 16,Outer3,Outer3,G279,20.33333333333332,PP,True,True,False,False
Roshan2016,NFSK expanding (Fig2a),Clone 16,Outer3,Outer3,G280,21.33333333333335,PP,True,True,False,False
Roshan2016,NFSK expanding (Fig2a),Clone 16,Outer3,Outer3,G281,21.83333333333334,PP,True,True,False,False
Roshan2016,NFSK expanding (Fig2a),Clone 16,Outer3,Outer3,G282,23.33333333333334,PP,True,True,False,False
Roshan2016,NFSK expanding (Fig2a),Clone 16,Outer3,Outer3,G283,21.999999999999986,PP,True,True,False,False
Roshan2016,NFSK expanding (Fig2a),Clone 16,Outer3,Outer3,G284,23.499999999999986,PP,True,True,False,False
Roshan2016,NFSK expanding (Fig2a),Clone 16,Outer3,Outer3,G285,18.333333333333318,PP,True,True,False,False
Roshan2016,NFSK expanding (Fig2a),Clone 16,Outer3,Outer3,G286,20.500000000000004,PP,True,True,False,False
Roshan2016,NFSK expanding (Fig2a),Clone 16,Outer3,Outer3,G287,21.66666666666668,PP,True,True,False,False
Roshan2016,NFSK expanding (Fig2a),Clone 16,Outer3,Outer3,G288,20.33333333333335,PP,True,True,False,False
Roshan2016,NFSK expanding (Fig2a),Clone 16,Outer3,Outer3,G289,21.666666666666647,PP,True,True,False,False
Roshan2016,NFSK expanding (Fig2a),Clone 16,Outer3,Outer3,G290,27.499999999999982,PP,True,True,False,False
Roshan2016,NFSK expanding (Fig2a),Clone 16,Outer3,Outer3,G291,19.999999999999986,PP,True,True,False,False
Roshan2016,NFSK expanding (Fig2a),Clone 16,Outer4,Outer4,G292,11.16666666666666,PP,True,True,False,False
Roshan2016,NFSK expanding (Fig2a),Clone 16,Outer4,Outer4,G293,14.666666666666675,PP,True,True,False,False
Roshan2016,NFSK expanding (Fig2a),Clone 16,Outer4,Outer4,G294,12.99999999999998,PP,True,True,False,False
Roshan2016,NFSK expanding (Fig2a),Clone 16,Outer4,Outer4,G295,15.833333333333352,PP,True,True,False,False
Roshan2016,NFSK expanding (Fig2a),Clone 16,Outer4,Outer4,G296,27.499999999999982,PP,True,True,False,False
Roshan2016,NFSK expanding (Fig2a),Clone 16,Outer4,Outer4,G297,22.66666666666668,PD,True,True,False,False
Roshan2016,NFSK expanding (Fig2a),Clone 16,Outer4,Outer4,G298,13.333333333333353,PP,True,True,False,False
Roshan2016,NFSK expanding (Fig2a),Clone 16,Outer4,Outer4,G299,13.333333333333353,PP,True,True,False,False
Roshan2016,NFSK expanding (Fig2a),Clone 16,Outer4,Outer4,G300,16.500000000000018,PP,True,True,False,False
Roshan2016,NFSK expanding (Fig2a),Clone 16,Outer4,Outer4,G301,19.833333333333318,PP,True,True,False,False
Roshan2016,NFSK expanding (Fig2a),Clone 16,Outer4,Outer4,G302,20.33333333333334,PP,True,True,False,False
Roshan2016,NFSK expanding (Fig2a),Clone 16,Outer4,Outer4,G303,17.33333333333334,PP,True,True,False,False
Roshan2016,NFSK expanding (Fig2a),Clone 16,Outer4,Outer4,G304,27.499999999999982,PD,True,True,False,False
Roshan2016,NFSK expanding (Fig2a),Clone 16,Outer4,Outer4,G305,12.000000000000018,PP,True,True,False,False
Roshan2016,NFSK expanding (Fig2a),Clone 16,Outer4,Outer4,G306,16.500000000000018,PP,True,True,False,False
Roshan2016,NFSK expanding (Fig2a),Clone 16,Outer4,Outer4,G307,20.16666666666667,PP,True,True,False,False
Roshan2016,NFSK expanding (Fig2a),Clone 16,Outer4,Outer4,G308,19.666666666666657,PP,True,True,False,False
Roshan2016,NFSK expanding (Fig2a),Clone 16,Outer4,Outer4,G309,21.000000000000018,PP,True,True,False,False
Roshan2016,NFSK expanding (Fig2a),Clone 16,Outer4,Outer4,G310,21.333333333333318,PP,True,True,False,False
Roshan2016,NFSK expanding (Fig2a),Clone 16,Outer4,Outer4,G311,18.33333333333333,PP,True,True,False,False
Roshan2016,NFSK expanding (Fig2a),Clone 16,Outer4,Outer4,G312,17.999999999999986,PP,True,True,False,False
Roshan2016,NFSK expanding (Fig2a),Clone 16,Outer4,Outer4,G313,22.500000000000007,PP,True,True,False,False
Roshan2016,NFSK expanding (Fig2a),Clone 16,Outer4,Outer4,G314,19.333333333333336,PP,True,True,False,False
Roshan2016,NFSK expanding (Fig2a),Clone 16,Outer4,Outer4,G315,21.50000000000002,PP,True,True,False,False
Roshan2016,NFSK expanding (Fig2a),Clone 16,Outer4,Outer4,G316,15.666666666666648,PP,True,True,False,False
Roshan2016,NFSK expanding (Fig2a),Clone 16,Outer4,Outer4,G317,17.666666666666686,PP,True,True,False,False
Roshan2016,NFSK expanding (Fig2a),Clone 16,5,5,G318,12.666666666666671,PD,True,True,False,False
Roshan2016,NFSK expanding (Fig2a),Clone 16,5,5,G319,19.333333333333314,PP,True,True,False,False
Roshan2016,NFSK expanding (Fig2a),Clone 16,5,5,G320,24.50000000000002,PD,True,True,False,False
Roshan2016,NFSK expanding (Fig2a),Clone 16,5,5,G321,17.166666666666668,DD,True,True,False,False
Roshan2016,NFSK expanding (Fig2a),Clone 16,5,5,G322,17.166666666666668,PD,True,True,False,False
Roshan2016,NFSK expanding (Fig2a),Clone 16,5,5,G323,27.00000000000002,DD,True,True,False,False
Roshan2016,NFSK expanding (Fig2a),Clone 16,5,5,G324,22.5,DD,True,True,False,False
Roshan2016,NFSK expanding (Fig2a),Clone 16,6,6,G325,33.49999999999999,PP,True,True,False,False
Roshan2016,NFSK expanding (Fig2a),Clone 16,6,6,G326,34.50000000000002,PD,True,True,False,False
Roshan2016,NFSK expanding (Fig2a),Clone 16,6,6,G327,17.166666666666675,DD,True,True,False,False
Roshan2016,NFSK expanding (Fig2a),Clone 16,6,6,G328,11.666666666666647,PD,True,True,False,False
Roshan2016,NFSK expanding (Fig2a),Clone 16,6,6,G329,12.166666666666647,DD,True,True,False,False
Roshan2016,NFSK expanding (Fig2a),Clone 16,6,6,G330,15.83333333333334,DD,True,True,False,False
Roshan2016,NFSK expanding (Fig2a),Clone 16,7,7,G331,28.166666666666647,PP,True,True,False,False
Roshan2016,NFSK expanding (Fig2a),Clone 16,7,7,G332,29.000000000000004,PP,True,True,False,False
Roshan2016,NFSK expanding (Fig2a),Clone 16,7,7,G333,16.666666666666654,PD,True,True,False,False
Roshan2016,NFSK expanding (Fig2a),Clone 16,7,7,G334,21.166666666666654,DD,True,True,False,False
Roshan2016,NFSK expanding (Fig2a),Clone 16,7,7,G335,17.499999999999993,DD,True,True,False,False
Roshan2016,NFSK expanding (Fig2a),Clone 16,7,7,G336,20.833333333333336,PD,True,True,False,False
Roshan2016,NFSK expanding (Fig2a),Clone 16,7,7,G337,10.666666666666657,PD,True,True,False,False
Roshan2016,NFSK expanding (Fig2a),Clone 16,7,7,G338,14.833333333333329,DD,True,True,False,False
Roshan2016,NFSK expanding (Fig2a),Clone 16,7,7,G339,9.333333333333332,DD,True,True,False,False
Roshan2016,NFSK expanding (Fig2a),Clone 16,Outer8,Outer8,G340,16.833333333333314,PP,True,True,False,False
Roshan2016,NFSK expanding (Fig2a),Clone 16,Outer8,Outer8,G341,16.16666666666667,PP,True,True,False,False
Roshan2016,NFSK expanding (Fig2a),Clone 16,Outer8,Outer8,G342,14.33333333333334,PP,True,True,False,False
Roshan2016,NFSK expanding (Fig2a),Clone 16,Outer8,Outer8,G343,22.833333333333325,PP,True,True,False,False
Roshan2016,NFSK expanding (Fig2a),Clone 16,Outer8,Outer8,G344,25.833333333333343,PP,True,True,False,False
Roshan2016,NFSK expanding (Fig2a),Clone 16,Outer8,Outer8,G345,36.16666666666667,PD,True,True,False,False
Roshan2016,NFSK expanding (Fig2a),Clone 16,Outer8,Outer8,G346,13.833333333333348,PP,True,True,False,False
Roshan2016,NFSK expanding (Fig2a),Clone 16,Outer8,Outer8,G347,20.833333333333336,PP,True,True,False,False
Roshan2016,NFSK expanding (Fig2a),Clone 16,Outer8,Outer8,G348,28.49999999999999,PP,True,True,False,False
Roshan2016,NFSK expanding (Fig2a),Clone 16,Outer8,Outer8,G349,31.000000000000018,PP,True,True,False,False
Roshan2016,NFSK expanding (Fig2a),Clone 16,Outer8,Outer8,G350,9.499999999999979,PP,True,True,False,False
Roshan2016,NFSK expanding (Fig2a),Clone 16,Outer8,Outer8,G351,10.83333333333335,PP,True,True,False,False
Roshan2016,NFSK expanding (Fig2a),Clone 16,Outer8,Outer8,G352,15.666666666666648,PD,True,True,False,False
Roshan2016,NFSK expanding (Fig2a),Clone 16,Outer8,Outer8,G353,22.833333333333314,PP,True,True,False,False
Roshan2016,NFSK expanding (Fig2a),Clone 16,Outer8,Outer8,G354,19.833333333333314,PP,True,True,False,False
Roshan2016,NFSK expanding (Fig2a),Clone 16,Outer8,Outer8,G355,16.33333333333333,PP,True,True,False,False
Roshan2016,NFSK expanding (Fig2a),Clone 16,Outer8,Outer8,G356,17.166666666666686,PP,True,True,False,False
Roshan2016,NFSK expanding (Fig2a),Clone 16,Outer8,Outer8,G357,18.333333333333332,PP,True,True,False,False
Roshan2016,NFSK expanding (Fig2a),Clone 16,Outer8,Outer8,G358,16.66666666666666,PP,True,True,False,False
Roshan2016,NFSK expanding (Fig2a),Clone 16,Outer8,Outer8,G359,14.833333333333346,PP,True,True,False,False
Roshan2016,NFSK expanding (Fig2a),Clone 16,Outer8,Outer8,G360,14.333333333333332,PP,True,True,False,False
Roshan2016,NFSK expanding (Fig2a),Clone 16,Outer8,Outer8,G361,18.499999999999996,PP,True,True,False,False
Roshan2016,NFSK expanding (Fig2a),Clone 16,Outer8,Outer8,G362,22.499999999999982,PP,True,True,False,False
Roshan2016,NFSK expanding (Fig2a),Clone 16,Outer8,Outer8,G363,21.000000000000018,PP,True,True,False,False
Roshan2016,NFSK expanding (Fig2a),Clone 16,Outer8,Outer8,G364,27.00000000000002,PP,True,True,False,False
Roshan2016,NFSK expanding (Fig2a),Clone 16,Outer8,Outer8,G365,15.83333333333334,DD,True,True,False,False
Roshan2016,NFSK expanding (Fig2a),Clone 17,1,1,N4,21.333333333333332,PP,True,True,True,False
Roshan2016,NFSK expanding (Fig2a),Clone 17,2,2,N5,11.833333333333334,PP,True,True,False,False
Roshan2016,NFSK expanding (Fig2a),Clone 17,2,2,N6,12.500000000000004,PP,True,True,False,False
Roshan2016,NFSK expanding (Fig2a),Clone 17,3,3,N7,12.499999999999998,PP,True,True,False,False
Roshan2016,NFSK expanding (Fig2a),Clone 17,3,3,N8,14.833333333333334,PP,True,True,False,False
Roshan2016,NFSK expanding (Fig2a),Clone 17,3,3,N9,14.333333333333336,PP,True,True,False,False
Roshan2016,NFSK expanding (Fig2a),Clone 17,3,3,N10,11.83333333333333,PP,True,True,False,False
Roshan2016,NFSK expanding (Fig2a),Clone 17,4,4,N11,14.999999999999996,PP,True,True,False,False
Roshan2016,NFSK expanding (Fig2a),Clone 17,4,4,N12,14.999999999999996,PP,True,True,False,False
Roshan2016,NFSK expanding (Fig2a),Clone 17,4,4,N13,16.166666666666668,PP,True,True,False,False
Roshan2016,NFSK expanding (Fig2a),Clone 17,4,4,N14,18,PU,True,True,False,False
Roshan2016,NFSK expanding (Fig2a),Clone 17,4,4,N15,29,UU,True,True,False,False
Roshan2016,NFSK expanding (Fig2a),Clone 17,4,4,N16,30.333333333333336,UU,True,True,False,False
Roshan2016,NFSK expanding (Fig2a),Clone 17,4,4,N17,12.833333333333332,PP,True,True,False,False
Roshan2016,NFSK expanding (Fig2a),Clone 17,4,4,N18,15.166666666666668,PP,True,True,False,False
Roshan2016,NFSK expanding (Fig2a),Clone 17,5,5,N19,22.499999999999996,PU,True,True,False,False
Roshan2016,NFSK expanding (Fig2a),Clone 17,5,5,N20,10.000000000000004,PU,True,True,False,False
Roshan2016,NFSK expanding (Fig2a),Clone 17,5,5,N21,18.33333333333333,PP,True,True,False,False
Roshan2016,NFSK expanding (Fig2a),Clone 17,5,5,N22,20.16666666666666,UU,True,True,False,False
Roshan2016,NFSK expanding (Fig2a),Clone 17,5,5,N23,11.499999999999996,PP,True,True,False,False
Roshan2016,NFSK expanding (Fig2a),Clone 17,5,5,N24,9.999999999999996,PU,True,True,False,False
Roshan2016,NFSK expanding (Fig2a),Clone 17,5,5,N25,11.166666666666664,PU,True,True,False,False
Roshan2016,NFSK expanding (Fig2a),Clone 17,5,5,N26,20.000000000000004,PU,True,True,False,False
Roshan2016,NFSK expanding (Fig2a),Clone 17,5,5,N27,23.499999999999996,PU,True,True,False,False
Roshan2016,NFSK expanding (Fig2a),Clone 17,5,5,N28,10.333333333333332,PU,True,True,False,False
Roshan2016,NFSK expanding (Fig2a),Clone 17,5,5,N29,12.499999999999996,PU,True,True,False,False
Roshan2016,NFSK expanding (Fig2a),Clone 17,6,6,N30,19.33333333333333,UU,True,True,False,False
Roshan2016,NFSK expanding (Fig2a),Clone 17,6,6,N31,15.000000000000004,UU,True,True,False,False
Roshan2016,NFSK expanding (Fig2a),Clone 17,6,6,N32,12.166666666666666,PP,True,True,False,False
Roshan2016,NFSK expanding (Fig2a),Clone 17,6,6,N33,15.499999999999998,UU,True,True,False,False
Roshan2016,NFSK expanding (Fig2a),Clone 17,6,6,N34,25.5,UU,True,True,False,False
Roshan2016,NFSK expanding (Fig2a),Clone 17,6,6,N35,11.500000000000004,PU,True,True,False,False
Roshan2016,NFSK expanding (Fig2a),Clone 17,6,6,N36,24.833333333333336,UU,True,True,False,False
Roshan2016,NFSK expanding (Fig2a),Clone 17,6,6,N37,34.16666666666668,UU,True,True,False,False
Roshan2016,NFSK expanding (Fig2a),Clone 17,6,6,N38,13.333333333333334,PU,True,True,False,False
Roshan2016,NFSK expanding (Fig2a),Clone 17,6,6,N39,24.33333333333333,UU,True,True,False,False
Roshan2016,NFSK expanding (Fig2a),Clone 17,6,6,N40,11.999999999999996,PU,True,True,False,False
Roshan2016,NFSK expanding (Fig2a),Clone 17,6,6,N41,16,PU,True,True,False,False
Roshan2016,NFSK expanding (Fig2a),Clone 17,7,7,N42,15.16666666666666,UU,True,True,False,False
Roshan2016,NFSK expanding (Fig2a),Clone 17,7,7,N43,15.16666666666666,UU,True,True,False,False
Roshan2016,NFSK expanding (Fig2a),Clone 17,7,7,N44,17.833333333333336,UU,True,True,False,False
Roshan2016,NFSK expanding (Fig2a),Clone 17,7,7,N45,14.166666666666675,UU,True,True,False,False
Roshan2016,NFSK expanding (Fig2a),Clone 17,7,7,N46,14.333333333333336,UU,True,True,False,False
Roshan2016,NFSK expanding (Fig2a),Clone 17,7,7,N47,13.833333333333325,UU,True,True,False,False
Roshan2016,NFSK expanding (Fig2a),Clone 17,1,1,N111,13.16666666666666,PP,True,True,True,False
Roshan2016,NFSK expanding (Fig2a),Clone 17,1,1,N112,9.499999999999996,PP,True,True,True,False
Roshan2016,NFSK expanding (Fig2a),Clone 17,1,1,N113,14.166666666666659,PP,True,True,True,False
Roshan2016,NFSK expanding (Fig2a),Clone 17,1,1,N114,14.833333333333323,PP,True,True,True,False
Roshan2016,NFSK expanding (Fig2a),Clone 17,1,1,N115,16.83333333333334,PP,True,True,True,False
Roshan2016,NFSK expanding (Fig2a),Clone 17,1,1,N116,19.99999999999999,PP,True,True,True,False
Roshan2016,NFSK expanding (Fig2a),Clone 17,1,1,N117,13,PP,True,True,True,False
Roshan2016,NFSK expanding (Fig2a),Clone 17,1,1,N118,11.666666666666671,PP,True,True,True,False
Roshan2016,NFSK expanding (Fig2a),Clone 17,1,1,N119,12.333333333333332,PP,True,True,True,False
Roshan2016,NFSK expanding (Fig2a),Clone 17,1,1,N120,14.166666666666675,PP,True,True,True,False
Roshan2016,NFSK expanding (Fig2a),Clone 17,1,1,N121,12.666666666666671,PP,True,True,True,False
Roshan2016,NFSK expanding (Fig2a),Clone 17,1,1,N122,13.333333333333336,PP,True,True,True,False
Roshan2016,NFSK expanding (Fig2a),Clone 17,1,1,N123,15.333333333333332,PP,True,True,True,False
Roshan2016,NFSK expanding (Fig2a),Clone 17,1,1,N124,12.999999999999996,PP,True,True,True,False
Roshan2016,NFSK expanding (Fig2a),Clone 17,1,1,N125,10.166666666666657,PP,True,True,True,False
Roshan2016,NFSK expanding (Fig2a),Clone 17,1,1,N126,10.166666666666657,PP,True,True,True,False
Roshan2016,NFSK expanding (Fig2a),Clone 17,1,1,N127,12.000000000000005,PP,True,True,True,False
Roshan2016,NFSK expanding (Fig2a),Clone 17,1,1,N128,17.333333333333343,PP,True,True,True,False
Roshan2016,NFSK expanding (Fig2a),Clone 17,1,1,N129,13.000000000000007,PP,True,True,True,False
Roshan2016,NFSK expanding (Fig2a),Clone 17,1,1,N130,13.666666666666671,PP,True,True,True,False
Roshan2016,NFSK expanding (Fig2a),Clone 17,1,1,N131,4.666666666666658,PP,True,True,True,False
Roshan2016,NFSK expanding (Fig2a),Clone 17,1,1,N132,7.666666666666658,PP,True,True,True,False
Roshan2016,NFSK expanding (Fig2a),Clone 17,1,1,N133,17.16666666666667,PP,True,True,True,False
Roshan2016,NFSK expanding (Fig2a),Clone 17,1,1,N134,17.16666666666667,PP,True,True,True,False
Roshan2016,NFSK expanding (Fig2a),Clone 17,1,1,N135,16.66666666666667,PP,True,True,True,False
Roshan2016,NFSK expanding (Fig2a),Clone 17,1,1,N136,17.500000000000007,PP,True,True,True,False
Roshan2016,NFSK expanding (Fig2a),Clone 17,1,1,N137,14.500000000000007,PP,True,True,True,False
Roshan2016,NFSK expanding (Fig2a),Clone 17,1,1,N138,15.333333333333343,PP,True,True,True,False
Roshan2016,NFSK expanding (Fig2a),Clone 17,1,1,N139,19.83333333333334,PP,True,True,True,False
Roshan2016,NFSK expanding (Fig2a),Clone 17,1,1,N140,20.999999999999996,PP,True,True,True,False
Roshan2016,NFSK expanding (Fig2a),Clone 17,1,1,N141,5.833333333333339,PP,True,True,True,False
Roshan2016,NFSK expanding (Fig2a),Clone 17,1,1,N142,5.833333333333339,PP,True,True,True,False
Roshan2016,NFSK expanding (Fig2a),Clone 17,1,1,N143,5.333333333333325,PP,True,True,True,False
Roshan2016,NFSK expanding (Fig2a),Clone 17,1,1,N144,5.333333333333325,PP,True,True,True,False
Roshan2016,NFSK expanding (Fig2a),Clone 17,1,1,N145,10.833333333333332,PP,True,True,True,False
Roshan2016,NFSK expanding (Fig2a),Clone 17,1,1,N146,10.833333333333332,PP,True,True,True,False
Roshan2016,NFSK expanding (Fig2a),Clone 17,1,1,N147,11.499999999999993,PP,True,True,True,False
Roshan2016,NFSK expanding (Fig2a),Clone 17,1,1,N148,11.666666666666664,PP,True,True,True,False
Roshan2016,NFSK expanding (Fig2a),Clone 17,1,1,N149,11.166666666666677,PP,True,True,True,False
Roshan2016,NFSK expanding (Fig2a),Clone 17,1,1,N150,14.499999999999996,PP,True,True,True,False
Roshan2016,NFSK expanding (Fig2a),Clone 17,1,1,N151,15.66666666666667,PP,True,True,True,False
Roshan2016,NFSK expanding (Fig2a),Clone 17,1,1,N152,15.999999999999991,PP,True,True,True,False
Roshan2016,NFSK expanding (Fig2a),Clone 17,1,1,N153,13,PP,True,True,True,False
Roshan2016,NFSK expanding (Fig2a),Clone 17,1,1,N154,14.833333333333343,PP,True,True,True,False
Roshan2016,NFSK expanding (Fig2a),Clone 17,1,1,N155,13.833333333333336,PP,True,True,True,False
Roshan2016,NFSK expanding (Fig2a),Clone 17,1,1,N156,23.833333333333343,PP,True,True,True,False
Roshan2016,NFSK expanding (Fig2a),Clone 17,1,1,N157,12.83333333333334,PP,True,True,True,False
Roshan2016,NFSK expanding (Fig2a),Clone 17,1,1,N158,13.333333333333332,PP,True,True,True,False
Roshan2016,NFSK expanding (Fig2a),Clone 17,1,1,N159,15.000000000000004,PP,True,True,True,False
Roshan2016,NFSK expanding (Fig2a),Clone 17,1,1,N160,16.500000000000004,PP,True,True,True,False
Roshan2016,NFSK expanding (Fig2a),Clone 17,1,1,N161,20.16666666666667,PP,True,True,True,False
Roshan2016,NFSK expanding (Fig2a),Clone 17,1,1,N162,20.833333333333336,PP,True,True,True,False
Roshan2016,NFSK expanding (Fig2a),Clone 17,1,1,N163,13.66666666666666,PP,True,True,True,False
Roshan2016,NFSK expanding (Fig2a),Clone 17,1,1,N164,14.499999999999996,PP,True,True,True,False
Roshan2016,NFSK expanding (Fig2a),Clone 17,1,1,N165,12.166666666666655,PP,True,True,True,False
Roshan2016,NFSK expanding (Fig2a),Clone 17,1,1,N166,13.166666666666663,PP,True,True,True,False
Roshan2016,NFSK expanding (Fig2a),Clone 17,1,1,N167,13.66666666666666,PP,True,True,True,False
Roshan2016,NFSK expanding (Fig2a),Clone 17,1,1,N168,16.166666666666668,PP,True,True,True,False
Roshan2016,NFSK expanding (Fig2a),Clone 17,1,1,N169,9.5,PP,True,True,True,False
Roshan2016,NFSK expanding (Fig2a),Clone 17,1,1,N170,12.166666666666655,PP,True,True,True,False
Roshan2016,NFSK expanding (Fig2a),Clone 17,1,1,N171,14.666666666666679,PP,True,True,True,False
Roshan2016,NFSK expanding (Fig2a),Clone 17,1,1,N172,15.833333333333336,PP,True,True,True,False
Roshan2016,NFSK expanding (Fig2a),Clone 17,2,2,N173,13.166666666666668,PP,True,True,False,False
Roshan2016,NFSK expanding (Fig2a),Clone 17,2,2,N174,15.00000000000001,PP,True,True,False,False
Roshan2016,NFSK expanding (Fig2a),Clone 17,2,2,N175,17.83333333333333,PD,True,True,False,False
Roshan2016,NFSK expanding (Fig2a),Clone 17,2,2,N176,18.833333333333336,PP,True,True,False,False
Roshan2016,NFSK expanding (Fig2a),Clone 17,2,2,N177,17.166666666666675,PP,True,True,False,False
Roshan2016,NFSK expanding (Fig2a),Clone 17,2,2,N178,17.166666666666675,PP,True,True,False,False
Roshan2016,NFSK expanding (Fig2a),Clone 17,2,2,N179,25.16666666666667,PP,True,True,False,False
Roshan2016,NFSK expanding (Fig2a),Clone 17,2,2,N180,12.000000000000004,PP,True,True,False,False
Roshan2016,NFSK expanding (Fig2a),Clone 17,2,2,N181,21.333333333333325,PP,True,True,False,False
Roshan2016,NFSK expanding (Fig2a),Clone 17,2,2,N182,13.333333333333336,PP,True,True,False,False
Roshan2016,NFSK expanding (Fig2a),Clone 17,2,2,N183,13.500000000000007,PP,True,True,False,False
Roshan2016,NFSK expanding (Fig2a),Clone 17,2,2,N184,12.333333333333329,PP,True,True,False,False
Roshan2016,NFSK expanding (Fig2a),Clone 17,2,2,N185,12.666666666666671,PP,True,True,False,False
Roshan2016,NFSK expanding (Fig2a),Clone 17,2,2,N186,14.833333333333336,PP,True,True,False,False
Roshan2016,NFSK expanding (Fig2a),Clone 17,2,2,N187,14.833333333333336,PP,True,True,False,False
Roshan2016,NFSK expanding (Fig2a),Clone 17,2,2,N188,13.333333333333332,PP,True,True,False,False
Roshan2016,NFSK expanding (Fig2a),Clone 17,2,2,N189,14.66666666666666,PP,True,True,False,False
Roshan2016,NFSK expanding (Fig2a),Clone 17,2,2,N190,8.999999999999991,PP,True,True,False,False
Roshan2016,NFSK expanding (Fig2a),Clone 17,2,2,N191,14.333333333333325,PP,True,True,False,False
Roshan2016,NFSK expanding (Fig2a),Clone 17,2,2,N192,11.166666666666668,PP,True,True,False,False
Roshan2016,NFSK expanding (Fig2a),Clone 17,2,2,N193,11.33333333333334,PP,True,True,False,False
Roshan2016,NFSK expanding (Fig2a),Clone 17,2,2,N194,14.166666666666671,PP,True,True,False,False
Roshan2016,NFSK expanding (Fig2a),Clone 17,2,2,N195,14.166666666666671,PD,True,True,False,False
Roshan2016,NFSK expanding (Fig2a),Clone 17,2,2,N196,21.166666666666668,PP,True,True,False,False
Roshan2016,NFSK expanding (Fig2a),Clone 17,2,2,N197,24.833333333333336,PP,True,True,False,False
Roshan2016,NFSK expanding (Fig2a),Clone 17,2,2,N198,13.666666666666675,PD,True,True,False,False
Roshan2016,NFSK expanding (Fig2a),Clone 17,2,2,N199,14.49999999999999,PP,True,True,False,False
Roshan2016,NFSK expanding (Fig2a),Clone 17,2,2,N200,18.166666666666675,PP,True,True,False,False
Roshan2016,NFSK expanding (Fig2a),Clone 17,2,2,N201,22.00000000000001,PP,True,True,False,False
Roshan2016,NFSK expanding (Fig2a),Clone 17,2,2,N202,10.500000000000004,PP,True,True,False,False
Roshan2016,NFSK expanding (Fig2a),Clone 17,2,2,N203,12.666666666666668,PP,True,True,False,False
Roshan2016,NFSK expanding (Fig2a),Clone 17,2,2,N204,17.833333333333325,PP,True,True,False,False
Roshan2016,NFSK expanding (Fig2a),Clone 17,2,2,N205,18.166666666666668,PP,True,True,False,False
Roshan2016,NFSK expanding (Fig2a),Clone 17,2,2,N206,9.333333333333336,PP,True,True,False,False
Roshan2016,NFSK expanding (Fig2a),Clone 17,2,2,N207,10,PP,True,True,False,False
Roshan2016,NFSK expanding (Fig2a),Clone 17,2,2,N208,15.666666666666675,PP,True,True,False,False
Roshan2016,NFSK expanding (Fig2a),Clone 17,2,2,N209,15.999999999999996,PP,True,True,False,False
Roshan2016,NFSK expanding (Fig2a),Clone 17,2,2,N210,26.83333333333334,PP,True,True,False,False
Roshan2016,NFSK expanding (Fig2a),Clone 17,2,2,N211,22.499999999999993,PP,True,True,False,False
Roshan2016,NFSK expanding (Fig2a),Clone 17,2,2,N212,10.000000000000007,PP,True,True,False,False
Roshan2016,NFSK expanding (Fig2a),Clone 17,2,2,N213,12.499999999999993,PP,True,True,False,False
Roshan2016,NFSK expanding (Fig2a),Clone 17,2,2,N214,14.16666666666667,PP,True,True,False,False
Roshan2016,NFSK expanding (Fig2a),Clone 17,2,2,N215,16.366666666666674,PP,True,True,False,False
Roshan2016,NFSK expanding (Fig2a),Clone 17,2,2,N216,33.66666666666667,PP,True,True,False,False
Roshan2016,NFSK expanding (Fig2a),Clone 17,2,2,N217,32.49999999999999,PP,True,True,False,False
Roshan2016,NFSK expanding (Fig2a),Clone 17,2,2,N218,22.333333333333336,PP,True,True,False,False
Roshan2016,NFSK expanding (Fig2a),Clone 17,2,2,N219,34.66666666666667,PP,True,True,False,False
Roshan2016,NFSK expanding (Fig2a),Clone 17,2,2,N220,39.33333333333334,PP,True,True,False,False
Roshan2016,NFSK expanding (Fig2a),Clone 17,2,2,N221,35.66666666666668,PP,True,True,False,False
Roshan2016,NFSK expanding (Fig2a),Clone 17,2,2,N222,35.83333333333335,PP,True,True,False,False
Roshan2016,NFSK expanding (Fig2a),Clone 17,2,2,N223,17.166666666666675,PP,True,True,False,False
Roshan2016,NFSK expanding (Fig2a),Clone 17,2,2,N224,15.500000000000004,PP,True,True,False,False
Roshan2016,NFSK expanding (Fig2a),Clone 17,2,2,N225,15.999999999999996,PP,True,True,False,False
Roshan2016,NFSK expanding (Fig2a),Clone 17,1,1,N233,21.16666666666665,DD,True,True,True,False
Roshan2016,NFSK expanding (Fig2a),Clone 17,2,2,N234,14.500000000000014,DD,True,True,False,False
Roshan2016,NFSK expanding (Fig2a),Clone 17,3,3,N235,35.16666666666666,PD,True,True,False,False
Roshan2016,NFSK expanding (Fig2a),Clone 17,3,3,N236,19.83333333333333,DD,True,True,False,False
Roshan2016,NFSK expanding (Fig2a),Clone 17,4,4,N237,15.833333333333314,DD,True,True,False,False
Roshan2016,NFSK expanding (Fig2a),Clone 17,5,5,N238,11.5,DD,True,True,False,False
Roshan2016,NFSK expanding (Fig2a),Clone 17,6,6,N239,15.000000000000005,PD,True,True,False,False
Roshan2016,NFSK expanding (Fig2a),Clone 17,6,6,N240,15.000000000000005,DD,True,True,False,False
Roshan2016,NFSK expanding (Fig2a),Clone 17,6,6,N241,20.66666666666666,DD,True,True,False,False
Roshan2016,NFSK expanding (Fig2a),Clone 17,7,7,N242,25.16666666666669,DD,True,True,False,False
Roshan2016,NFSK expanding (Fig2a),Clone 17,8,8,N243,26,DD,True,True,False,False
Roshan2016,NFSK expanding (Fig2a),Clone 17,9,9,N244,39.83333333333334,PP,True,True,False,False
Roshan2016,NFSK expanding (Fig2a),Clone 17,9,9,N245,8.166666666666654,DD,True,True,False,False
Roshan2016,NFSK expanding (Fig2a),Clone 17,9,9,N246,8.166666666666654,DD,True,True,False,False
Roshan2016,NFSK expanding (Fig2a),Clone 17,10,10,N247,16.000000000000007,DD,True,True,False,False
Roshan2016,NFSK expanding (Fig2a),Clone 17,11,11,N248,11.333333333333336,PP,True,True,False,False
Roshan2016,NFSK expanding (Fig2a),Clone 17,11,11,N249,10.833333333333343,PD,True,True,False,False
Roshan2016,NFSK expanding (Fig2a),Clone 17,11,11,N250,13.999999999999993,DD,True,True,False,False
Roshan2016,NFSK expanding (Fig2a),Clone 17,11,11,N251,16.16666666666668,DD,True,True,False,False
Roshan2016,NFSK expanding (Fig2a),Clone 17,11,11,N252,21.833333333333325,DD,True,True,False,False
Roshan2016,NFSK expanding (Fig2a),Clone 17,12,12,N253,19.333333333333336,PP,True,True,False,False
Roshan2016,NFSK expanding (Fig2a),Clone 17,12,12,N254,21.50000000000002,DD,True,True,False,False
Roshan2016,NFSK expanding (Fig2a),Clone 17,12,12,N255,10.666666666666671,PD,True,True,False,False
Roshan2016,NFSK expanding (Fig2a),Clone 17,12,12,N256,11.833333333333329,PD,True,True,False,False
Roshan2016,NFSK expanding (Fig2a),Clone 17,12,12,N257,15.833333333333318,PD,True,True,False,False
Roshan2016,NFSK expanding (Fig2a),Clone 17,12,12,N258,21.666666666666682,PP,True,True,False,False
Roshan2016,NFSK expanding (Fig2a),Clone 17,12,12,N259,16.499999999999986,PP,True,True,False,False
Roshan2016,NFSK expanding (Fig2a),Clone 17,12,12,N260,18.833333333333343,PD,True,True,False,False
Roshan2016,NFSK expanding (Fig2a),Clone 17,12,12,N261,20.333333333333343,DD,True,True,False,False
Roshan2016,NFSK expanding (Fig2a),Clone 17,12,12,N262,22,PP,True,True,False,False
Roshan2016,NFSK expanding (Fig2a),Clone 17,12,12,N263,20.166666666666657,DD,True,True,False,False
Roshan2016,NFSK expanding (Fig2a),Clone 17,13,13,N264,20.666666666666657,PP,True,True,False,False
Roshan2016,NFSK expanding (Fig2a),Clone 17,13,13,N265,19.833333333333343,PP,True,True,False,False
Roshan2016,NFSK expanding (Fig2a),Clone 17,13,13,N266,11.999999999999991,PP,True,True,False,False
Roshan2016,NFSK expanding (Fig2a),Clone 17,13,13,N267,14.166666666666675,DD,True,True,False,False
Roshan2016,NFSK expanding (Fig2a),Clone 17,13,13,N268,17.666666666666668,PD,True,True,False,False
Roshan2016,NFSK expanding (Fig2a),Clone 17,13,13,N269,19.666666666666682,PP,True,True,False,False
Roshan2016,NFSK expanding (Fig2a),Clone 17,13,13,N270,17.166666666666675,PD,True,True,False,False
Roshan2016,NFSK expanding (Fig2a),Clone 17,13,13,N271,13.333333333333318,DD,True,True,False,False
Roshan2016,NFSK expanding (Fig2a),Clone 17,13,13,N272,16.33333333333333,PP,True,True,False,False
Roshan2016,NFSK expanding (Fig2a),Clone 17,13,13,N273,8.833333333333343,PD,True,True,False,False
Roshan2016,NFSK expanding (Fig2a),Clone 17,13,13,N274,16.333333333333343,PP,True,True,False,False
Roshan2016,NFSK expanding (Fig2a),Clone 17,13,13,N275,19.166666666666664,PP,True,True,False,False
Roshan2016,NFSK expanding (Fig2a),Clone 17,13,13,N276,16.166666666666654,PP,True,True,False,False
Roshan2016,NFSK expanding (Fig2a),Clone 17,13,13,N277,18.999999999999982,PP,True,True,False,False
Roshan2016,NFSK expanding (Fig2a),Clone 17,13,13,N278,9.499999999999979,PD,True,True,False,False
Roshan2016,NFSK expanding (Fig2a),Clone 17,13,13,N279,14.166666666666654,DD,True,True,False,False
Roshan2016,NFSK expanding (Fig2a),Clone 17,13,13,N280,22.833333333333353,PP,True,True,False,False
Roshan2016,NFSK expanding (Fig2a),Clone 18,1,1,U4,12.333333333333336,PP,True,True,True,False
Roshan2016,NFSK expanding (Fig2a),Clone 18,2,2,U5,13.666666666666664,PP,True,True,False,False
Roshan2016,NFSK expanding (Fig2a),Clone 18,2,2,U6,14.333333333333332,PP,True,True,False,False
Roshan2016,NFSK expanding (Fig2a),Clone 18,3,3,U7,16,PP,True,True,False,False
Roshan2016,NFSK expanding (Fig2a),Clone 18,3,3,U8,13.833333333333336,PP,True,True,False,False
Roshan2016,NFSK expanding (Fig2a),Clone 18,3,3,U9,12.499999999999998,PP,True,True,False,False
Roshan2016,NFSK expanding (Fig2a),Clone 18,3,3,U10,12.833333333333336,PP,True,True,False,False
Roshan2016,NFSK expanding (Fig2a),Clone 18,4,4,U11,12.666666666666664,PP,True,True,False,False
Roshan2016,NFSK expanding (Fig2a),Clone 18,4,4,U12,25.66666666666667,PP,True,True,False,False
Roshan2016,NFSK expanding (Fig2a),Clone 18,4,4,U13,19,PP,True,True,False,False
Roshan2016,NFSK expanding (Fig2a),Clone 18,4,4,U14,20.66666666666667,PP,True,True,False,False
Roshan2016,NFSK expanding (Fig2a),Clone 18,4,4,U15,5.500000000000002,PP,True,True,False,False
Roshan2016,NFSK expanding (Fig2a),Clone 18,4,4,U16,14.666666666666663,PP,True,True,False,False
Roshan2016,NFSK expanding (Fig2a),Clone 18,4,4,U17,13.999999999999996,PP,True,True,False,False
Roshan2016,NFSK expanding (Fig2a),Clone 18,4,4,U18,16,PP,True,True,False,False
Roshan2016,NFSK expanding (Fig2a),Clone 18,5,5,U19,12.333333333333329,UU,True,True,False,False
Roshan2016,NFSK expanding (Fig2a),Clone 18,5,5,U20,12.333333333333329,UU,True,True,False,False
Roshan2016,NFSK expanding (Fig2a),Clone 18,5,5,U21,16.500000000000004,UU,True,True,False,False
Roshan2016,NFSK expanding (Fig2a),Clone 18,5,5,U22,17.166666666666668,UU,True,True,False,False
Roshan2016,NFSK expanding (Fig2a),Clone 18,5,5,U23,23.83333333333334,UU,True,True,False,False
Roshan2016,NFSK expanding (Fig2a),Clone 18,5,5,U24,24.666666666666664,UU,True,True,False,False
Roshan2016,NFSK expanding (Fig2a),Clone 18,5,5,U25,9.499999999999996,UU,True,True,False,False
Roshan2016,NFSK expanding (Fig2a),Clone 18,5,5,U26,20.166666666666668,UU,True,True,False,False
Roshan2016,NFSK expanding (Fig2a),Clone 18,5,5,U27,27,UU,True,True,False,False
Roshan2016,NFSK expanding (Fig2a),Clone 18,5,5,U28,24.16666666666666,UU,True,True,False,False
Roshan2016,NFSK expanding (Fig2a),Clone 18,5,5,U29,15.333333333333337,UU,True,True,False,False
Roshan2016,NFSK expanding (Fig2a),Clone 18,5,5,U30,23.833333333333336,UU,True,True,False,False
Roshan2016,NFSK expanding (Fig2a),Clone 18,5,5,U31,20.833333333333336,UU,True,True,False,False
Roshan2016,NFSK expanding (Fig2a),Clone 18,5,5,U32,20.999999999999996,UU,True,True,False,False
Roshan2016,NFSK expanding (Fig2a),Clone 18,5,5,U33,23.83333333333333,UU,True,True,False,False
Roshan2016,NFSK expanding (Fig2a),Clone 18,5,5,U34,24.16666666666667,UU,True,True,False,False
Roshan2016,NFSK expanding (Fig2a),Clone 18,1,1,U111,26.499999999999996,PP,True,True,True,False
Roshan2016,NFSK expanding (Fig2a),Clone 18,1,1,U112,22.833333333333332,PP,True,True,True,False
Roshan2016,NFSK expanding (Fig2a),Clone 18,1,1,U113,10.166666666666675,PP,True,True,True,False
Roshan2016,NFSK expanding (Fig2a),Clone 18,1,1,U114,11.16666666666666,PP,True,True,True,False
Roshan2016,NFSK expanding (Fig2a),Clone 18,1,1,U115,13.833333333333343,PD,True,True,True,False
Roshan2016,NFSK expanding (Fig2a),Clone 18,1,1,U116,15,PP,True,True,True,False
Roshan2016,NFSK expanding (Fig2a),Clone 18,1,1,U117,14.666666666666668,PD,True,True,True,False
Roshan2016,NFSK expanding (Fig2a),Clone 18,1,1,U118,24.16666666666666,PP,True,True,True,False
Roshan2016,NFSK expanding (Fig2a),Clone 18,1,1,U119,10.666666666666668,PP,True,True,True,False
Roshan2016,NFSK expanding (Fig2a),Clone 18,1,1,U120,8.999999999999996,PP,True,True,True,False
Roshan2016,NFSK expanding (Fig2a),Clone 18,1,1,U121,18.666666666666675,PP,True,True,True,False
Roshan2016,NFSK expanding (Fig2a),Clone 18,1,1,U122,10.5,PD,True,True,True,False
Roshan2016,NFSK expanding (Fig2a),Clone 18,1,1,U123,22.999999999999993,DD,True,True,True,False
Roshan2016,NFSK expanding (Fig2a),Clone 18,1,1,U124,31.166666666666657,PP,True,True,True,False
Roshan2016,NFSK expanding (Fig2a),Clone 18,1,1,U125,14.5,PP,True,True,True,False
Roshan2016,NFSK expanding (Fig2a),Clone 18,1,1,U126,14.333333333333329,PD,True,True,True,False
Roshan2016,NFSK expanding (Fig2a),Clone 18,1,1,U127,19.000000000000007,PP,True,True,True,False
Roshan2016,NFSK expanding (Fig2a),Clone 18,1,1,U128,20.333333333333336,PP,True,True,True,False
Roshan2016,NFSK expanding (Fig2a),Clone 18,1,1,U129,22,PP,True,True,True,False
Roshan2016,NFSK expanding (Fig2a),Clone 18,1,1,U130,25.33333333333332,PP,True,True,True,False
Roshan2016,NFSK expanding (Fig2a),Clone 18,1,1,U131,21.66666666666667,PP,True,True,True,False
Roshan2016,NFSK expanding (Fig2a),Clone 18,1,1,U132,24.500000000000004,PP,True,True,True,False
Roshan2016,NFSK expanding (Fig2a),Clone 18,1,1,U133,17.666666666666657,PP,True,True,True,False
Roshan2016,NFSK expanding (Fig2a),Clone 18,2,2,U134,13.166666666666671,PP,True,True,False,False
Roshan2016,NFSK expanding (Fig2a),Clone 18,2,2,U135,20.000000000000007,PP,True,True,False,False
Roshan2016,NFSK expanding (Fig2a),Clone 18,2,2,U136,14.833333333333332,PP,True,True,False,False
Roshan2016,NFSK expanding (Fig2a),Clone 18,2,2,U137,17.66666666666666,PP,True,True,False,False
Roshan2016,NFSK expanding (Fig2a),Clone 18,2,2,U138,21.33333333333333,PD,True,True,False,False
Roshan2016,NFSK expanding (Fig2a),Clone 18,2,2,U139,18.166666666666657,PP,True,True,False,False
Roshan2016,NFSK expanding (Fig2a),Clone 18,2,2,U140,15.666666666666664,PP,True,True,False,False
Roshan2016,NFSK expanding (Fig2a),Clone 18,2,2,U141,22.33333333333333,PP,True,True,False,False
Roshan2016,NFSK expanding (Fig2a),Clone 18,2,2,U142,17.999999999999993,PP,True,True,False,False
Roshan2016,NFSK expanding (Fig2a),Clone 18,2,2,U143,16.833333333333336,PP,True,True,False,False
Roshan2016,NFSK expanding (Fig2a),Clone 18,2,2,U144,12.166666666666668,PP,True,True,False,False
Roshan2016,NFSK expanding (Fig2a),Clone 18,2,2,U145,14.666666666666668,PP,True,True,False,False
Roshan2016,NFSK expanding (Fig2a),Clone 18,2,2,U146,14.333333333333325,PP,True,True,False,False
Roshan2016,NFSK expanding (Fig2a),Clone 18,2,2,U147,19.166666666666675,PP,True,True,False,False
Roshan2016,NFSK expanding (Fig2a),Clone 18,2,2,U148,19.666666666666668,PD,True,True,False,False
Roshan2016,NFSK expanding (Fig2a),Clone 18,2,2,U149,12.333333333333337,PP,True,True,False,False
Roshan2016,NFSK expanding (Fig2a),Clone 18,2,2,U150,13.333333333333323,PP,True,True,False,False
Roshan2016,NFSK expanding (Fig2a),Clone 18,2,2,U151,20.66666666666667,PP,True,True,False,False
Roshan2016,NFSK expanding (Fig2a),Clone 18,2,2,U152,19.666666666666664,PP,True,True,False,False
Roshan2016,NFSK expanding (Fig2a),Clone 18,2,2,U153,14.833333333333334,PP,True,True,False,False
Roshan2016,NFSK expanding (Fig2a),Clone 18,2,2,U154,14.333333333333341,PP,True,True,False,False
Roshan2016,NFSK expanding (Fig2a),Clone 18,2,2,U155,16.33333333333333,PP,True,True,False,False
Roshan2016,NFSK expanding (Fig2a),Clone 18,2,2,U156,19.000000000000007,PP,True,True,False,False
Roshan2016,NFSK expanding (Fig2a),Clone 18,2,2,U157,12.166666666666671,PP,True,True,False,False
Roshan2016,NFSK expanding (Fig2a),Clone 18,2,2,U158,9.333333333333323,PP,True,True,False,False
Roshan2016,NFSK expanding (Fig2a),Clone 18,2,2,U159,16.333333333333343,PD,True,True,False,False
Roshan2016,NFSK expanding (Fig2a),Clone 18,2,2,U160,12.83333333333333,PP,True,True,False,False
Roshan2016,NFSK expanding (Fig2a),Clone 18,3,3,U161,14,PP,True,True,False,False
Roshan2016,NFSK expanding (Fig2a),Clone 18,3,3,U162,13.833333333333329,PP,True,True,False,False
Roshan2016,NFSK expanding (Fig2a),Clone 18,3,3,U163,14.333333333333336,PP,True,True,False,False
Roshan2016,NFSK expanding (Fig2a),Clone 18,3,3,U164,14.333333333333336,PP,True,True,False,False
Roshan2016,NFSK expanding (Fig2a),Clone 18,3,3,U165,16.499999999999993,PP,True,True,False,False
Roshan2016,NFSK expanding (Fig2a),Clone 18,3,3,U166,17.66666666666667,PP,True,True,False,False
Roshan2016,NFSK expanding (Fig2a),Clone 18,3,3,U167,16.16666666666666,PP,True,True,False,False
Roshan2016,NFSK expanding (Fig2a),Clone 18,3,3,U168,16.16666666666666,PP,True,True,False,False
Roshan2016,NFSK expanding (Fig2a),Clone 18,3,3,U169,16.16666666666666,PP,True,True,False,False
Roshan2016,NFSK expanding (Fig2a),Clone 18,3,3,U170,15.666666666666668,PP,True,True,False,False
Roshan2016,NFSK expanding (Fig2a),Clone 18,3,3,U171,23.83333333333332,PD,True,True,False,False
Roshan2016,NFSK expanding (Fig2a),Clone 18,3,3,U172,19.33333333333332,PD,True,True,False,False
Roshan2016,NFSK expanding (Fig2a),Clone 18,3,3,U173,11.833333333333336,PP,True,True,False,False
Roshan2016,NFSK expanding (Fig2a),Clone 18,3,3,U174,14.499999999999993,PP,True,True,False,False
Roshan2016,NFSK expanding (Fig2a),Clone 18,3,3,U175,20.66666666666667,PP,True,True,False,False
Roshan2016,NFSK expanding (Fig2a),Clone 18,3,3,U176,22.833333333333336,PP,True,True,False,False
Roshan2016,NFSK expanding (Fig2a),Clone 18,3,3,U177,21.333333333333336,PP,True,True,False,False
Roshan2016,NFSK expanding (Fig2a),Clone 18,3,3,U178,20.166666666666657,PP,True,True,False,False
Roshan2016,NFSK expanding (Fig2a),Clone 18,3,3,U179,17.000000000000007,PP,True,True,False,False
Roshan2016,NFSK expanding (Fig2a),Clone 18,3,3,U180,18.333333333333336,PP,True,True,False,False
Roshan2016,NFSK expanding (Fig2a),Clone 18,3,3,U181,19.5,PP,True,True,False,False
Roshan2016,NFSK expanding (Fig2a),Clone 18,3,3,U182,24.833333333333336,PP,True,True,False,False
Roshan2016,NFSK expanding (Fig2a),Clone 18,3,3,U183,16.166666666666668,PP,True,True,False,False
Roshan2016,NFSK expanding (Fig2a),Clone 18,3,3,U184,18.666666666666675,PP,True,True,False,False
Roshan2016,NFSK expanding (Fig2a),Clone 18,3,3,U185,20.66666666666666,PP,True,True,False,False
Roshan2016,NFSK expanding (Fig2a),Clone 18,3,3,U186,20.66666666666666,PP,True,True,False,False
Roshan2016,NFSK expanding (Fig2a),Clone 18,3,3,U187,20.999999999999993,PP,True,True,False,False
Roshan2016,NFSK expanding (Fig2a),Clone 18,3,3,U188,20.5,PP,True,True,False,False
Roshan2016,NFSK expanding (Fig2a),Clone 18,4,4,U189,19.16666666666667,PP,True,True,False,False
Roshan2016,NFSK expanding (Fig2a),Clone 18,4,4,U190,14.666666666666673,PP,True,True,False,False
Roshan2016,NFSK expanding (Fig2a),Clone 18,4,4,U191,14.16666666666667,PP,True,True,False,False
Roshan2016,NFSK expanding (Fig2a),Clone 18,4,4,U192,14.666666666666663,DD,True,True,False,False
Roshan2016,NFSK expanding (Fig2a),Clone 18,4,4,U193,22.166666666666664,PP,True,True,False,False
Roshan2016,NFSK expanding (Fig2a),Clone 18,4,4,U194,21.000000000000007,PP,True,True,False,False
Roshan2016,NFSK expanding (Fig2a),Clone 18,4,4,U195,14.833333333333332,PD,True,True,False,False
Roshan2016,NFSK expanding (Fig2a),Clone 18,4,4,U196,27,PP,True,True,False,False
Roshan2016,NFSK expanding (Fig2a),Clone 18,4,4,U197,16.499999999999996,PD,True,True,False,False
Roshan2016,NFSK expanding (Fig2a),Clone 18,4,4,U198,16.499999999999996,PD,True,True,False,False
Roshan2016,NFSK expanding (Fig2a),Clone 18,4,4,U199,12.499999999999996,PD,True,True,False,False
Roshan2016,NFSK expanding (Fig2a),Clone 18,4,4,U200,15.99999999999999,PP,True,True,False,False
Roshan2016,NFSK expanding (Fig2a),Clone 18,4,4,U201,19.16666666666668,PP,True,True,False,False
Roshan2016,NFSK expanding (Fig2a),Clone 18,4,4,U202,15.166666666666675,PP,True,True,False,False
Roshan2016,NFSK expanding (Fig2a),Clone 18,4,4,U203,15.333333333333325,PP,True,True,False,False
Roshan2016,NFSK expanding (Fig2a),Clone 18,4,4,U204,10.333333333333323,PP,True,True,False,False
Roshan2016,NFSK expanding (Fig2a),Clone 18,4,4,U205,11.166666666666659,PP,True,True,False,False
Roshan2016,NFSK expanding (Fig2a),Clone 18,4,4,U206,19.5,PP,True,True,False,False
Roshan2016,NFSK expanding (Fig2a),Clone 18,4,4,U207,17.999999999999993,PP,True,True,False,False
Roshan2016,NFSK expanding (Fig2a),Clone 18,4,4,U208,19.333333333333343,PP,True,True,False,False
Roshan2016,NFSK expanding (Fig2a),Clone 53,1,1,AB4,19.833333333333332,PP,True,True,True,False
Roshan2016,NFSK expanding (Fig2a),Clone 53,2,2,AB5,11.16666666666667,PP,True,True,False,False
Roshan2016,NFSK expanding (Fig2a),Clone 53,2,2,AB6,11.500000000000002,PP,True,True,False,False
Roshan2016,NFSK expanding (Fig2a),Clone 53,3,3,AB7,11.500000000000004,PD,True,True,False,False
Roshan2016,NFSK expanding (Fig2a),Clone 53,3,3,AB8,13.333333333333334,PP,True,True,False,False
Roshan2016,NFSK expanding (Fig2a),Clone 53,3,3,AB9,13.833333333333337,PP,True,True,False,False
Roshan2016,NFSK expanding (Fig2a),Clone 53,3,3,AB10,11.166666666666671,PD,True,True,False,False
Roshan2016,NFSK expanding (Fig2a),Clone 53,4,4,AB11,9.833333333333329,PP,True,True,False,False
Roshan2016,NFSK expanding (Fig2a),Clone 53,4,4,AB12,13.166666666666671,PD,True,True,False,False
Roshan2016,NFSK expanding (Fig2a),Clone 53,4,4,AB13,14.166666666666668,DD,True,True,False,False
Roshan2016,NFSK expanding (Fig2a),Clone 53,4,4,AB14,11.333333333333329,PD,True,True,False,False
Roshan2016,NFSK expanding (Fig2a),Clone 53,4,4,AB15,11.333333333333329,PD,True,True,False,False
Roshan2016,NFSK expanding (Fig2a),Clone 53,4,4,AB16,11.333333333333329,PP,True,True,False,False
Roshan2016,NFSK expanding (Fig2a),Clone 53,5,5,AB17,26.33333333333333,UU,True,True,False,False
Roshan2016,NFSK expanding (Fig2a),Clone 53,5,5,AB18,17.33333333333333,PP,True,True,False,False
Roshan2016,NFSK expanding (Fig2a),Clone 53,5,5,AB19,32.16666666666667,PP,True,True,False,False
Roshan2016,NFSK expanding (Fig2a),Clone 53,5,5,AB20,20,PU,True,True,False,False
Roshan2016,NFSK expanding (Fig2a),Clone 53,5,5,AB21,29,PU,True,True,False,False
Roshan2016,NFSK expanding (Fig2a),Clone 53,5,5,AB22,18.166666666666664,PP,True,True,False,False
Roshan2016,NFSK expanding (Fig2a),Clone 53,5,5,AB23,18.166666666666664,PP,True,True,False,False
Roshan2016,NFSK expanding (Fig2a),Clone 53,6,6,AB24,17.333333333333332,PP,True,True,False,False
Roshan2016,NFSK expanding (Fig2a),Clone 53,6,6,AB25,14.999999999999996,PP,True,True,False,False
Roshan2016,NFSK expanding (Fig2a),Clone 53,6,6,AB26,10.833333333333332,UU,True,True,False,False
Roshan2016,NFSK expanding (Fig2a),Clone 53,6,6,AB27,12.503333333333327,UU,True,True,False,False
Roshan2016,NFSK expanding (Fig2a),Clone 53,6,6,AB28,12,PP,True,True,False,False
Roshan2016,NFSK expanding (Fig2a),Clone 53,6,6,AB29,11.333333333333336,PP,True,True,False,False
Roshan2016,NFSK expanding (Fig2a),Clone 53,6,6,AB30,13.666666666666671,PP,True,True,False,False
Roshan2016,NFSK expanding (Fig2a),Clone 53,6,6,AB31,18.333333333333332,PP,True,True,False,False
Roshan2016,NFSK expanding (Fig2a),Clone 53,6,6,AB32,24.666666666666664,PU,True,True,False,False
Roshan2016,NFSK expanding (Fig2a),Clone 53,6,6,AB33,16.833333333333332,PU,True,True,False,False
Roshan2016,NFSK expanding (Fig2a),Clone 53,7,7,AB34,18.833333333333336,UU,True,True,False,False
Roshan2016,NFSK expanding (Fig2a),Clone 53,7,7,AB35,19.166666666666657,PU,True,True,False,False
Roshan2016,NFSK expanding (Fig2a),Clone 53,7,7,AB36,13.166666666666675,PP,True,True,False,False
Roshan2016,NFSK expanding (Fig2a),Clone 53,7,7,AB37,13.166666666666675,UU,True,True,False,False
Roshan2016,NFSK expanding (Fig2a),Clone 53,7,7,AB38,18.499999999999993,UU,True,True,False,False
Roshan2016,NFSK expanding (Fig2a),Clone 53,7,7,AB39,19.66666666666667,UU,True,True,False,False
Roshan2016,NFSK expanding (Fig2a),Clone 53,7,7,AB40,11.833333333333332,UU,True,True,False,False
Roshan2016,NFSK expanding (Fig2a),Clone 53,7,7,AB41,13.333333333333332,UU,True,True,False,False
Roshan2016,NFSK expanding (Fig2a),Clone 53,7,7,AB42,11.833333333333334,PP,True,True,False,False
Roshan2016,NFSK expanding (Fig2a),Clone 53,7,7,AB43,15.166666666666677,PU,True,True,False,False
Roshan2016,NFSK expanding (Fig2a),Clone 53,7,7,AB44,20.666666666666668,UU,True,True,False,False
Roshan2016,NFSK expanding (Fig2a),Clone 53,7,7,AB45,20.666666666666668,UU,True,True,False,False
Roshan2016,NFSK expanding (Fig2a),Clone 53,7,7,AB46,14.333333333333332,UU,True,True,False,False
Roshan2016,NFSK expanding (Fig2a),Clone 53,7,7,AB47,10.33333333333334,UU,True,True,False,False
Roshan2016,NFSK expanding (Fig2a),Clone 53,8,8,AB48,6.1666666666666625,UU,True,True,False,False
Roshan2016,NFSK expanding (Fig2a),Clone 53,8,8,AB49,17.000000000000004,UU,True,True,False,False
Roshan2016,NFSK expanding (Fig2a),Clone 53,8,8,AB50,14.499999999999996,UU,True,True,False,False
Roshan2016,NFSK expanding (Fig2a),Clone 53,8,8,AB51,13.833333333333343,UU,True,True,False,False
Roshan2016,NFSK expanding (Fig2a),Clone 53,8,8,AB52,15.166666666666671,UU,True,True,False,False
Roshan2016,NFSK expanding (Fig2a),Clone 53,8,8,AB53,11.499999999999996,UU,True,True,False,False
Roshan2016,NFSK expanding (Fig2a),Clone 54,1,1,AI4,6.666666666666667,PP,True,True,True,False
Roshan2016,NFSK expanding (Fig2a),Clone 54,2,2,AI5,13.000000000000002,PP,True,True,False,False
Roshan2016,NFSK expanding (Fig2a),Clone 54,2,2,AI6,14.666666666666664,PP,True,True,False,False
Roshan2016,NFSK expanding (Fig2a),Clone 54,3,3,AI7,9.833333333333332,PP,True,True,False,False
Roshan2016,NFSK expanding (Fig2a),Clone 54,3,3,AI8,13.166666666666664,PP,True,True,False,False
Roshan2016,NFSK expanding (Fig2a),Clone 54,3,3,AI9,11.000000000000004,PP,True,True,False,False
Roshan2016,NFSK expanding (Fig2a),Clone 54,3,3,AI10,12.833333333333336,PP,True,True,False,False
Roshan2016,NFSK expanding (Fig2a),Clone 54,4,4,AI11,10.833333333333329,PP,True,True,False,False
Roshan2016,NFSK expanding (Fig2a),Clone 54,4,4,AI12,11.500000000000004,PP,True,True,False,False
Roshan2016,NFSK expanding (Fig2a),Clone 54,4,4,AI13,11.33333333333333,PP,True,True,False,False
Roshan2016,NFSK expanding (Fig2a),Clone 54,4,4,AI14,13.000000000000002,PP,True,True,False,False
Roshan2016,NFSK expanding (Fig2a),Clone 54,4,4,AI15,14.833333333333329,PP,True,True,False,False
Roshan2016,NFSK expanding (Fig2a),Clone 54,4,4,AI16,15,PP,True,True,False,False
Roshan2016,NFSK expanding (Fig2a),Clone 54,4,4,AI17,15.666666666666664,PP,True,True,False,False
Roshan2016,NFSK expanding (Fig2a),Clone 54,4,4,AI18,17.666666666666668,PP,True,True,False,False
Roshan2016,NFSK expanding (Fig2a),Clone 54,5,5,AI19,12.5,PP,True,True,False,False
Roshan2016,NFSK expanding (Fig2a),Clone 54,5,5,AI20,12.5,PP,True,True,False,False
Roshan2016,NFSK expanding (Fig2a),Clone 54,5,5,AI21,12.666666666666668,PP,True,True,False,False
Roshan2016,NFSK expanding (Fig2a),Clone 54,5,5,AI22,19.16666666666667,PP,True,True,False,False
Roshan2016,NFSK expanding (Fig2a),Clone 54,5,5,AI23,11.666666666666664,PP,True,True,False,False
Roshan2016,NFSK expanding (Fig2a),Clone 54,5,5,AI24,11.999999999999996,PP,True,True,False,False
Roshan2016,NFSK expanding (Fig2a),Clone 54,5,5,AI25,14.33333333333334,PP,True,True,False,False
Roshan2016,NFSK expanding (Fig2a),Clone 54,5,5,AI26,14.666666666666671,PP,True,True,False,False
Roshan2016,NFSK expanding (Fig2a),Clone 54,5,5,AI27,13.666666666666668,PP,True,True,False,False
Roshan2016,NFSK expanding (Fig2a),Clone 54,5,5,AI28,14.500000000000004,PP,True,True,False,False
Roshan2016,NFSK expanding (Fig2a),Clone 54,5,5,AI29,16.16666666666667,PP,True,True,False,False
Roshan2016,NFSK expanding (Fig2a),Clone 54,5,5,AI30,15.83333333333334,PP,True,True,False,False
Roshan2016,NFSK expanding (Fig2a),Clone 54,5,5,AI31,15,PP,True,True,False,False
Roshan2016,NFSK expanding (Fig2a),Clone 54,5,5,AI32,13.833333333333332,PP,True,True,False,False
Roshan2016,NFSK expanding (Fig2a),Clone 54,5,5,AI33,12.499999999999996,PP,True,True,False,False
Roshan2016,NFSK expanding (Fig2a),Clone 54,5,5,AI34,13.999999999999996,PP,True,True,False,False
Roshan2016,NFSK expanding (Fig2a),Clone 54,6,6,AI35,15,PU,True,True,False,False
Roshan2016,NFSK expanding (Fig2a),Clone 54,6,6,AI36,13.5,UU,True,True,False,False
Roshan2016,NFSK expanding (Fig2a),Clone 54,6,6,AI37,13.33333333333334,PP,True,True,False,False
Roshan2016,NFSK expanding (Fig2a),Clone 54,6,6,AI38,13.33333333333334,UU,True,True,False,False
Roshan2016,NFSK expanding (Fig2a),Clone 54,6,6,AI39,15,UU,True,True,False,False
Roshan2016,NFSK expanding (Fig2a),Clone 54,6,6,AI40,15,UU,True,True,False,False
Roshan2016,NFSK expanding (Fig2a),Clone 54,6,6,AI41,9.333333333333337,UU,True,True,False,False
Roshan2016,NFSK expanding (Fig2a),Clone 54,6,6,AI42,10.000000000000002,UU,True,True,False,False
Roshan2016,NFSK expanding (Fig2a),Clone 54,6,6,AI43,15.666666666666664,UU,True,True,False,False
Roshan2016,NFSK expanding (Fig2a),Clone 54,6,6,AI44,17.83333333333334,UU,True,True,False,False
Roshan2016,NFSK expanding (Fig2a),Clone 54,6,6,AI45,17.666666666666668,UU,True,True,False,False
Roshan2016,NFSK expanding (Fig2a),Clone 54,6,6,AI46,19.66666666666667,UU,True,True,False,False
Roshan2016,NFSK expanding (Fig2a),Clone 54,6,6,AI47,13.000000000000002,UU,True,True,False,False
Roshan2016,NFSK expanding (Fig2a),Clone 54,6,6,AI48,16.500000000000007,UU,True,True,False,False
Roshan2016,NFSK expanding (Fig2a),Clone 54,6,6,AI49,13.500000000000004,UU,True,True,False,False
Roshan2016,NFSK expanding (Fig2a),Clone 54,6,6,AI50,13.500000000000004,UU,True,True,False,False
Roshan2016,NFSK expanding (Fig2a),Clone 54,6,6,AI51,14.166666666666668,UU,True,True,False,False
Roshan2016,NFSK expanding (Fig2a),Clone 54,6,6,AI52,16.500000000000004,UU,True,True,False,False
Roshan2016,NFSK expanding (Fig2a),Clone 54,6,6,AI53,15.66666666666667,UU,True,True,False,False
Roshan2016,NFSK expanding (Fig2a),Clone 54,6,6,AI54,16,UU,True,True,False,False
Roshan2016,NFSK expanding (Fig2a),Clone 54,6,6,AI55,15.499999999999996,UU,True,True,False,False
Roshan2016,NFSK expanding (Fig2a),Clone 54,6,6,AI56,16.500000000000004,UU,True,True,False,False
Roshan2016,NFSK expanding (Fig2a),Clone 54,6,6,AI57,17.16666666666667,UU,True,True,False,False
Roshan2016,NFSK expanding (Fig2a),Clone 54,6,6,AI58,17.16666666666667,UU,True,True,False,False
Roshan2016,NFSK expanding (Fig2a),Clone 54,6,6,AI59,15.666666666666664,UU,True,True,False,False
Roshan2016,NFSK expanding (Fig2a),Clone 54,6,6,AI60,15.999999999999996,UU,True,True,False,False
Roshan2016,NFSK expanding (Fig2a),Clone 54,6,6,AI61,17.333333333333332,UU,True,True,False,False
Roshan2016,NFSK expanding (Fig2a),Clone 54,6,6,AI62,19.499999999999996,UU,True,True,False,False
Roshan2016,NFSK expanding (Fig2a),Clone 54,6,6,AI63,20.16666666666667,UU,True,True,False,False
Roshan2016,NFSK expanding (Fig2a),Clone 54,6,6,AI64,20.333333333333332,UU,True,True,False,False
Roshan2016,NFSK expanding (Fig2a),Clone 54,6,6,AI65,18.5,UU,True,True,False,False
Roshan2016,NFSK expanding (Fig2a),Clone 54,6,6,AI66,19.000000000000004,UU,True,True,False,False
Roshan2016,NFSK expanding (Fig2a),Clone 54,7,7,AI67,18.666666666666664,UU,True,True,False,False
Roshan2016,NFSK expanding (Fig2a),Clone 54,7,7,AI68,20.33333333333333,UU,True,True,False,False
Roshan2016,NFSK expanding (Fig2a),Clone 54,7,7,AI69,20.33333333333333,UU,True,True,False,False
Roshan2016,NFSK expanding (Fig2a),Clone 76,1,1,AP4,29.833333333333336,PP,True,True,True,False
Roshan2016,NFSK expanding (Fig2a),Clone 76,2,2,AP5,16.499999999999993,PP,True,True,False,False
Roshan2016,NFSK expanding (Fig2a),Clone 76,2,2,AP6,18.5,PP,True,True,False,False
Roshan2016,NFSK expanding (Fig2a),Clone 76,3,3,AP7,15.833333333333332,PD,True,True,False,False
Roshan2016,NFSK expanding (Fig2a),Clone 76,3,3,AP8,21.66666666666667,PP,True,True,False,False
Roshan2016,NFSK expanding (Fig2a),Clone 76,3,3,AP9,17.000000000000004,PP,True,True,False,False
Roshan2016,NFSK expanding (Fig2a),Clone 76,3,3,AP10,16.5,PP,True,True,False,False
Roshan2016,NFSK expanding (Fig2a),Clone 76,4,4,AP11,16.499999999999996,PD,True,True,False,False
Roshan2016,NFSK expanding (Fig2a),Clone 76,4,4,AP12,18.333333333333336,PP,True,True,False,False
Roshan2016,NFSK expanding (Fig2a),Clone 76,4,4,AP13,14.833333333333332,DD,True,True,False,False
Roshan2016,NFSK expanding (Fig2a),Clone 76,4,4,AP14,15.83333333333334,PP,True,True,False,False
Roshan2016,NFSK expanding (Fig2a),Clone 76,4,4,AP15,44.50000000000001,PP,True,True,False,False
Roshan2016,NFSK expanding (Fig2a),Clone 76,4,4,AP16,24.16666666666667,PP,True,True,False,False
Roshan2016,NFSK expanding (Fig2a),Clone 76,4,4,AP17,24.333333333333332,PD,True,True,False,False
Roshan2016,NFSK expanding (Fig2a),Clone 76,5,5,AP18,14.500000000000004,PP,True,True,False,False
Roshan2016,NFSK expanding (Fig2a),Clone 76,5,5,AP19,12.333333333333325,PD,True,True,False,False
Roshan2016,NFSK expanding (Fig2a),Clone 76,5,5,AP20,11.33333333333334,PD,True,True,False,False
Roshan2016,NFSK expanding (Fig2a),Clone 76,5,5,AP21,11.33333333333333,PD,True,True,False,False
Roshan2016,NFSK expanding (Fig2a),Clone 76,5,5,AP22,25.500000000000007,PP,True,True,False,False
Roshan2016,NFSK expanding (Fig2a),Clone 76,5,5,AP23,18.5,UU,True,True,False,False
Roshan2016,NFSK expanding (Fig2a),Clone 76,5,5,AP24,14,UU,True,True,False,False
Roshan2016,NFSK expanding (Fig2a),Clone 76,5,5,AP25,22.666666666666664,PP,True,True,False,False
Roshan2016,NFSK expanding (Fig2a),Clone 76,5,5,AP26,11.333333333333329,PD,True,True,False,False
Roshan2016,NFSK expanding (Fig2a),Clone 76,5,5,AP27,17.833333333333325,PP,True,True,False,False
Roshan2016,NFSK expanding (Fig2a),Clone 76,6,6,AP28,18.666666666666668,UU,True,True,False,False
Roshan2016,NFSK expanding (Fig2a),Clone 76,6,6,AP29,21.99999999999999,UU,True,True,False,False
Roshan2016,NFSK expanding (Fig2a),Clone 76,6,6,AP30,20.499999999999996,PU,True,True,False,False
Roshan2016,NFSK expanding (Fig2a),Clone 76,6,6,AP31,17.499999999999993,PP,True,True,False,False
Roshan2016,NFSK expanding (Fig2a),Clone 76,6,6,AP32,21.000000000000007,PP,True,True,False,False
Roshan2016,NFSK expanding (Fig2a),Clone 76,6,6,AP33,21.33333333333333,PP,True,True,False,False
Roshan2016,NFSK expanding (Fig2a),Clone 76,6,6,AP34,26,UU,True,True,False,False
Roshan2016,NFSK expanding (Fig2a),Clone 76,6,6,AP35,12.33333333333334,UU,True,True,False,False
Roshan2016,NFSK expanding (Fig2a),Clone 76,6,6,AP36,24.333333333333343,UU,True,True,False,False
Roshan2016,NFSK expanding (Fig2a),Clone 76,6,6,AP37,14.33333333333333,PP,True,True,False,False
Roshan2016,NFSK expanding (Fig2a),Clone 76,6,6,AP38,11.333333333333329,PP,True,True,False,False
Roshan2016,NFSK expanding (Fig2a),Clone 76,6,6,AP39,13.166666666666673,PU,True,True,False,False
Roshan2016,NFSK expanding (Fig2a),Clone 76,7,7,AP40,20.16666666666666,UU,True,True,False,False
Roshan2016,NFSK expanding (Fig2a),Clone 76,7,7,AP41,23.83333333333334,UU,True,True,False,False
Roshan2016,NFSK expanding (Fig2a),Clone 76,7,7,AP42,23.000000000000004,UU,True,True,False,False
Roshan2016,NFSK expanding (Fig2a),Clone 76,7,7,AP43,10.500000000000007,UU,True,True,False,False
Roshan2016,NFSK expanding (Fig2a),Clone 76,7,7,AP44,15.000000000000007,PU,True,True,False,False
Roshan2016,NFSK expanding (Fig2a),Clone 76,7,7,AP45,14.999999999999995,UU,True,True,False,False
Roshan2016,NFSK expanding (Fig2a),Clone 76,7,7,AP46,18.500000000000007,UU,True,True,False,False
Roshan2016,NFSK expanding (Fig2a),Clone 76,7,7,AP47,14.666666666666675,PP,True,True,False,False
Roshan2016,NFSK expanding (Fig2a),Clone 76,7,7,AP48,14.999999999999996,PP,True,True,False,False
Roshan2016,NFSK expanding (Fig2a),Clone 76,7,7,AP49,14.999999999999996,PU,True,True,False,False
Roshan2016,NFSK expanding (Fig2a),Clone 76,7,7,AP50,16.166666666666675,PU,True,True,False,False
Roshan2016,NFSK expanding (Fig2a),Clone 76,7,7,AP51,13.833333333333327,PP,True,True,False,False
Roshan2016,NFSK expanding (Fig2a),Clone 76,8,8,AP52,15.333333333333327,UU,True,True,False,False
Roshan2016,NFSK expanding (Fig2a),Clone 76,8,8,AP53,12.16666666666666,UU,True,True,False,False
Roshan2016,NFSK expanding (Fig2a),Clone 76,8,8,AP54,13.833333333333332,UU,True,True,False,False
Roshan2016,NFSK expanding (Fig2a),Clone 76,8,8,AP55,14.833333333333329,UU,True,True,False,False
Roshan2016,NFSK expanding (Fig2a),Clone 76,8,8,AP56,16.16666666666668,UU,True,True,False,False
Roshan2016,NFSK expanding (Fig2a),Clone 76,8,8,AP57,7.8333333333333375,UU,True,True,False,False
Roshan2016,NFSK expanding (Fig2a),Clone 76,8,8,AP58,13.833333333333329,UU,True,True,False,False
Roshan2016,NFSK expanding (Fig2a),Clone 76,8,8,AP59,13.833333333333336,UU,True,True,False,False
Roshan2016,NFSK expanding (Fig2a),Clone 76,8,8,AP60,13.833333333333336,UU,True,True,False,False
Roshan2016,NFSK expanding (Fig2a),Clone 77,1,1,AW4,24.166666666666664,PP,True,True,True,False
Roshan2016,NFSK expanding (Fig2a),Clone 77,2,2,AW5,13.666666666666666,PP,True,True,False,False
Roshan2016,NFSK expanding (Fig2a),Clone 77,2,2,AW6,14.833333333333334,PP,True,True,False,False
Roshan2016,NFSK expanding (Fig2a),Clone 77,1,1,AW111,17.16666666666666,PP,True,True,True,False
Roshan2016,NFSK expanding (Fig2a),Clone 77,1,1,AW112,10.499999999999996,PP,True,True,True,False
Roshan2016,NFSK expanding (Fig2a),Clone 77,1,1,AW113,13.833333333333336,PP,True,True,True,False
Roshan2016,NFSK expanding (Fig2a),Clone 77,1,1,AW114,17.66666666666667,PP,True,True,True,False
Roshan2016,NFSK expanding (Fig2a),Clone 77,1,1,AW115,19.33333333333332,PP,True,True,True,False
Roshan2016,NFSK expanding (Fig2a),Clone 77,1,1,AW116,27.333333333333336,PP,True,True,True,False
Roshan2016,NFSK expanding (Fig2a),Clone 77,1,1,AW117,10.999999999999996,PP,True,True,True,False
Roshan2016,NFSK expanding (Fig2a),Clone 77,1,1,AW118,11.50000000000001,PP,True,True,True,False
Roshan2016,NFSK expanding (Fig2a),Clone 77,1,1,AW119,14.333333333333341,PP,True,True,True,False
Roshan2016,NFSK expanding (Fig2a),Clone 77,1,1,AW120,11.666666666666663,PP,True,True,True,False
Roshan2016,NFSK expanding (Fig2a),Clone 77,1,1,AW121,24.666666666666675,PD,True,True,True,False
Roshan2016,NFSK expanding (Fig2a),Clone 77,1,1,AW122,28.66666666666666,PD,True,True,True,False
Roshan2016,NFSK expanding (Fig2a),Clone 77,1,1,AW123,26.16666666666667,PP,True,True,True,False
Roshan2016,NFSK expanding (Fig2a),Clone 77,1,1,AW124,26.333333333333343,PP,True,True,True,False
Roshan2016,NFSK expanding (Fig2a),Clone 77,1,1,AW125,11.00000000000001,PP,True,True,True,False
Roshan2016,NFSK expanding (Fig2a),Clone 77,1,1,AW126,10.499999999999996,PP,True,True,True,False
Roshan2016,NFSK expanding (Fig2a),Clone 77,1,1,AW127,12.00000000000001,PP,True,True,True,False
Roshan2016,NFSK expanding (Fig2a),Clone 77,1,1,AW128,12.500000000000004,PP,True,True,True,False
Roshan2016,NFSK expanding (Fig2a),Clone 77,1,1,AW129,18.166666666666657,PP,True,True,True,False
Roshan2016,NFSK expanding (Fig2a),Clone 77,1,1,AW130,18.5,PP,True,True,True,False
Roshan2016,NFSK expanding (Fig2a),Clone 77,1,1,AW131,7.666666666666669,PP,True,True,True,False
Roshan2016,NFSK expanding (Fig2a),Clone 77,1,1,AW132,9.66666666666666,PP,True,True,True,False
Roshan2016,NFSK expanding (Fig2a),Clone 77,1,1,AW133,17.83333333333334,PP,True,True,True,False
Roshan2016,NFSK expanding (Fig2a),Clone 77,1,1,AW134,13.000000000000002,PP,True,True,True,False
Roshan2016,NFSK expanding (Fig2a),Clone 77,1,1,AW135,20.33333333333334,DD,True,True,True,False
Roshan2016,NFSK expanding (Fig2a),Clone 77,1,1,AW136,22.500000000000004,PP,True,True,True,False
Roshan2016,NFSK expanding (Fig2a),Clone 77,1,1,AW137,26.000000000000004,PP,True,True,True,False
Roshan2016,NFSK expanding (Fig2a),Clone 77,1,1,AW138,23.833333333333336,PP,True,True,True,False
Roshan2016,NFSK expanding (Fig2a),Clone 77,2,2,AW139,11.999999999999996,PP,True,True,False,False
Roshan2016,NFSK expanding (Fig2a),Clone 77,2,2,AW140,16.83333333333334,PP,True,True,False,False
Roshan2016,NFSK expanding (Fig2a),Clone 77,2,2,AW141,16.999999999999993,PP,True,True,False,False
Roshan2016,NFSK expanding (Fig2a),Clone 77,2,2,AW142,19.33333333333333,PP,True,True,False,False
Roshan2016,NFSK expanding (Fig2a),Clone 77,2,2,AW143,24.333333333333332,PD,True,True,False,False
Roshan2016,NFSK expanding (Fig2a),Clone 77,2,2,AW144,25.33333333333334,PP,True,True,False,False
Roshan2016,NFSK expanding (Fig2a),Clone 77,2,2,AW145,14.99999999999999,PP,True,True,False,False
Roshan2016,NFSK expanding (Fig2a),Clone 77,2,2,AW146,15.666666666666675,PP,True,True,False,False
Roshan2016,NFSK expanding (Fig2a),Clone 77,2,2,AW147,12.666666666666659,DD,True,True,False,False
Roshan2016,NFSK expanding (Fig2a),Clone 77,2,2,AW148,21.500000000000007,PP,True,True,False,False
Roshan2016,NFSK expanding (Fig2a),Clone 77,2,2,AW149,21.16666666666666,PP,True,True,False,False
Roshan2016,NFSK expanding (Fig2a),Clone 77,2,2,AW150,17.50000000000001,PP,True,True,False,False
Roshan2016,NFSK expanding (Fig2a),Clone 77,2,2,AW151,21.166666666666675,PP,True,True,False,False
Roshan2016,NFSK expanding (Fig2a),Clone 77,2,2,AW152,12.333333333333332,PP,True,True,False,False
Roshan2016,NFSK expanding (Fig2a),Clone 77,2,2,AW153,13.66666666666666,PP,True,True,False,False
Roshan2016,NFSK expanding (Fig2a),Clone 77,2,2,AW154,25.33333333333334,PP,True,True,False,False
Roshan2016,NFSK expanding (Fig2a),Clone 77,2,2,AW155,18.16666666666666,PP,True,True,False,False
Roshan2016,NFSK expanding (Fig2a),Clone 77,2,2,AW156,18.833333333333343,PP,True,True,False,False
Roshan2016,NFSK expanding (Fig2a),Clone 77,2,2,AW157,21.33333333333333,PP,True,True,False,False
Roshan2016,NFSK expanding (Fig2a),Clone 77,2,2,AW158,15.666666666666657,PP,True,True,False,False
Roshan2016,NFSK expanding (Fig2a),Clone 77,2,2,AW159,16,PP,True,True,False,False
Roshan2016,NFSK expanding (Fig2a),Clone 77,2,2,AW160,13.66666666666666,PP,True,True,False,False
Roshan2016,NFSK expanding (Fig2a),Clone 77,2,2,AW161,17.499999999999996,PD,True,True,False,False
Roshan2016,NFSK expanding (Fig2a),Clone 77,2,2,AW162,27.833333333333346,PP,True,True,False,False
Roshan2016,NFSK expanding (Fig2a),Clone 77,2,2,AW163,25.50000000000001,PP,True,True,False,False
Roshan2016,NFSK expanding (Fig2a),Clone 77,3,3,AW164,10.833333333333325,PP,True,True,False,False
Roshan2016,NFSK expanding (Fig2a),Clone 77,3,3,AW165,21.666666666666668,PP,True,True,False,False
Roshan2016,NFSK expanding (Fig2a),Clone 77,3,3,AW166,19.333333333333343,PP,True,True,False,False
Roshan2016,NFSK expanding (Fig2a),Clone 77,3,3,AW167,13.333333333333345,DD,True,True,False,False
Roshan2016,NFSK expanding (Fig2a),Clone 77,3,3,AW168,23.50000000000001,PP,True,True,False,False
Roshan2016,NFSK expanding (Fig2a),Clone 77,3,3,AW169,28.166666666666657,PP,True,True,False,False
Roshan2016,NFSK expanding (Fig2a),Clone 77,3,3,AW170,22.50000000000001,PP,True,True,False,False
Roshan2016,NFSK expanding (Fig2a),Clone 77,3,3,AW171,24.500000000000004,PP,True,True,False,False
Roshan2016,NFSK expanding (Fig2a),Clone 77,3,3,AW172,19.66666666666666,PD,True,True,False,False
Roshan2016,NFSK expanding (Fig2a),Clone 77,3,3,AW173,21.999999999999996,PP,True,True,False,False
Roshan2016,NFSK expanding (Fig2a),Clone 77,3,3,AW174,11.666666666666671,PP,True,True,False,False
Roshan2016,NFSK expanding (Fig2a),Clone 77,3,3,AW175,11.000000000000007,PP,True,True,False,False
Roshan2016,NFSK expanding (Fig2a),Clone 77,3,3,AW176,32.66666666666667,PP,True,True,False,False
Roshan2016,NFSK expanding (Fig2a),Clone 77,3,3,AW177,38.16666666666667,PD,True,True,False,False
Roshan2016,NFSK expanding (Fig2a),Clone 77,3,3,AW178,23.833333333333332,PP,True,True,False,False
Roshan2016,NFSK expanding (Fig2a),Clone 77,3,3,AW179,21.83333333333334,PP,True,True,False,False
Roshan2016,NFSK expanding (Fig2a),Clone 77,3,3,AW180,19.666666666666664,PP,True,True,False,False
Roshan2016,NFSK expanding (Fig2a),Clone 77,3,3,AW181,21.166666666666668,PP,True,True,False,False
Roshan2016,NFSK expanding (Fig2a),Clone 77,3,3,AW182,20.333333333333332,PP,True,True,False,False
Roshan2016,NFSK expanding (Fig2a),Clone 77,3,3,AW183,19.166666666666664,PP,True,True,False,False
Roshan2016,NFSK expanding (Fig2a),Clone 77,3,3,AW184,18.000000000000007,PD,True,True,False,False
Roshan2016,NFSK expanding (Fig2a),Clone 77,3,3,AW185,15.499999999999998,PP,True,True,False,False
Roshan2016,NFSK expanding (Fig2a),Clone 77,3,3,AW186,17.666666666666664,PP,True,True,False,False
Roshan2016,NFSK expanding (Fig2a),Clone 77,4,4,AW187,9.499999999999996,PP,True,True,False,False
Roshan2016,NFSK expanding (Fig2a),Clone 77,4,4,AW188,10.16666666666666,PD,True,True,False,False
Roshan2016,NFSK expanding (Fig2a),Clone 77,4,4,AW189,10.99999999999999,PP,True,True,False,False
Roshan2016,NFSK expanding (Fig2a),Clone 77,4,4,AW190,13.166666666666675,PP,True,True,False,False
Roshan2016,NFSK expanding (Fig2a),Clone 77,4,4,AW191,10.333333333333325,PP,True,True,False,False
Roshan2016,NFSK expanding (Fig2a),Clone 77,4,4,AW192,8.999999999999991,PD,True,True,False,False
Roshan2016,NFSK expanding (Fig2a),Clone 77,4,4,AW193,14.499999999999996,PP,True,True,False,False
Roshan2016,NFSK expanding (Fig2a),Clone 77,4,4,AW194,14.333333333333325,PP,True,True,False,False
Roshan2016,NFSK expanding (Fig2a),Clone 77,4,4,AW195,13.833333333333332,PD,True,True,False,False
Roshan2016,NFSK expanding (Fig2a),Clone 77,4,4,AW196,14.499999999999996,PP,True,True,False,False
Roshan2016,NFSK expanding (Fig2a),Clone 77,4,4,AW197,17.166666666666675,PP,True,True,False,False
Roshan2016,NFSK expanding (Fig2a),Clone 77,4,4,AW198,22.66666666666666,PP,True,True,False,False
Roshan2016,NFSK expanding (Fig2a),Clone 77,4,4,AW199,21.33333333333334,DD,True,True,False,False
Roshan2016,NFSK expanding (Fig2a),Clone 77,4,4,AW200,10.666666666666668,PP,True,True,False,False
Roshan2016,NFSK expanding (Fig2a),Clone 77,4,4,AW201,16.49999999999999,PP,True,True,False,False
Roshan2016,NFSK expanding (Fig2a),Clone 77,4,4,AW202,23.166666666666675,PP,True,True,False,False
Roshan2016,NFSK expanding (Fig2a),Clone 77,4,4,AW203,24.666666666666664,PP,True,True,False,False
Roshan2016,NFSK expanding (Fig2a),Clone 77,4,4,AW204,21.166666666666668,PP,True,True,False,False
Roshan2016,NFSK expanding (Fig2a),Clone 77,4,4,AW205,21.833333333333332,PP,True,True,False,False
Roshan2016,NFSK expanding (Fig2a),Clone 77,4,4,AW206,25.33333333333334,PP,True,True,False,False
Roshan2016,NFSK expanding (Fig2a),Clone 77,4,4,AW207,21.500000000000004,PP,True,True,False,False
Roshan2016,NFSK expanding (Fig2a),Clone 78,1,1,BD4,25.333333333333336,PP,True,True,True,False
Roshan2016,NFSK expanding (Fig2a),Clone 78,2,2,BD5,9.83333333333333,PP,True,True,False,False
Roshan2016,NFSK expanding (Fig2a),Clone 78,2,2,BD6,13.166666666666663,PP,True,True,False,False
Roshan2016,NFSK expanding (Fig2a),Clone 78,3,3,BD7,9.833333333333334,PP,True,True,False,False
Roshan2016,NFSK expanding (Fig2a),Clone 78,3,3,BD8,11.999999999999998,PP,True,True,False,False
Roshan2016,NFSK expanding (Fig2a),Clone 78,3,3,BD9,11.999999999999996,PP,True,True,False,False
Roshan2016,NFSK expanding (Fig2a),Clone 78,3,3,BD10,19.000000000000004,PP,True,True,False,False
Roshan2016,NFSK expanding (Fig2a),Clone 78,4,4,BD11,15.500000000000004,PU,True,True,False,False
Roshan2016,NFSK expanding (Fig2a),Clone 78,4,4,BD12,17.666666666666668,UU,True,True,False,False
Roshan2016,NFSK expanding (Fig2a),Clone 78,4,4,BD13,16.333333333333336,UU,True,True,False,False
Roshan2016,NFSK expanding (Fig2a),Clone 78,4,4,BD14,17,UU,True,True,False,False
Roshan2016,NFSK expanding (Fig2a),Clone 78,4,4,BD15,17.833333333333336,UU,True,True,False,False
Roshan2016,NFSK expanding (Fig2a),Clone 78,4,4,BD16,18.833333333333332,UU,True,True,False,False
Roshan2016,NFSK expanding (Fig2a),Clone 78,4,4,BD17,13.666666666666666,UU,True,True,False,False
Roshan2016,NFSK expanding (Fig2a),Clone 78,4,4,BD18,13.333333333333334,UU,True,True,False,False
Roshan2016,NFSK expanding (Fig2a),Clone 78,5,5,BD19,10.333333333333332,UU,True,True,False,False
Roshan2016,NFSK expanding (Fig2a),Clone 78,1,1,BD111,9.166666666666675,PP,True,True,True,False
Roshan2016,NFSK expanding (Fig2a),Clone 78,1,1,BD112,13.500000000000004,PP,True,True,True,False
Roshan2016,NFSK expanding (Fig2a),Clone 78,1,1,BD113,11.5,PP,True,True,True,False
Roshan2016,NFSK expanding (Fig2a),Clone 78,1,1,BD114,15.166666666666664,DD,True,True,True,False
Roshan2016,NFSK expanding (Fig2a),Clone 78,1,1,BD115,15.000000000000004,PD,True,True,True,False
Roshan2016,NFSK expanding (Fig2a),Clone 78,1,1,BD116,14.66666666666666,DD,True,True,True,False
Roshan2016,NFSK expanding (Fig2a),Clone 78,1,1,BD117,13.5,PD,True,True,True,False
Roshan2016,NFSK expanding (Fig2a),Clone 78,1,1,BD118,13.999999999999993,PD,True,True,True,False
Roshan2016,NFSK expanding (Fig2a),Clone 78,1,1,BD119,10.500000000000002,PD,True,True,True,False
Roshan2016,NFSK expanding (Fig2a),Clone 78,1,1,BD120,16.000000000000007,PP,True,True,True,False
Roshan2016,NFSK expanding (Fig2a),Clone 78,1,1,BD121,31.66666666666666,PP,True,True,True,False
Roshan2016,NFSK expanding (Fig2a),Clone 78,1,1,BD122,27,PP,True,True,True,False
Roshan2016,NFSK expanding (Fig2a),Clone 78,2,2,BD123,12.000000000000004,PD,True,True,False,False
Roshan2016,NFSK expanding (Fig2a),Clone 78,2,2,BD124,13.666666666666675,PD,True,True,False,False
Roshan2016,NFSK expanding (Fig2a),Clone 78,2,2,BD125,17.166666666666668,PD,True,True,False,False
Roshan2016,NFSK expanding (Fig2a),Clone 78,2,2,BD126,17.666666666666664,PD,True,True,False,False
Roshan2016,NFSK expanding (Fig2a),Clone 78,2,2,BD127,13.166666666666657,PP,True,True,False,False
Roshan2016,NFSK expanding (Fig2a),Clone 78,2,2,BD128,31.33333333333333,PP,True,True,False,False
Roshan2016,NFSK expanding (Fig2a),Clone 79,1,1,BK4,19.333333333333332,PP,True,True,True,False
Roshan2016,NFSK expanding (Fig2a),Clone 79,2,2,BK5,13.000000000000004,PP,True,True,False,False
Roshan2016,NFSK expanding (Fig2a),Clone 79,2,2,BK6,22.333333333333336,PP,True,True,False,False
Roshan2016,NFSK expanding (Fig2a),Clone 79,3,3,BK7,12.333333333333332,PP,True,True,False,False
Roshan2016,NFSK expanding (Fig2a),Clone 79,3,3,BK8,14.166666666666664,PP,True,True,False,False
Roshan2016,NFSK expanding (Fig2a),Clone 79,3,3,BK9,19.66666666666666,PP,True,True,False,False
Roshan2016,NFSK expanding (Fig2a),Clone 79,3,3,BK10,20.333333333333336,PP,True,True,False,False
Roshan2016,NFSK expanding (Fig2a),Clone 79,4,4,BK11,14.666666666666668,PP,True,True,False,False
Roshan2016,NFSK expanding (Fig2a),Clone 79,4,4,BK12,11.666666666666668,PD,True,True,False,False
Roshan2016,NFSK expanding (Fig2a),Clone 79,4,4,BK13,15.333333333333332,PP,True,True,False,False
Roshan2016,NFSK expanding (Fig2a),Clone 79,4,4,BK14,13.833333333333332,PP,True,True,False,False
Roshan2016,NFSK expanding (Fig2a),Clone 79,4,4,BK15,24.5,PP,True,True,False,False
Roshan2016,NFSK expanding (Fig2a),Clone 79,4,4,BK16,14.16666666666667,PP,True,True,False,False
Roshan2016,NFSK expanding (Fig2a),Clone 79,4,4,BK17,11.333333333333329,PD,True,True,False,False
Roshan2016,NFSK expanding (Fig2a),Clone 79,4,4,BK18,35.5,PP,True,True,False,False
Roshan2016,NFSK expanding (Fig2a),Clone 79,5,5,BK19,14.833333333333329,PP,True,True,False,False
Roshan2016,NFSK expanding (Fig2a),Clone 79,5,5,BK20,11.83333333333333,PP,True,True,False,False
Roshan2016,NFSK expanding (Fig2a),Clone 79,5,5,BK21,10.666666666666663,PP,True,True,False,False
Roshan2016,NFSK expanding (Fig2a),Clone 79,5,5,BK22,20.499999999999993,PP,True,True,False,False
Roshan2016,NFSK expanding (Fig2a),Clone 79,5,5,BK23,14.833333333333336,PP,True,True,False,False
Roshan2016,NFSK expanding (Fig2a),Clone 79,5,5,BK24,7.666666666666669,PU,True,True,False,False
Roshan2016,NFSK expanding (Fig2a),Clone 79,5,5,BK25,12.999999999999993,PP,True,True,False,False
Roshan2016,NFSK expanding (Fig2a),Clone 79,5,5,BK26,12.333333333333329,PP,True,True,False,False
Roshan2016,NFSK expanding (Fig2a),Clone 79,5,5,BK27,19.666666666666657,UU,True,True,False,False
Roshan2016,NFSK expanding (Fig2a),Clone 79,5,5,BK28,15.166666666666664,UU,True,True,False,False
Roshan2016,NFSK expanding (Fig2a),Clone 79,5,5,BK29,20.166666666666668,PU,True,True,False,False
Roshan2016,NFSK expanding (Fig2a),Clone 79,5,5,BK30,22.666666666666664,UU,True,True,False,False
Roshan2016,NFSK expanding (Fig2a),Clone 79,5,5,BK31,17.500000000000007,UU,True,True,False,False
Roshan2016,NFSK expanding (Fig2a),Clone 79,5,5,BK32,16.66666666666667,UU,True,True,False,False
Roshan2016,NFSK expanding (Fig2a),Clone 79,6,6,BK33,17.833333333333336,PP,True,True,False,False
Roshan2016,NFSK expanding (Fig2a),Clone 79,6,6,BK34,9.166666666666668,PP,True,True,False,False
Roshan2016,NFSK expanding (Fig2a),Clone 79,6,6,BK35,13.666666666666668,PP,True,True,False,False
Roshan2016,NFSK expanding (Fig2a),Clone 79,6,6,BK36,13.499999999999996,PP,True,True,False,False
Roshan2016,NFSK expanding (Fig2a),Clone 79,6,6,BK37,15.333333333333329,PP,True,True,False,False
Roshan2016,NFSK expanding (Fig2a),Clone 79,6,6,BK38,15.5,PP,True,True,False,False
Roshan2016,NFSK expanding (Fig2a),Clone 79,6,6,BK39,21.83333333333333,PU,True,True,False,False
Roshan2016,NFSK expanding (Fig2a),Clone 79,6,6,BK40,17.999999999999993,PU,True,True,False,False
Roshan2016,NFSK expanding (Fig2a),Clone 79,6,6,BK41,18.5,PP,True,True,False,False
Roshan2016,NFSK expanding (Fig2a),Clone 79,6,6,BK42,18.000000000000007,PP,True,True,False,False
Roshan2016,NFSK expanding (Fig2a),Clone 79,6,6,BK43,13.166666666666671,PP,True,True,False,False
Roshan2016,NFSK expanding (Fig2a),Clone 79,6,6,BK44,17.5,PP,True,True,False,False
Roshan2016,NFSK expanding (Fig2a),Clone 79,6,6,BK45,12.83333333333333,PP,True,True,False,False
Roshan2016,NFSK expanding (Fig2a),Clone 79,6,6,BK46,9.49999999999999,PP,True,True,False,False
Roshan2016,NFSK expanding (Fig2a),Clone 79,6,6,BK47,13.99999999999999,PP,True,True,False,False
Roshan2016,NFSK expanding (Fig2a),Clone 79,6,6,BK48,17.333333333333325,UU,True,True,False,False
Roshan2016,NFSK expanding (Fig2a),Clone 79,7,7,BK49,9.833333333333329,PP,True,True,False,False
Roshan2016,NFSK expanding (Fig2a),Clone 79,7,7,BK50,10.833333333333336,UU,True,True,False,False
Roshan2016,NFSK expanding (Fig2a),Clone 79,7,7,BK51,12.499999999999993,PP,True,True,False,False
Roshan2016,NFSK expanding (Fig2a),Clone 79,7,7,BK52,12.499999999999993,PP,True,True,False,False
Roshan2016,NFSK expanding (Fig2a),Clone 79,7,7,BK53,10.999999999999996,PP,True,True,False,False
Roshan2016,NFSK expanding (Fig2a),Clone 79,7,7,BK54,20.833333333333332,UU,True,True,False,False
Roshan2016,NFSK expanding (Fig2a),Clone 79,7,7,BK55,13.333333333333325,UU,True,True,False,False
Roshan2016,NFSK expanding (Fig2a),Clone 79,7,7,BK56,11.666666666666675,UU,True,True,False,False
Roshan2016,NFSK expanding (Fig2a),Clone 79,7,7,BK57,11.833333333333334,PP,True,True,False,False
Roshan2016,NFSK expanding (Fig2a),Clone 79,7,7,BK58,11.500000000000002,PP,True,True,False,False
Roshan2016,NFSK expanding (Fig2a),Clone 79,7,7,BK59,12.833333333333336,PP,True,True,False,False
Roshan2016,NFSK expanding (Fig2a),Clone 79,7,7,BK60,12.666666666666664,PP,True,True,False,False
Roshan2016,NFSK expanding (Fig2a),Clone 79,7,7,BK61,14.333333333333336,UU,True,True,False,False
Roshan2016,NFSK expanding (Fig2a),Clone 79,7,7,BK62,17.999999999999993,UU,True,True,False,False
Roshan2016,NFSK expanding (Fig2a),Clone 79,7,7,BK63,23.16666666666666,UU,True,True,False,False
Roshan2016,NFSK expanding (Fig2a),Clone 79,7,7,BK64,23.16666666666666,UU,True,True,False,False
Roshan2016,NFSK expanding (Fig2a),Clone 79,7,7,BK65,18.99999999999999,UU,True,True,False,False
Roshan2016,NFSK expanding (Fig2a),Clone 79,7,7,BK66,15.99999999999999,UU,True,True,False,False
Roshan2016,NFSK expanding (Fig2a),Clone 79,7,7,BK67,12.83333333333333,PP,True,True,False,False
Roshan2016,NFSK expanding (Fig2a),Clone 79,7,7,BK68,24.833333333333343,UU,True,True,False,False
Roshan2016,NFSK expanding (Fig2a),Clone 79,7,7,BK69,7.999999999999996,PP,True,True,False,False
Roshan2016,NFSK expanding (Fig2a),Clone 79,7,7,BK70,17.833333333333332,UU,True,True,False,False
Roshan2016,NFSK expanding (Fig2a),Clone 79,7,7,BK71,19.666666666666668,UU,True,True,False,False
Roshan2016,NFSK expanding (Fig2a),Clone 79,7,7,BK72,11.16666666666666,UU,True,True,False,False
Roshan2016,NFSK expanding (Fig2a),Clone 79,7,7,BK73,9.666666666666677,UU,True,True,False,False
Roshan2016,NFSK expanding (Fig2a),Clone 79,7,7,BK74,10.333333333333341,UU,True,True,False,False
Roshan2016,NFSK expanding (Fig2a),Clone 79,7,7,BK75,5.833333333333339,UU,True,True,False,False
Roshan2016,NFSK expanding (Fig2a),Clone 79,7,7,BK76,5.999999999999989,UU,True,True,False,False
Roshan2016,NFSK expanding (Fig2a),Clone 79,8,8,BK77,16.16666666666667,UU,True,True,False,False
Roshan2016,NFSK expanding (Fig2a),Clone 79,8,8,BK78,16.33333333333332,UU,True,True,False,False
Roshan2016,NFSK expanding (Fig2a),Clone 79,8,8,BK79,15.33333333333334,UU,True,True,False,False
Roshan2016,NFSK expanding (Fig2a),Clone 79,8,8,BK80,15.50000000000001,UU,True,True,False,False
Roshan2016,NFSK expanding (Fig2a),Clone 79,8,8,BK81,15.66666666666666,UU,True,True,False,False
Roshan2016,NFSK expanding (Fig2a),Clone 79,8,8,BK82,16.83333333333334,UU,True,True,False,False
Roshan2016,NFSK expanding (Fig2a),Clone 79,8,8,BK83,16.499999999999996,UU,True,True,False,False
Roshan2016,NFSK expanding (Fig2a),Clone 79,8,8,BK84,16.83333333333334,UU,True,True,False,False
Roshan2016,NFSK expanding (Fig2a),Clone 79,8,8,BK85,14.99999999999999,UU,True,True,False,False
Roshan2016,NFSK expanding (Fig2a),Clone 79,8,8,BK86,15.666666666666675,UU,True,True,False,False
Roshan2016,NFSK expanding (Fig2a),Clone 79,8,8,BK87,17.33333333333334,UU,True,True,False,False
Roshan2016,NFSK expanding (Fig2a),Clone 79,8,8,BK88,17.166666666666668,UU,True,True,False,False
Roshan2016,NFSK expanding (Fig2a),Clone 79,8,8,BK89,11.166666666666668,UU,True,True,False,False
Roshan2016,NFSK expanding (Fig2a),Clone 79,8,8,BK90,11.33333333333334,UU,True,True,False,False
Roshan2016,NFSK expanding (Fig2a),Clone 79,8,8,BK91,14.500000000000004,UU,True,True,False,False
Roshan2016,NFSK expanding (Fig2a),Clone 79,8,8,BK92,15.66666666666666,UU,True,True,False,False
Roshan2016,NFSK expanding (Fig2a),Clone 79,8,8,BK93,13.833333333333329,UU,True,True,False,False
Roshan2016,NFSK expanding (Fig2a),Clone 79,8,8,BK94,12.999999999999993,UU,True,True,False,False
Roshan2016,NFSK expanding (Fig2a),Clone 79,8,8,BK95,10.833333333333337,UU,True,True,False,False
Roshan2016,NFSK expanding (Fig2a),Clone 79,8,8,BK96,14.833333333333323,UU,True,True,False,False
Roshan2016,NFSK expanding (Fig2a),Clone 79,1,1,BK111,14.000000000000004,PP,True,True,True,False
Roshan2016,NFSK expanding (Fig2a),Clone 79,1,1,BK112,15.500000000000004,PP,True,True,True,False
Roshan2016,NFSK expanding (Fig2a),Clone 79,1,1,BK113,14.499999999999991,PP,True,True,True,False
Roshan2016,NFSK expanding (Fig2a),Clone 79,1,1,BK114,16.333333333333336,PP,True,True,True,False
Roshan2016,NFSK expanding (Fig2a),Clone 79,1,1,BK115,18.33333333333333,PP,True,True,True,False
Roshan2016,NFSK expanding (Fig2a),Clone 79,1,1,BK116,21.999999999999993,PP,True,True,True,False
Roshan2016,NFSK expanding (Fig2a),Clone 79,1,1,BK117,11.166666666666675,PP,True,True,True,False
Roshan2016,NFSK expanding (Fig2a),Clone 79,1,1,BK118,14.83333333333334,PD,True,True,True,False
Roshan2016,NFSK expanding (Fig2a),Clone 79,1,1,BK119,26.166666666666664,PP,True,True,True,False
Roshan2016,NFSK expanding (Fig2a),Clone 79,1,1,BK120,23.666666666666657,PP,True,True,True,False
Roshan2016,NFSK expanding (Fig2a),Clone 79,1,1,BK121,31.666666666666664,PP,True,True,True,False
Roshan2016,NFSK expanding (Fig2a),Clone 79,1,1,BK122,21.500000000000007,PP,True,True,True,False
Roshan2016,NFSK expanding (Fig2a),Clone 79,1,1,BK123,23.000000000000007,PD,True,True,True,False
Roshan2016,NFSK expanding (Fig2a),Clone 79,1,1,BK124,21.333333333333336,PP,True,True,True,False
Roshan2016,NFSK expanding (Fig2a),Clone 79,1,1,BK125,21.33333333333333,PP,True,True,True,False
Roshan2016,NFSK expanding (Fig2a),Clone 79,1,1,BK126,21.83333333333332,PP,True,True,True,False
Roshan2016,NFSK expanding (Fig2a),Clone 79,1,1,BK127,18.999999999999993,PP,True,True,True,False
Roshan2016,NFSK expanding (Fig2a),Clone 79,1,1,BK128,15.833333333333336,PP,True,True,True,False
Roshan2016,NFSK expanding (Fig2a),Clone 79,1,1,BK129,17.83333333333333,PP,True,True,True,False
Roshan2016,NFSK expanding (Fig2a),Clone 79,1,1,BK130,9.999999999999996,DD,True,True,True,False
Roshan2016,NFSK expanding (Fig2a),Clone 79,1,1,BK131,13.66666666666666,PP,True,True,True,False
Roshan2016,NFSK expanding (Fig2a),Clone 79,1,1,BK132,12.166666666666668,PP,True,True,True,False
Roshan2016,NFSK expanding (Fig2a),Clone 79,1,1,BK133,20.833333333333325,PP,True,True,True,False
Roshan2016,NFSK expanding (Fig2a),Clone 79,1,1,BK134,17.333333333333343,PP,True,True,True,False
Roshan2016,NFSK expanding (Fig2a),Clone 79,1,1,BK135,22.500000000000007,PP,True,True,True,False
Roshan2016,NFSK expanding (Fig2a),Clone 79,1,1,BK136,13.333333333333334,PP,True,True,True,False
Roshan2016,NFSK expanding (Fig2a),Clone 79,1,1,BK137,12.666666666666664,PP,True,True,True,False
Roshan2016,NFSK expanding (Fig2a),Clone 79,1,1,BK138,14.500000000000007,PP,True,True,True,False
Roshan2016,NFSK expanding (Fig2a),Clone 79,2,2,BK139,16.83333333333334,PP,True,True,False,False
Roshan2016,NFSK expanding (Fig2a),Clone 79,2,2,BK140,23.00000000000001,PP,True,True,False,False
Roshan2016,NFSK expanding (Fig2a),Clone 79,2,2,BK141,15.499999999999996,PP,True,True,False,False
Roshan2016,NFSK expanding (Fig2a),Clone 79,2,2,BK142,18.166666666666675,PD,True,True,False,False
Roshan2016,NFSK expanding (Fig2a),Clone 79,2,2,BK143,14.000000000000004,DD,True,True,False,False
Roshan2016,NFSK expanding (Fig2a),Clone 79,2,2,BK144,16.66666666666666,PP,True,True,False,False
Roshan2016,NFSK expanding (Fig2a),Clone 79,2,2,BK145,16.833333333333343,PP,True,True,False,False
Roshan2016,NFSK expanding (Fig2a),Clone 79,2,2,BK146,11.833333333333327,PD,True,True,False,False
Roshan2016,NFSK expanding (Fig2a),Clone 79,2,2,BK147,10.166666666666666,PP,True,True,False,False
Roshan2016,NFSK expanding (Fig2a),Clone 79,2,2,BK148,19.499999999999993,PP,True,True,False,False
Roshan2016,NFSK expanding (Fig2a),Clone 79,2,2,BK149,17.66666666666667,PP,True,True,False,False
Roshan2016,NFSK expanding (Fig2a),Clone 79,2,2,BK150,12.000000000000007,PP,True,True,False,False
Roshan2016,NFSK expanding (Fig2a),Clone 79,2,2,BK151,11.666666666666664,PP,True,True,False,False
Roshan2016,NFSK expanding (Fig2a),Clone 79,2,2,BK152,17.166666666666657,PP,True,True,False,False
Roshan2016,NFSK expanding (Fig2a),Clone 79,2,2,BK153,17.333333333333336,PP,True,True,False,False
Roshan2016,NFSK expanding (Fig2a),Clone 79,2,2,BK154,21.499999999999993,PP,True,True,False,False
Roshan2016,NFSK expanding (Fig2a),Clone 79,2,2,BK155,12.166666666666666,PP,True,True,False,False
Roshan2016,NFSK expanding (Fig2a),Clone 79,2,2,BK156,14.000000000000009,PP,True,True,False,False
Roshan2016,NFSK expanding (Fig2a),Clone 79,2,2,BK157,14.666666666666663,PP,True,True,False,False
Roshan2016,NFSK expanding (Fig2a),Clone 79,2,2,BK158,19.66666666666668,PP,True,True,False,False
Roshan2016,NFSK expanding (Fig2a),Clone 79,3,3,BK159,12.333333333333325,PP,True,True,False,False
Roshan2016,NFSK expanding (Fig2a),Clone 79,3,3,BK160,23.66666666666666,PP,True,True,False,False
Roshan2016,NFSK expanding (Fig2a),Clone 79,3,3,BK161,11.333333333333329,PP,True,True,False,False
Roshan2016,NFSK expanding (Fig2a),Clone 79,3,3,BK162,14.000000000000009,PP,True,True,False,False
Roshan2016,NFSK expanding (Fig2a),Clone 79,3,3,BK163,16.333333333333325,PP,True,True,False,False
Roshan2016,NFSK expanding (Fig2a),Clone 79,3,3,BK164,16.333333333333325,PD,True,True,False,False
Roshan2016,NFSK expanding (Fig2a),Clone 79,3,3,BK165,14.999999999999996,PP,True,True,False,False
Roshan2016,NFSK expanding (Fig2a),Clone 79,3,3,BK166,17.833333333333325,PP,True,True,False,False
Roshan2016,NFSK expanding (Fig2a),Clone 79,3,3,BK167,18.33333333333333,DD,True,True,False,False
Roshan2016,NFSK expanding (Fig2a),Clone 79,3,3,BK168,19.333333333333336,PP,True,True,False,False
Roshan2016,NFSK expanding (Fig2a),Clone 79,3,3,BK169,17.5,PP,True,True,False,False
Roshan2016,NFSK expanding (Fig2a),Clone 79,3,3,BK170,18.83333333333333,PP,True,True,False,False
Roshan2016,NFSK expanding (Fig2a),Clone 79,3,3,BK171,20.5,PP,True,True,False,False
Roshan2016,NFSK expanding (Fig2a),Clone 79,3,3,BK172,21.83333333333333,PP,True,True,False,False
Roshan2016,NFSK expanding (Fig2a),Clone 79,3,3,BK173,21.500000000000007,PP,True,True,False,False
Roshan2016,NFSK expanding (Fig2a),Clone 79,3,3,BK174,27.999999999999996,PP,True,True,False,False
Roshan2016,NFSK expanding (Fig2a),Clone 79,3,3,BK175,22.33333333333334,PP,True,True,False,False
Roshan2016,NFSK expanding (Fig2a),Clone 79,3,3,BK176,13.833333333333325,PP,True,True,False,False
Roshan2016,NFSK expanding (Fig2a),Clone 79,3,3,BK177,15.166666666666675,PP,True,True,False,False
Roshan2016,NFSK expanding (Fig2a),Clone 79,3,3,BK178,18,PP,True,True,False,False
Roshan2016,NFSK expanding (Fig2a),Clone 79,3,3,BK179,15.166666666666671,DD,True,True,False,False
Roshan2016,NFSK expanding (Fig2a),Clone 79,3,3,BK180,15.500000000000009,PP,True,True,False,False
Roshan2016,NFSK expanding (Fig2a),Clone 79,3,3,BK181,20.833333333333343,PD,True,True,False,False
Roshan2016,NFSK expanding (Fig2a),Clone 79,3,3,BK182,19.000000000000007,PP,True,True,False,False
Roshan2016,NFSK expanding (Fig2a),Clone 79,3,3,BK183,16.999999999999993,DD,True,True,False,False
Roshan2016,NFSK expanding (Fig2a),Clone 79,4,4,BK184,12.49999999999999,PP,True,True,False,False
Roshan2016,NFSK expanding (Fig2a),Clone 79,4,4,BK185,14.500000000000004,PP,True,True,False,False
Roshan2016,NFSK expanding (Fig2a),Clone 79,4,4,BK186,10.333333333333341,PP,True,True,False,False
Roshan2016,NFSK expanding (Fig2a),Clone 79,4,4,BK187,10.499999999999991,PD,True,True,False,False
Roshan2016,NFSK expanding (Fig2a),Clone 79,4,4,BK188,11.666666666666663,PP,True,True,False,False
Roshan2016,NFSK expanding (Fig2a),Clone 79,4,4,BK189,12.166666666666677,PP,True,True,False,False
Roshan2016,NFSK expanding (Fig2a),Clone 79,4,4,BK190,11.833333333333336,PP,True,True,False,False
Roshan2016,NFSK expanding (Fig2a),Clone 79,4,4,BK191,17.499999999999993,PP,True,True,False,False
Roshan2016,NFSK expanding (Fig2a),Clone 79,4,4,BK192,12.666666666666675,PP,True,True,False,False
Roshan2016,NFSK expanding (Fig2a),Clone 79,4,4,BK193,18.333333333333336,PP,True,True,False,False
Roshan2016,NFSK expanding (Fig2a),Clone 79,4,4,BK194,19.16666666666667,PP,True,True,False,False
Roshan2016,NFSK expanding (Fig2a),Clone 79,4,4,BK195,21.666666666666675,PP,True,True,False,False
Roshan2016,NFSK expanding (Fig2a),Clone 79,4,4,BK196,20.333333333333325,PP,True,True,False,False
Roshan2016,NFSK expanding (Fig2a),Clone 79,4,4,BK197,10.500000000000002,PP,True,True,False,False
Roshan2016,NFSK expanding (Fig2a),Clone 79,4,4,BK198,10.500000000000002,PP,True,True,False,False
Roshan2016,NFSK expanding (Fig2a),Clone 79,4,4,BK199,9.500000000000007,PP,True,True,False,False
Roshan2016,NFSK expanding (Fig2a),Clone 79,4,4,BK200,11.000000000000007,PP,True,True,False,False
Roshan2016,NFSK expanding (Fig2a),Clone 79,4,4,BK201,12.833333333333325,PP,True,True,False,False
Roshan2016,NFSK expanding (Fig2a),Clone 79,4,4,BK202,16.833333333333332,PP,True,True,False,False
Roshan2016,NFSK expanding (Fig2a),Clone 79,4,4,BK203,13.16666666666666,PP,True,True,False,False
Roshan2016,NFSK expanding (Fig2a),Clone 79,4,4,BK204,15.83333333333334,PP,True,True,False,False
Roshan2016,NFSK expanding (Fig2a),Clone 79,4,4,BK205,21.833333333333343,PP,True,True,False,False
Roshan2016,NFSK expanding (Fig2a),Clone 79,4,4,BK206,18.166666666666657,PP,True,True,False,False
Roshan2016,NFSK expanding (Fig2a),Clone 79,4,4,BK207,20.666666666666664,PP,True,True,False,False
Roshan2016,NFSK expanding (Fig2a),Clone 79,4,4,BK208,12.999999999999993,PP,True,True,False,False
Roshan2016,NFSK expanding (Fig2a),Clone 79,4,4,BK209,12.999999999999996,PP,True,True,False,False
Roshan2016,NFSK expanding (Fig2a),Clone 79,4,4,BK210,15.16666666666666,PP,True,True,False,False
Roshan2016,NFSK expanding (Fig2a),Clone 80,1,1,BR4,9.833333333333334,PP,True,True,True,False
Roshan2016,NFSK expanding (Fig2a),Clone 80,2,2,BR5,12.999999999999996,PP,True,True,False,False
Roshan2016,NFSK expanding (Fig2a),Clone 80,2,2,BR6,13.333333333333334,PP,True,True,False,False
Roshan2016,NFSK expanding (Fig2a),Clone 80,3,3,BR7,10.000000000000002,PP,True,True,False,False
Roshan2016,NFSK expanding (Fig2a),Clone 80,3,3,BR8,10.000000000000002,PP,True,True,False,False
Roshan2016,NFSK expanding (Fig2a),Clone 80,3,3,BR9,10.499999999999996,PP,True,True,False,False
Roshan2016,NFSK expanding (Fig2a),Clone 80,3,3,BR10,10.833333333333336,PP,True,True,False,False
Roshan2016,NFSK expanding (Fig2a),Clone 80,4,4,BR11,10.833333333333337,PP,True,True,False,False
Roshan2016,NFSK expanding (Fig2a),Clone 80,4,4,BR12,11.666666666666663,PP,True,True,False,False
Roshan2016,NFSK expanding (Fig2a),Clone 80,4,4,BR13,12.166666666666666,PP,True,True,False,False
Roshan2016,NFSK expanding (Fig2a),Clone 80,4,4,BR14,12.333333333333337,PP,True,True,False,False
Roshan2016,NFSK expanding (Fig2a),Clone 80,4,4,BR15,11.000000000000002,PP,True,True,False,False
Roshan2016,NFSK expanding (Fig2a),Clone 80,4,4,BR16,11.666666666666666,PP,True,True,False,False
Roshan2016,NFSK expanding (Fig2a),Clone 80,4,4,BR17,12.166666666666666,PP,True,True,False,False
Roshan2016,NFSK expanding (Fig2a),Clone 80,4,4,BR18,13.166666666666663,PP,True,True,False,False
Roshan2016,NFSK expanding (Fig2a),Clone 80,5,5,BR19,6.499999999999996,UU,True,True,False,False
Roshan2016,NFSK expanding (Fig2a),Clone 80,5,5,BR20,6.833333333333328,UU,True,True,False,False
Roshan2016,NFSK expanding (Fig2a),Clone 80,5,5,BR21,11.166666666666671,UU,True,True,False,False
Roshan2016,NFSK expanding (Fig2a),Clone 80,5,5,BR22,14.666666666666664,UU,True,True,False,False
Roshan2016,NFSK expanding (Fig2a),Clone 80,5,5,BR23,12.333333333333332,UU,True,True,False,False
Roshan2016,NFSK expanding (Fig2a),Clone 80,5,5,BR24,12.666666666666664,UU,True,True,False,False
Roshan2016,NFSK expanding (Fig2a),Clone 80,5,5,BR25,13.999999999999996,UU,True,True,False,False
Roshan2016,NFSK expanding (Fig2a),Clone 80,5,5,BR26,14.166666666666668,UU,True,True,False,False
Roshan2016,NFSK expanding (Fig2a),Clone 80,5,5,BR27,15,UU,True,True,False,False
Roshan2016,NFSK expanding (Fig2a),Clone 80,5,5,BR28,15.666666666666664,UU,True,True,False,False
Roshan2016,NFSK expanding (Fig2a),Clone 80,5,5,BR29,15.166666666666671,UU,True,True,False,False
Roshan2016,NFSK expanding (Fig2a),Clone 80,5,5,BR30,16.166666666666668,UU,True,True,False,False
Roshan2016,NFSK expanding (Fig2a),Clone 80,5,5,BR31,15.500000000000004,UU,True,True,False,False
Roshan2016,NFSK expanding (Fig2a),Clone 80,5,5,BR32,15.666666666666664,UU,True,True,False,False
Roshan2016,NFSK expanding (Fig2a),Clone 80,5,5,BR33,16.000000000000004,UU,True,True,False,False
Roshan2016,NFSK expanding (Fig2a),Clone 80,5,5,BR34,16.000000000000004,UU,True,True,False,False
Roshan2016,NFSK expanding (Fig2a),Clone 80,1,1,BR111,12.000000000000007,PP,True,True,True,False
Roshan2016,NFSK expanding (Fig2a),Clone 80,1,1,BR112,17.16666666666667,PP,True,True,True,False
Roshan2016,NFSK expanding (Fig2a),Clone 80,1,1,BR113,20.333333333333343,PP,True,True,True,False
Roshan2016,NFSK expanding (Fig2a),Clone 80,1,1,BR114,20.499999999999993,PP,True,True,True,False
Roshan2016,NFSK expanding (Fig2a),Clone 80,1,1,BR115,16.666666666666675,PP,True,True,True,False
Roshan2016,NFSK expanding (Fig2a),Clone 80,1,1,BR116,18.000000000000004,PD,True,True,True,False
Roshan2016,NFSK expanding (Fig2a),Clone 80,1,1,BR117,13.33333333333334,PP,True,True,True,False
Roshan2016,NFSK expanding (Fig2a),Clone 80,1,1,BR118,15.333333333333332,PP,True,True,True,False
Roshan2016,NFSK expanding (Fig2a),Clone 80,1,1,BR119,14.166666666666659,PP,True,True,True,False
Roshan2016,NFSK expanding (Fig2a),Clone 80,1,1,BR120,23.5,PP,True,True,True,False
Roshan2016,NFSK expanding (Fig2a),Clone 80,1,1,BR121,31.33333333333334,PP,True,True,True,False
Roshan2016,NFSK expanding (Fig2a),Clone 80,1,1,BR122,25.33333333333334,PP,True,True,True,False
Roshan2016,NFSK expanding (Fig2a),Clone 80,1,1,BR123,16.66666666666668,PP,True,True,True,False
Roshan2016,NFSK expanding (Fig2a),Clone 80,1,1,BR124,18.499999999999996,PP,True,True,True,False
Roshan2016,NFSK expanding (Fig2a),Clone 80,1,1,BR125,18.99999999999999,PD,True,True,True,False
Roshan2016,NFSK expanding (Fig2a),Clone 80,1,1,BR126,23.333333333333332,PP,True,True,True,False
Roshan2016,NFSK expanding (Fig2a),Clone 80,1,1,BR127,22.000000000000004,PP,True,True,True,False
Roshan2016,NFSK expanding (Fig2a),Clone 80,1,1,BR128,18.666666666666675,PD,True,True,True,False
Roshan2016,NFSK expanding (Fig2a),Clone 80,1,1,BR129,18.999999999999996,PP,True,True,True,False
Roshan2016,NFSK expanding (Fig2a),Clone 80,1,1,BR130,18,PP,True,True,True,False
Roshan2016,NFSK expanding (Fig2a),Clone 80,1,1,BR131,16.66666666666667,PD,True,True,True,False
Roshan2016,NFSK expanding (Fig2a),Clone 80,1,1,BR132,20.833333333333332,PP,True,True,True,False
Roshan2016,NFSK expanding (Fig2a),Clone 80,1,1,BR133,21.333333333333325,PP,True,True,True,False
Roshan2016,NFSK expanding (Fig2a),Clone 80,1,1,BR134,19.66666666666668,PP,True,True,True,False
Roshan2016,NFSK expanding (Fig2a),Clone 80,1,1,BR135,21.33333333333333,DD,True,True,True,False
Roshan2016,NFSK expanding (Fig2a),Clone 80,1,1,BR136,13.66666666666666,PP,True,True,True,False
Roshan2016,NFSK expanding (Fig2a),Clone 80,1,1,BR137,16.66666666666666,PP,True,True,True,False
Roshan2016,NFSK expanding (Fig2a),Clone 80,2,2,BR138,11.666666666666657,PP,True,True,False,False
Roshan2016,NFSK expanding (Fig2a),Clone 80,2,2,BR139,11.666666666666657,PP,True,True,False,False
Roshan2016,NFSK expanding (Fig2a),Clone 80,2,2,BR140,16.49999999999999,PP,True,True,False,False
Roshan2016,NFSK expanding (Fig2a),Clone 80,2,2,BR141,17.99999999999999,PP,True,True,False,False
Roshan2016,NFSK expanding (Fig2a),Clone 80,2,2,BR142,17.333333333333325,PD,True,True,False,False
Roshan2016,NFSK expanding (Fig2a),Clone 80,2,2,BR143,19.833333333333332,PD,True,True,False,False
Roshan2016,NFSK expanding (Fig2a),Clone 80,2,2,BR144,18.999999999999996,PP,True,True,False,False
Roshan2016,NFSK expanding (Fig2a),Clone 80,2,2,BR145,20.166666666666675,PP,True,True,False,False
Roshan2016,NFSK expanding (Fig2a),Clone 80,2,2,BR146,22.33333333333334,PD,True,True,False,False
Roshan2016,NFSK expanding (Fig2a),Clone 80,2,2,BR147,26.166666666666675,PP,True,True,False,False
Roshan2016,NFSK expanding (Fig2a),Clone 80,2,2,BR148,26.833333333333343,PP,True,True,False,False
Roshan2016,NFSK expanding (Fig2a),Clone 80,2,2,BR149,25.33333333333333,PD,True,True,False,False
Roshan2016,NFSK expanding (Fig2a),Clone 80,2,2,BR150,19.000000000000004,PP,True,True,False,False
Roshan2016,NFSK expanding (Fig2a),Clone 80,2,2,BR151,18.49999999999999,PP,True,True,False,False
Roshan2016,NFSK expanding (Fig2a),Clone 80,2,2,BR152,17.333333333333325,PP,True,True,False,False
Roshan2016,NFSK expanding (Fig2a),Clone 80,2,2,BR153,18.999999999999996,PP,True,True,False,False
Roshan2016,NFSK expanding (Fig2a),Clone 80,2,2,BR154,20.499999999999993,PP,True,True,False,False
Roshan2016,NFSK expanding (Fig2a),Clone 80,2,2,BR155,20.499999999999996,PP,True,True,False,False
Roshan2016,NFSK expanding (Fig2a),Clone 80,2,2,BR156,16.50000000000001,PP,True,True,False,False
Roshan2016,NFSK expanding (Fig2a),Clone 80,2,2,BR157,20.499999999999996,PP,True,True,False,False
Roshan2016,NFSK expanding (Fig2a),Clone 80,2,2,BR158,19.166666666666668,PP,True,True,False,False
Roshan2016,NFSK expanding (Fig2a),Clone 80,2,2,BR159,10.333333333333323,DD,True,True,False,False
Roshan2016,NFSK expanding (Fig2a),Clone 80,3,3,BR160,7.499999999999995,PP,True,True,False,False
Roshan2016,NFSK expanding (Fig2a),Clone 80,3,3,BR161,11.000000000000009,PP,True,True,False,False
Roshan2016,NFSK expanding (Fig2a),Clone 80,3,3,BR162,16.499999999999993,PD,True,True,False,False
Roshan2016,NFSK expanding (Fig2a),Clone 80,3,3,BR163,16.666666666666664,PP,True,True,False,False
Roshan2016,NFSK expanding (Fig2a),Clone 80,3,3,BR164,9.833333333333321,PD,True,True,False,False
Roshan2016,NFSK expanding (Fig2a),Clone 80,3,3,BR165,17.833333333333336,PP,True,True,False,False
Roshan2016,NFSK expanding (Fig2a),Clone 80,3,3,BR166,24.666666666666657,PP,True,True,False,False
Roshan2016,NFSK expanding (Fig2a),Clone 80,3,3,BR167,22.5,PP,True,True,False,False
Roshan2016,NFSK expanding (Fig2a),Clone 80,3,3,BR168,20.666666666666657,DD,True,True,False,False
Roshan2016,NFSK expanding (Fig2a),Clone 80,3,3,BR169,11.83333333333334,PP,True,True,False,False
Roshan2016,NFSK expanding (Fig2a),Clone 80,3,3,BR170,17.666666666666664,PP,True,True,False,False
Roshan2016,NFSK expanding (Fig2a),Clone 80,3,3,BR171,21.16666666666668,PP,True,True,False,False
Roshan2016,NFSK expanding (Fig2a),Clone 80,3,3,BR172,22,PP,True,True,False,False
Roshan2016,NFSK expanding (Fig2a),Clone 80,3,3,BR173,16.833333333333336,PP,True,True,False,False
Roshan2016,NFSK expanding (Fig2a),Clone 80,3,3,BR174,13.000000000000007,PP,True,True,False,False
Roshan2016,NFSK expanding (Fig2a),Clone 80,3,3,BR175,14.833333333333329,PP,True,True,False,False
Roshan2016,NFSK expanding (Fig2a),Clone 80,3,3,BR176,31.166666666666664,PP,True,True,False,False
Roshan2016,NFSK expanding (Fig2a),Clone 80,3,3,BR177,19.666666666666657,PP,True,True,False,False
Roshan2016,NFSK expanding (Fig2a),Clone 80,3,3,BR178,11.500000000000004,PP,True,True,False,False
Roshan2016,NFSK expanding (Fig2a),Clone 80,3,3,BR179,18.33333333333334,PP,True,True,False,False
Roshan2016,NFSK expanding (Fig2a),Clone 80,3,3,BR180,19.833333333333332,PP,True,True,False,False
Roshan2016,NFSK expanding (Fig2a),Clone 80,3,3,BR181,21.500000000000004,PP,True,True,False,False
Roshan2016,NFSK expanding (Fig2a),Clone 80,4,4,BR182,15.166666666666677,PP,True,True,False,False
Roshan2016,NFSK expanding (Fig2a),Clone 80,4,4,BR183,18.66666666666667,PP,True,True,False,False
Roshan2016,NFSK expanding (Fig2a),Clone 80,4,4,BR184,21.500000000000004,PP,True,True,False,False
Roshan2016,NFSK expanding (Fig2a),Clone 80,4,4,BR185,20.166666666666675,PP,True,True,False,False
Roshan2016,NFSK expanding (Fig2a),Clone 80,4,4,BR186,16.666666666666675,PD,True,True,False,False
Roshan2016,NFSK expanding (Fig2a),Clone 80,4,4,BR187,16.666666666666675,PP,True,True,False,False
Roshan2016,NFSK expanding (Fig2a),Clone 80,4,4,BR188,20.833333333333332,PP,True,True,False,False
Roshan2016,NFSK expanding (Fig2a),Clone 80,4,4,BR189,19.666666666666675,PP,True,True,False,False
Roshan2016,NFSK expanding (Fig2a),Clone 80,4,4,BR190,18.166666666666657,PP,True,True,False,False
Roshan2016,NFSK expanding (Fig2a),Clone 80,4,4,BR191,13.500000000000007,PP,True,True,False,False
Roshan2016,NFSK expanding (Fig2a),Clone 80,4,4,BR192,21.999999999999993,PP,True,True,False,False
Roshan2016,NFSK expanding (Fig2a),Clone 80,4,4,BR193,19.500000000000007,PP,True,True,False,False
Roshan2016,NFSK expanding (Fig2a),Clone 80,4,4,BR194,20,PP,True,True,False,False
Roshan2016,NFSK expanding (Fig2a),Clone 80,4,4,BR195,20.499999999999993,PP,True,True,False,False
Roshan2016,NFSK expanding (Fig2a),Clone 80,4,4,BR196,15.833333333333343,PP,True,True,False,False
Roshan2016,NFSK expanding (Fig2a),Clone 81,1,1,BY4,31.5,PP,True,True,True,False
Roshan2016,NFSK expanding (Fig2a),Clone 81,2,2,BY5,9.170000000000005,PP,True,True,False,False
Roshan2016,NFSK expanding (Fig2a),Clone 81,2,2,BY6,12.999999999999996,PP,True,True,False,False
Roshan2016,NFSK expanding (Fig2a),Clone 81,3,3,BY7,9.16333333333333,PP,True,True,False,False
Roshan2016,NFSK expanding (Fig2a),Clone 81,3,3,BY8,9.50333333333333,PP,True,True,False,False
Roshan2016,NFSK expanding (Fig2a),Clone 81,3,3,BY9,6.670000000000006,PP,True,True,False,False
Roshan2016,NFSK expanding (Fig2a),Clone 81,3,3,BY10,7.499999999999997,PP,True,True,False,False
Roshan2016,NFSK expanding (Fig2a),Clone 81,1,1,BY111,12.16666666666666,PP,True,True,True,False
Roshan2016,NFSK expanding (Fig2a),Clone 81,1,1,BY112,14.99999999999999,PP,True,True,True,False
Roshan2016,NFSK expanding (Fig2a),Clone 81,1,1,BY113,7.166666666666673,PP,True,True,True,False
Roshan2016,NFSK expanding (Fig2a),Clone 81,1,1,BY114,8.500000000000002,PD,True,True,True,False
Roshan2016,NFSK expanding (Fig2a),Clone 81,1,1,BY115,12.333333333333336,PP,True,True,True,False
Roshan2016,NFSK expanding (Fig2a),Clone 81,1,1,BY116,9.666666666666679,PP,True,True,True,False
Roshan2016,NFSK expanding (Fig2a),Clone 81,1,1,BY117,19.83333333333333,PD,True,True,True,False
Roshan2016,NFSK expanding (Fig2a),Clone 81,1,1,BY118,20.833333333333336,PP,True,True,True,False
Roshan2016,NFSK expanding (Fig2a),Clone 81,1,1,BY119,22.333333333333332,PP,True,True,True,False
Roshan2016,NFSK expanding (Fig2a),Clone 81,1,1,BY120,19.5,PP,True,True,True,False
Roshan2016,NFSK expanding (Fig2a),Clone 81,1,1,BY121,12.833333333333336,PD,True,True,True,False
Roshan2016,NFSK expanding (Fig2a),Clone 81,1,1,BY122,14.499999999999996,PP,True,True,True,False
Roshan2016,NFSK expanding (Fig2a),Clone 81,1,1,BY123,15.500000000000004,PP,True,True,True,False
Roshan2016,NFSK expanding (Fig2a),Clone 81,1,1,BY124,20.83333333333332,PP,True,True,True,False
Roshan2016,NFSK expanding (Fig2a),Clone 81,1,1,BY125,14.50000000000001,PP,True,True,True,False
Roshan2016,NFSK expanding (Fig2a),Clone 81,1,1,BY126,19.999999999999996,PP,True,True,True,False
Roshan2016,NFSK expanding (Fig2a),Clone 81,1,1,BY127,20.666666666666675,PP,True,True,True,False
Roshan2016,NFSK expanding (Fig2a),Clone 81,1,1,BY128,22.499999999999996,PD,True,True,True,False
Roshan2016,NFSK expanding (Fig2a),Clone 81,1,1,BY129,16.999999999999993,PP,True,True,True,False
Roshan2016,NFSK expanding (Fig2a),Clone 81,1,1,BY130,22.999999999999993,PP,True,True,True,False
Roshan2016,NFSK expanding (Fig2a),Clone 81,1,1,BY131,19.833333333333325,PP,True,True,True,False
Roshan2016,NFSK expanding (Fig2a),Clone 81,1,1,BY132,21.666666666666657,PP,True,True,True,False
Roshan2016,NFSK expanding (Fig2a),Clone 81,1,1,BY133,23.33333333333333,PP,True,True,True,False
Roshan2016,NFSK expanding (Fig2a),Clone 81,1,1,BY134,23.66666666666666,PP,True,True,True,False
Roshan2016,NFSK expanding (Fig2a),Clone 81,1,1,BY135,20.33333333333334,PP,True,True,True,False
Roshan2016,NFSK expanding (Fig2a),Clone 81,2,2,BY136,16.166666666666657,PD,True,True,False,False
Roshan2016,NFSK expanding (Fig2a),Clone 81,2,2,BY137,16.833333333333343,PP,True,True,False,False
Roshan2016,NFSK expanding (Fig2a),Clone 81,2,2,BY138,13.499999999999993,PP,True,True,False,False
Roshan2016,NFSK expanding (Fig2a),Clone 81,2,2,BY139,15.833333333333321,PP,True,True,False,False
Roshan2016,NFSK expanding (Fig2a),Clone 81,2,2,BY140,16.166666666666664,PP,True,True,False,False
Roshan2016,NFSK expanding (Fig2a),Clone 81,2,2,BY141,17.166666666666675,PP,True,True,False,False
Roshan2016,NFSK expanding (Fig2a),Clone 81,2,2,BY142,18.333333333333332,PP,True,True,False,False
Roshan2016,NFSK expanding (Fig2a),Clone 81,2,2,BY143,14.000000000000004,PP,True,True,False,False
Roshan2016,NFSK expanding (Fig2a),Clone 81,2,2,BY144,14.499999999999996,PD,True,True,False,False
Roshan2016,NFSK expanding (Fig2a),Clone 81,2,2,BY145,22.833333333333343,PP,True,True,False,False
Roshan2016,NFSK expanding (Fig2a),Clone 81,2,2,BY146,19.66666666666667,PD,True,True,False,False
Roshan2016,NFSK expanding (Fig2a),Clone 81,2,2,BY147,17.499999999999996,PP,True,True,False,False
Roshan2016,NFSK expanding (Fig2a),Clone 81,2,2,BY148,19.166666666666668,PP,True,True,False,False
Roshan2016,NFSK expanding (Fig2a),Clone 81,2,2,BY149,19.166666666666657,PP,True,True,False,False
Roshan2016,NFSK expanding (Fig2a),Clone 81,2,2,BY150,19.833333333333343,PP,True,True,False,False
Roshan2016,NFSK expanding (Fig2a),Clone 81,2,2,BY151,23.166666666666668,PP,True,True,False,False
Roshan2016,NFSK expanding (Fig2a),Clone 81,2,2,BY152,22.16666666666666,PP,True,True,False,False
Roshan2016,NFSK expanding (Fig2a),Clone 81,2,2,BY153,19.666666666666668,PP,True,True,False,False
Roshan2016,NFSK expanding (Fig2a),Clone 81,2,2,BY154,19.833333333333332,PP,True,True,False,False
Roshan2016,NFSK expanding (Fig2a),Clone 81,2,2,BY155,21.999999999999996,PP,True,True,False,False
Roshan2016,NFSK expanding (Fig2a),Clone 81,2,2,BY156,21.5,PP,True,True,False,False
Roshan2016,NFSK expanding (Fig2a),Clone 81,3,3,BY157,14.499999999999996,PP,True,True,False,False
Roshan2016,NFSK expanding (Fig2a),Clone 81,3,3,BY158,16.33333333333334,PP,True,True,False,False
Roshan2016,NFSK expanding (Fig2a),Clone 81,3,3,BY159,11.500000000000004,PP,True,True,False,False
Roshan2016,NFSK expanding (Fig2a),Clone 81,3,3,BY160,12.33333333333334,PP,True,True,False,False
Roshan2016,NFSK expanding (Fig2a),Clone 81,3,3,BY161,20.833333333333336,PP,True,True,False,False
Roshan2016,NFSK expanding (Fig2a),Clone 81,3,3,BY162,22.166666666666664,PP,True,True,False,False
Roshan2016,NFSK expanding (Fig2a),Clone 81,3,3,BY163,11.499999999999991,PP,True,True,False,False
Roshan2016,NFSK expanding (Fig2a),Clone 81,3,3,BY164,10.333333333333334,PP,True,True,False,False
Roshan2016,NFSK expanding (Fig2a),Clone 81,3,3,BY165,40.66666666666666,PP,True,True,False,False
Roshan2016,NFSK expanding (Fig2a),Clone 81,3,3,BY166,39.16666666666666,PP,True,True,False,False
Roshan2016,NFSK expanding (Fig2a),Clone 81,3,3,BY167,17.166666666666668,PD,True,True,False,False
Roshan2016,NFSK expanding (Fig2a),Clone 81,3,3,BY168,17.33333333333334,PP,True,True,False,False
Roshan2016,NFSK expanding (Fig2a),Clone 81,3,3,BY169,19.000000000000004,PP,True,True,False,False
Roshan2016,NFSK expanding (Fig2a),Clone 81,3,3,BY170,21.33333333333334,PP,True,True,False,False
Roshan2016,NFSK expanding (Fig2a),Clone 81,3,3,BY171,21.833333333333325,PP,True,True,False,False
Roshan2016,NFSK expanding (Fig2a),Clone 81,3,3,BY172,19.166666666666668,PP,True,True,False,False
Roshan2016,NFSK expanding (Fig2a),Clone 81,3,3,BY173,23.166666666666664,PD,True,True,False,False
Roshan2016,NFSK expanding (Fig2a),Clone 81,3,3,BY174,19.166666666666657,PP,True,True,False,False
Roshan2016,NFSK expanding (Fig2a),Clone 81,3,3,BY175,10.33333333333334,PP,True,True,False,False
Roshan2016,NFSK expanding (Fig2a),Clone 81,3,3,BY176,15.666666666666675,PP,True,True,False,False
Roshan2016,NFSK expanding (Fig2a),Clone 81,3,3,BY177,17.99999999999999,PP,True,True,False,False
Roshan2016,NFSK expanding (Fig2a),Clone 81,3,3,BY178,19.5,PP,True,True,False,False
Roshan2016,NFSK expanding (Fig2a),Clone 81,3,3,BY179,23.500000000000007,PP,True,True,False,False
Roshan2016,NFSK expanding (Fig2a),Clone 81,3,3,BY180,23,PP,True,True,False,False
Roshan2016,NFSK expanding (Fig2a),Clone 81,3,3,BY181,22.166666666666664,PD,True,True,False,False
Roshan2016,NFSK expanding (Fig2a),Clone 81,3,3,BY182,23,PP,True,True,False,False
Roshan2016,NFSK expanding (Fig2a),Clone 81,3,3,BY183,22.166666666666664,PP,True,True,False,False
Roshan2016,NFSK expanding (Fig2a),Clone 81,3,3,BY184,19.500000000000007,PD,True,True,False,False
Roshan2016,NFSK expanding (Fig2a),Clone 81,3,3,BY185,21.66666666666667,PP,True,True,False,False
Roshan2016,NFSK expanding (Fig2a),Clone 81,4,4,BY186,13.000000000000004,PP,True,True,False,False
Roshan2016,NFSK expanding (Fig2a),Clone 81,4,4,BY187,15.166666666666668,PP,True,True,False,False
Roshan2016,NFSK expanding (Fig2a),Clone 81,4,4,BY188,12.166666666666671,PP,True,True,False,False
Roshan2016,NFSK expanding (Fig2a),Clone 81,4,4,BY189,10.833333333333323,PP,True,True,False,False
Roshan2016,NFSK expanding (Fig2a),Clone 81,4,4,BY190,16.66666666666667,PP,True,True,False,False
Roshan2016,NFSK expanding (Fig2a),Clone 81,4,4,BY191,17.166666666666664,PD,True,True,False,False
Roshan2016,NFSK expanding (Fig2a),Clone 81,4,4,BY192,12.5,PP,True,True,False,False
Roshan2016,NFSK expanding (Fig2a),Clone 81,4,4,BY193,12.666666666666671,PD,True,True,False,False
Roshan2016,NFSK expanding (Fig2a),Clone 81,4,4,BY194,15.16666666666666,PP,True,True,False,False
Roshan2016,NFSK expanding (Fig2a),Clone 81,4,4,BY195,15.666666666666675,PP,True,True,False,False
Roshan2016,NFSK expanding (Fig2a),Clone 81,4,4,BY196,20,PP,True,True,False,False
Roshan2016,NFSK expanding (Fig2a),Clone 81,4,4,BY197,20.833333333333336,PD,True,True,False,False
Roshan2016,NFSK expanding (Fig2a),Clone 81,4,4,BY198,22.333333333333325,PP,True,True,False,False
Roshan2016,NFSK expanding (Fig2a),Clone 81,4,4,BY199,16.166666666666657,PP,True,True,False,False
Roshan2016,NFSK expanding (Fig2a),Clone 81,4,4,BY200,18.333333333333343,PP,True,True,False,False
Roshan2016,NFSK expanding (Fig2a),Clone 81,4,4,BY201,20,PP,True,True,False,False
Roshan2016,NFSK expanding (Fig2a),Clone 81,4,4,BY202,22.833333333333336,PP,True,True,False,False
Roshan2016,NFSK expanding (Fig2a),Clone 81,4,4,BY203,19.33333333333332,PP,True,True,False,False
Roshan2016,NFSK expanding (Fig2a),Clone 81,4,4,BY204,16.166666666666668,PP,True,True,False,False
Roshan2016,NFSK expanding (Fig2a),Clone 81,4,4,BY205,20.166666666666675,PD,True,True,False,False
Roshan2016,NFSK expanding (Fig2a),Clone 81,4,4,BY206,14.833333333333325,PP,True,True,False,False
Roshan2016,NFSK expanding (Fig2a),Clone 81,4,4,BY207,16.000000000000004,PP,True,True,False,False
Roshan2016,NFSK expanding (Fig2a),Clone 81,4,4,BY208,12.833333333333336,PP,True,True,False,False
Roshan2016,NFSK expanding (Fig2a),Clone 81,4,4,BY209,19.16666666666667,PP,True,True,False,False
Roshan2016,NFSK expanding (Fig2a),Clone 81,4,4,BY210,15.333333333333336,PP,True,True,False,False
Roshan2016,Adult balanced (Suppl Fig1a),Clone 1,1,1,G4,34.333333333333336,DD,True,True,True,False
Roshan2016,Adult balanced (Suppl Fig1a),Clone 2,1,1,N4,17,PD,True,True,True,False
Roshan2016,Adult balanced (Suppl Fig1a),Clone 2,2,2,N5,13.833333333333336,PD,True,True,False,True
Roshan2016,Adult balanced (Suppl Fig1a),Clone 2,3,3,N6,24.333333333333332,DD,True,True,False,True
Roshan2016,Adult balanced (Suppl Fig1a),Clone 3,1,1,U4,35.5,PP,True,True,True,False
Roshan2016,Adult balanced (Suppl Fig1a),Clone 3,2,2,U5,11.999999999999996,PD,True,True,False,True
Roshan2016,Adult balanced (Suppl Fig1a),Clone 3,2,2,U6,13.833333333333327,DD,True,True,False,True
Roshan2016,Adult balanced (Suppl Fig1a),Clone 3,3,3,U7,11.833333333333336,DD,True,True,False,True
Roshan2016,Adult balanced (Suppl Fig1a),Clone 4,1,1,AB4,9.833333333333334,PP,True,True,True,False
Roshan2016,Adult balanced (Suppl Fig1a),Clone 4,2,2,AB5,26.666666666666668,DD,True,True,False,True
Roshan2016,Adult balanced (Suppl Fig1a),Clone 4,2,2,AB6,26.666666666666668,DD,True,True,False,True
Roshan2016,Adult balanced (Suppl Fig1a),Clone 5,1,1,AI4,1,PP,True,True,True,False
Roshan2016,Adult balanced (Suppl Fig1a),Clone 5,2,2,AI5,33.83333333333333,DD,True,True,False,True
Roshan2016,Adult balanced (Suppl Fig1a),Clone 5,2,2,AI6,40,PD,True,True,False,True
Roshan2016,Adult balanced (Suppl Fig1a),Clone 5,3,3,AI7,24.833333333333325,DD,True,True,False,True
Roshan2016,Adult balanced (Suppl Fig1a),Clone 7,1,1,AP4,35,PD,True,True,True,False
Roshan2016,Adult balanced (Suppl Fig1a),Clone 7,2,2,AP5,20.5,PD,True,True,False,True
Roshan2016,Adult balanced (Suppl Fig1a),Clone 7,3,3,AP6,16.5,PD,True,True,False,True
Roshan2016,Adult balanced (Suppl Fig1a),Clone 7,4,4,AP7,20.499999999999996,DD,True,True,False,True
Roshan2016,Adult balanced (Suppl Fig1a),Clone 8,1,1,AW4,8.166666666666666,PD,True,True,True,False
Roshan2016,Adult balanced (Suppl Fig1a),Clone 8,2,2,AW5,13.666666666666666,PP,True,True,False,True
Roshan2016,Adult balanced (Suppl Fig1a),Clone 8,3,3,AW6,13.500000000000004,PD,True,True,False,True
Roshan2016,Adult balanced (Suppl Fig1a),Clone 8,3,3,AW7,16.833333333333336,PD,True,True,False,True
Roshan2016,Adult balanced (Suppl Fig1a),Clone 8,4,4,AW8,26.666666666666668,PP,True,True,False,True
Roshan2016,Adult balanced (Suppl Fig1a),Clone 8,4,4,AW9,20.5,PP,True,True,False,True
Roshan2016,Adult balanced (Suppl Fig1a),Clone 8,5,5,AW10,21.000000000000004,DD,True,True,False,True
Roshan2016,Adult balanced (Suppl Fig1a),Clone 8,5,5,AW11,24.16666666666666,DD,True,True,False,True
Roshan2016,Adult balanced (Suppl Fig1a),Clone 8,5,5,AW12,31.833333333333332,DD,True,True,False,True
Roshan2016,Adult balanced (Suppl Fig1a),Clone 8,5,5,AW13,31.5,PD,True,True,False,True
Roshan2016,Adult balanced (Suppl Fig1a),Clone 8,6,6,AW14,16.333333333333325,DD,True,True,False,True
Roshan2016,Adult balanced (Suppl Fig1a),Clone 9,1,1,BD4,7.166666666666666,PP,True,True,True,False
Roshan2016,Adult balanced (Suppl Fig1a),Clone 9,2,2,BD5,10.666666666666664,PP,True,True,False,True
Roshan2016,Adult balanced (Suppl Fig1a),Clone 9,2,2,BD6,13.5,PP,True,True,False,True
Roshan2016,Adult balanced (Suppl Fig1a),Clone 9,3,3,BD7,14,PD,True,True,False,True
Roshan2016,Adult balanced (Suppl Fig1a),Clone 9,3,3,BD8,14.333333333333332,PP,True,True,False,True
Roshan2016,Adult balanced (Suppl Fig1a),Clone 9,3,3,BD9,11.33333333333333,DD,True,True,False,True
Roshan2016,Adult balanced (Suppl Fig1a),Clone 9,3,3,BD10,14.166666666666664,PP,True,True,False,True
Roshan2016,Adult balanced (Suppl Fig1a),Clone 9,4,4,BD11,17.000000000000004,PD,True,True,False,True
Roshan2016,Adult balanced (Suppl Fig1a),Clone 9,4,4,BD12,10.499999999999998,PD,True,True,False,True
Roshan2016,Adult balanced (Suppl Fig1a),Clone 9,4,4,BD13,16.833333333333332,PP,True,True,False,True
Roshan2016,Adult balanced (Suppl Fig1a),Clone 9,4,4,BD14,11.833333333333337,PP,True,True,False,True
Roshan2016,Adult balanced (Suppl Fig1a),Clone 9,4,4,BD15,11.999999999999998,PP,True,True,False,True
Roshan2016,Adult balanced (Suppl Fig1a),Clone 9,5,5,BD16,20.833333333333332,DD,True,True,False,True
Roshan2016,Adult balanced (Suppl Fig1a),Clone 9,5,5,BD17,28.166666666666668,PD,True,True,False,True
Roshan2016,Adult balanced (Suppl Fig1a),Clone 9,5,5,BD18,17,PP,True,True,False,True
Roshan2016,Adult balanced (Suppl Fig1a),Clone 9,5,5,BD19,7.333333333333336,PP,True,True,False,True
Roshan2016,Adult balanced (Suppl Fig1a),Clone 9,5,5,BD20,16.833333333333336,PP,True,True,False,True
Roshan2016,Adult balanced (Suppl Fig1a),Clone 9,5,5,BD21,18.333333333333336,DD,True,True,False,True
Roshan2016,Adult balanced (Suppl Fig1a),Clone 9,5,5,BD22,15.666666666666664,PP,True,True,False,True
Roshan2016,Adult balanced (Suppl Fig1a),Clone 9,5,5,BD23,14.166666666666664,PP,True,True,False,True
Roshan2016,Adult balanced (Suppl Fig1a),Clone 9,6,6,BD24,52.16666666666667,DD,True,True,False,True
Roshan2016,Adult balanced (Suppl Fig1a),Clone 9,6,6,BD25,15,DD,True,True,False,True
Roshan2016,Adult balanced (Suppl Fig1a),Clone 9,6,6,BD26,27,DD,True,True,False,True
Roshan2016,Adult balanced (Suppl Fig1a),Clone 9,6,6,BD27,10.833333333333334,PP,True,True,False,True
Roshan2016,Adult balanced (Suppl Fig1a),Clone 9,6,6,BD28,12.499999999999993,PP,True,True,False,True
Roshan2016,Adult balanced (Suppl Fig1a),Clone 9,6,6,BD29,25.5,DD,True,True,False,True
Roshan2016,Adult balanced (Suppl Fig1a),Clone 9,6,6,BD30,17.5,PD,True,True,False,True
Roshan2016,Adult balanced (Suppl Fig1a),Clone 9,6,6,BD31,24.500000000000004,PD,True,True,False,True
Roshan2016,Adult balanced (Suppl Fig1a),Clone 9,6,6,BD32,23.999999999999996,PD,True,True,False,True
Roshan2016,Adult balanced (Suppl Fig1a),Clone 9,6,6,BD33,20,PD,True,True,False,True
Roshan2016,Adult balanced (Suppl Fig1a),Clone 9,6,6,BD34,22.000000000000004,DD,True,True,False,True
Roshan2016,Adult balanced (Suppl Fig1a),Clone 9,7,7,BD35,11.833333333333329,PD,True,True,False,True
Roshan2016,Adult balanced (Suppl Fig1a),Clone 9,7,7,BD36,14.666666666666668,DD,True,True,False,True
Roshan2016,Adult balanced (Suppl Fig1a),Clone 9,7,7,BD37,13.666666666666668,PP,True,True,False,True
Roshan2016,Adult balanced (Suppl Fig1a),Clone 9,7,7,BD38,11.999999999999996,PD,True,True,False,True
Roshan2016,Adult balanced (Suppl Fig1a),Clone 9,7,7,BD39,39,DD,True,True,False,True
Roshan2016,Adult balanced (Suppl Fig1a),Clone 9,7,7,BD40,12,PD,True,True,False,True
Roshan2016,Adult balanced (Suppl Fig1a),Clone 9,7,7,BD41,12.666666666666671,DD,True,True,False,True
Roshan2016,Adult balanced (Suppl Fig1a),Clone 9,7,7,BD42,22.166666666666657,DD,True,True,False,True
Roshan2016,Adult balanced (Suppl Fig1a),Clone 9,8,8,BD43,17,DD,True,True,False,True
Roshan2016,Adult balanced (Suppl Fig1a),Clone 9,8,8,BD44,13.833333333333343,PP,True,True,False,True
Roshan2016,Adult balanced (Suppl Fig1a),Clone 9,8,8,BD45,15,PD,True,True,False,True
Roshan2016,Adult balanced (Suppl Fig1a),Clone 9,8,8,BD46,12.333333333333337,PD,True,True,False,True
Roshan2016,Adult balanced (Suppl Fig1a),Clone 9,8,8,BD47,11.500000000000007,PD,True,True,False,True
Roshan2016,Adult balanced (Suppl Fig1a),Clone 9,9,9,BD48,11.666666666666666,DD,True,True,False,True
Roshan2016,Adult balanced (Suppl Fig1a),Clone 9,9,9,BD49,14.166666666666675,DD,True,True,False,True
Roshan2016,Adult balanced (Suppl Fig1a),Clone 9,9,9,BD50,19.166666666666657,PD,True,True,False,True
Roshan2016,Adult balanced (Suppl Fig1a),Clone 9,9,9,BD51,12.333333333333325,DD,True,True,False,True
Roshan2016,Adult balanced (Suppl Fig1a),Clone 9,9,9,BD52,10.500000000000007,DD,True,True,False,True
Roshan2016,Adult balanced (Suppl Fig1a),Clone 9,10,10,BD53,18.333333333333332,DD,True,True,False,True
Roshan2016,Adult balanced (Suppl Fig1a),Clone 10,1,1,BK4,2.5,PD,True,True,True,False
Roshan2016,Adult balanced (Suppl Fig1a),Clone 10,2,2,BK5,14.333333333333332,PD,True,True,False,True
Roshan2016,Adult balanced (Suppl Fig1a),Clone 10,3,3,BK6,24.333333333333332,DD,True,True,False,True
Roshan2016,Adult balanced (Suppl Fig1a),Clone 11,1,1,BR4,6.166666666666668,DD,True,True,True,False
Roshan2016,Adult balanced (Suppl Fig1a),Clone 12,1,1,BY4,18.166666666666668,PD,True,True,True,False
Roshan2016,Adult balanced (Suppl Fig1a),Clone 12,2,2,BY5,31.5,DD,True,True,False,True
Roshan2016,Adult balanced (Suppl Fig1a),Clone 14,1,1,CF4,14,PD,True,True,True,False
Roshan2016,Adult balanced (Suppl Fig1a),Clone 14,2,2,CF5,13,PP,True,True,False,True
Roshan2016,Adult balanced (Suppl Fig1a),Clone 14,3,3,CF6,19.166666666666668,PD,True,True,False,True
Roshan2016,Adult balanced (Suppl Fig1a),Clone 14,3,3,CF7,20.499999999999996,DD,True,True,False,True
Roshan2016,Adult balanced (Suppl Fig1a),Clone 14,4,4,CF8,15.666666666666664,PD,True,True,False,True
Roshan2016,Adult balanced (Suppl Fig1a),Clone 14,5,5,CF9,23.16666666666666,DD,True,True,False,True
Roshan2016,Adult balanced (Suppl Fig1a),Clone 15,1,1,CM4,13,DD,True,True,True,False
Roshan2016,Adult balanced (Suppl Fig1a),Clone 16,1,1,CT4,7.333333333333332,PD,True,True,True,False
Roshan2016,Adult balanced (Suppl Fig1a),Clone 16,2,2,CT5,56.16666666666667,PD,True,True,False,True
Roshan2016,Adult balanced (Suppl Fig1a),Clone 16,3,3,CT6,31.33333333333333,DD,True,True,False,True
Roshan2016,Adult balanced (Suppl Fig1a),Clone 17,1,1,DA4,25.666666666666664,DD,True,True,True,False
Roshan2016,Adult balanced (Suppl Fig1a),Clone 18,1,1,DH4,3.5,PD,True,True,True,False
Roshan2016,Adult balanced (Suppl Fig1a),Clone 18,2,2,DH5,53.5,DD,True,True,False,True
Roshan2016,Adult balanced (Suppl Fig1a),Clone 19,1,1,DO4,0.8333333333333334,PP,True,True,True,False
Roshan2016,Adult balanced (Suppl Fig1a),Clone 19,2,2,DO5,33.666666666666664,DD,True,True,False,True
Roshan2016,Adult balanced (Suppl Fig1a),Clone 19,2,2,DO6,24.83333333333333,DD,True,True,False,True
Roshan2016,Adult balanced (Suppl Fig1a),Clone 20,1,1,DV4,17.666666666666668,PD,True,True,True,False
Roshan2016,Adult balanced (Suppl Fig1a),Clone 20,2,2,DV5,62.333333333333336,DD,True,True,False,True
Roshan2016,Adult balanced (Suppl Fig1a),Clone 21,1,1,EC4,0.8333333333333334,PD,True,True,True,False
Roshan2016,Adult balanced (Suppl Fig1a),Clone 21,2,2,EC5,14.333333333333332,PD,True,True,False,True
Roshan2016,Adult balanced (Suppl Fig1a),Clone 21,3,3,EC6,11.333333333333336,PD,True,True,False,True
Roshan2016,Adult balanced (Suppl Fig1a),Clone 21,4,4,EC7,13.499999999999996,DD,True,True,False,True
Roshan2016,Adult balanced (Suppl Fig1a),Clone 23,1,1,EJ4,31.833333333333332,PD,True,True,True,False
Roshan2016,Adult balanced (Suppl Fig1a),Clone 23,2,2,EJ5,14.333333333333336,PP,True,True,False,True
Roshan2016,Adult balanced (Suppl Fig1a),Clone 23,3,3,EJ6,13.66666666666666,PP,True,True,False,True
Roshan2016,Adult balanced (Suppl Fig1a),Clone 23,3,3,EJ7,14.166666666666664,PD,True,True,False,True
Roshan2016,Adult balanced (Suppl Fig1a),Clone 23,4,4,EJ8,13.166666666666663,PP,True,True,False,True
Roshan2016,Adult balanced (Suppl Fig1a),Clone 23,4,4,EJ9,40.16666666666667,DD,True,True,False,True
Roshan2016,Adult balanced (Suppl Fig1a),Clone 23,4,4,EJ10,12.166666666666668,PP,True,True,False,True
Roshan2016,Adult balanced (Suppl Fig1a),Clone 23,5,5,EJ11,11.666666666666664,DD,True,True,False,True
Roshan2016,Adult balanced (Suppl Fig1a),Clone 23,5,5,EJ12,15.666666666666671,DD,True,True,False,True
Roshan2016,Adult balanced (Suppl Fig1a),Clone 23,5,5,EJ13,19.666666666666664,DD,True,True,False,True
Roshan2016,Adult balanced (Suppl Fig1a),Clone 23,5,5,EJ14,16.833333333333336,DD,True,True,False,True
Roshan2016,Adult balanced (Suppl Fig1a),Clone 24,1,1,EQ4,35.166666666666664,PD,True,True,True,False
Roshan2016,Adult balanced (Suppl Fig1a),Clone 24,2,2,EQ5,26.166666666666664,PP,True,True,False,True
Roshan2016,Adult balanced (Suppl Fig1a),Clone 24,3,3,EQ6,19,DD,True,True,False,True
Roshan2016,Adult balanced (Suppl Fig1a),Clone 24,3,3,EQ7,16,PD,True,True,False,True
Roshan2016,Adult balanced (Suppl Fig1a),Clone 24,4,4,EQ8,12.166666666666664,PD,True,True,False,True
Roshan2016,Adult balanced (Suppl Fig1a),Clone 24,5,5,EQ9,35.5,DD,True,True,False,True
Roshan2016,Adult balanced (Suppl Fig1a),Clone 25,1,1,EX4,34.83333333333333,PD,True,True,True,False
Roshan2016,Adult balanced (Suppl Fig1a),Clone 25,2,2,EX5,25.166666666666668,DD,True,True,False,True
Roshan2016,Adult balanced (Suppl Fig1a),Clone 26,1,1,FE4,14,DD,True,True,True,False
Roshan2016,Adult balanced (Suppl Fig1a),Clone 27,1,1,FL4,4.333333333333333,PD,True,True,True,False
Roshan2016,Adult balanced (Suppl Fig1a),Clone 27,2,2,FL5,13.999999999999998,PP,True,True,False,True
Roshan2016,Adult balanced (Suppl Fig1a),Clone 27,3,3,FL6,11.16666666666667,PP,True,True,False,True
Roshan2016,Adult balanced (Suppl Fig1a),Clone 27,3,3,FL7,13.833333333333332,PP,True,True,False,True
Roshan2016,Adult balanced (Suppl Fig1a),Clone 27,4,4,FL8,10.666666666666668,PP,True,True,False,True
Roshan2016,Adult balanced (Suppl Fig1a),Clone 27,4,4,FL9,11.833333333333336,PP,True,True,False,True
Roshan2016,Adult balanced (Suppl Fig1a),Clone 27,4,4,FL10,10.333333333333337,PP,True,True,False,True
Roshan2016,Adult balanced (Suppl Fig1a),Clone 27,4,4,FL11,11.000000000000002,PP,True,True,False,True
Roshan2016,Adult balanced (Suppl Fig1a),Clone 27,5,5,FL12,12.999999999999996,PP,True,True,False,True
Roshan2016,Adult balanced (Suppl Fig1a),Clone 27,5,5,FL13,12.500000000000004,PP,True,True,False,True
Roshan2016,Adult balanced (Suppl Fig1a),Clone 27,5,5,FL14,10.333333333333332,PD,True,True,False,True
Roshan2016,Adult balanced (Suppl Fig1a),Clone 27,5,5,FL15,13.333333333333332,PP,True,True,False,True
Roshan2016,Adult balanced (Suppl Fig1a),Clone 27,5,5,FL16,9.666666666666668,PD,True,True,False,True
Roshan2016,Adult balanced (Suppl Fig1a),Clone 27,5,5,FL17,11.5,PD,True,True,False,True
Roshan2016,Adult balanced (Suppl Fig1a),Clone 27,5,5,FL18,10.333333333333329,PP,True,True,False,True
Roshan2016,Adult balanced (Suppl Fig1a),Clone 27,5,5,FL19,15.16666666666666,DD,True,True,False,True
Roshan2016,Adult balanced (Suppl Fig1a),Clone 27,6,6,FL20,11.999999999999996,PD,True,True,False,True
Roshan2016,Adult balanced (Suppl Fig1a),Clone 27,6,6,FL21,12.833333333333332,DD,True,True,False,True
Roshan2016,Adult balanced (Suppl Fig1a),Clone 27,6,6,FL22,12.66666666666667,PP,True,True,False,True
Roshan2016,Adult balanced (Suppl Fig1a),Clone 27,6,6,FL23,11.16666666666667,PD,True,True,False,True
Roshan2016,Adult balanced (Suppl Fig1a),Clone 27,6,6,FL24,9.333333333333329,PP,True,True,False,True
Roshan2016,Adult balanced (Suppl Fig1a),Clone 27,6,6,FL25,11.833333333333336,PP,True,True,False,True
Roshan2016,Adult balanced (Suppl Fig1a),Clone 27,6,6,FL26,13.833333333333329,PD,True,True,False,True
Roshan2016,Adult balanced (Suppl Fig1a),Clone 27,6,6,FL27,41,DD,True,True,False,True
Roshan2016,Adult balanced (Suppl Fig1a),Clone 27,6,6,FL28,12.500000000000004,PP,True,True,False,True
Roshan2016,Adult balanced (Suppl Fig1a),Clone 27,6,6,FL29,9.666666666666671,PP,True,True,False,True
Roshan2016,Adult balanced (Suppl Fig1a),Clone 27,6,6,FL30,10.000000000000004,PP,True,True,False,True
Roshan2016,Adult balanced (Suppl Fig1a),Clone 27,7,7,FL31,26.166666666666664,PD,True,True,False,True
Roshan2016,Adult balanced (Suppl Fig1a),Clone 27,7,7,FL32,10.833333333333336,DD,True,True,False,True
Roshan2016,Adult balanced (Suppl Fig1a),Clone 27,7,7,FL33,18.333333333333336,DD,True,True,False,True
Roshan2016,Adult balanced (Suppl Fig1a),Clone 27,7,7,FL34,17.5,DD,True,True,False,True
Roshan2016,Adult balanced (Suppl Fig1a),Clone 27,7,7,FL35,10.000000000000004,DD,True,True,False,True
Roshan2016,Adult balanced (Suppl Fig1a),Clone 27,7,7,FL36,12.166666666666668,PP,True,True,False,True
Roshan2016,Adult balanced (Suppl Fig1a),Clone 27,7,7,FL37,15.833333333333329,DD,True,True,False,True
Roshan2016,Adult balanced (Suppl Fig1a),Clone 27,7,7,FL38,20.5,PP,True,True,False,True
Roshan2016,Adult balanced (Suppl Fig1a),Clone 27,7,7,FL39,7.499999999999997,DD,True,True,False,True
Roshan2016,Adult balanced (Suppl Fig1a),Clone 27,7,7,FL40,12.833333333333329,DD,True,True,False,True
Roshan2016,Adult balanced (Suppl Fig1a),Clone 27,7,7,FL41,13.333333333333332,DD,True,True,False,True
Roshan2016,Adult balanced (Suppl Fig1a),Clone 27,7,7,FL42,12.83333333333333,DD,True,True,False,True
Roshan2016,Adult balanced (Suppl Fig1a),Clone 27,7,7,FL43,16.833333333333336,PP,True,True,False,True
Roshan2016,Adult balanced (Suppl Fig1a),Clone 27,7,7,FL44,16.999999999999996,PP,True,True,False,True
Roshan2016,Adult balanced (Suppl Fig1a),Clone 27,7,7,FL45,27.16666666666666,PP,True,True,False,True
Roshan2016,Adult balanced (Suppl Fig1a),Clone 27,8,8,FL46,25.16666666666668,DD,True,True,False,True
Roshan2016,Adult balanced (Suppl Fig1a),Clone 27,8,8,FL47,10.16666666666667,DD,True,True,False,True
Roshan2016,Adult balanced (Suppl Fig1a),Clone 27,8,8,FL48,12.666666666666664,PD,True,True,False,True
Roshan2016,Adult balanced (Suppl Fig1a),Clone 27,8,8,FL49,18,DD,True,True,False,True
Roshan2016,Adult balanced (Suppl Fig1a),Clone 27,8,8,FL50,18.499999999999993,PD,True,True,False,True
Roshan2016,Adult balanced (Suppl Fig1a),Clone 27,8,8,FL51,24.333333333333336,PD,True,True,False,True
Roshan2016,Adult balanced (Suppl Fig1a),Clone 27,8,8,FL52,21.666666666666657,DD,True,True,False,True
Roshan2016,Adult balanced (Suppl Fig1a),Clone 27,8,8,FL53,20.333333333333343,DD,True,True,False,True
Roshan2016,Adult balanced (Suppl Fig1a),Clone 27,8,8,FL54,10.000000000000004,DD,True,True,False,True
Roshan2016,Adult balanced (Suppl Fig1a),Clone 27,8,8,FL55,18.66666666666666,PD,True,True,False,True
Roshan2016,Adult balanced (Suppl Fig1a),Clone 27,8,8,FL56,19.000000000000004,DD,True,True,False,True
Roshan2016,Adult balanced (Suppl Fig1a),Clone 27,9,9,FL57,17,PD,True,True,False,True
Roshan2016,Adult balanced (Suppl Fig1a),Clone 27,9,9,FL58,10,DD,True,True,False,True
Roshan2016,Adult balanced (Suppl Fig1a),Clone 27,9,9,FL59,28.83333333333332,PD,True,True,False,True
Roshan2016,Adult balanced (Suppl Fig1a),Clone 27,9,9,FL60,28.833333333333336,DD,True,True,False,True
Roshan2016,Adult balanced (Suppl Fig1a),Clone 27,10,10,FL61,24.16666666666667,DD,True,True,False,True
Roshan2016,Adult balanced (Suppl Fig1a),Clone 27,10,10,FL62,14.999999999999993,DD,True,True,False,True
Roshan2016,Adult balanced (Suppl Fig1a),Clone 28,1,1,FS4,3.166666666666667,PD,True,True,True,False
Roshan2016,Adult balanced (Suppl Fig1a),Clone 28,2,2,FS5,16.333333333333336,PP,True,True,False,True
Roshan2016,Adult balanced (Suppl Fig1a),Clone 28,3,3,FS6,12.333333333333332,PP,True,True,False,True
Roshan2016,Adult balanced (Suppl Fig1a),Clone 28,3,3,FS7,14.833333333333334,PP,True,True,False,True
Roshan2016,Adult balanced (Suppl Fig1a),Clone 28,4,4,FS8,11.999999999999998,PD,True,True,False,True
Roshan2016,Adult balanced (Suppl Fig1a),Clone 28,4,4,FS9,13.5,PD,True,True,False,True
Roshan2016,Adult balanced (Suppl Fig1a),Clone 28,4,4,FS10,14.16666666666667,DD,True,True,False,True
Roshan2016,Adult balanced (Suppl Fig1a),Clone 28,4,4,FS11,16,PD,True,True,False,True
Roshan2016,Adult balanced (Suppl Fig1a),Clone 28,5,5,FS12,14.83333333333334,PD,True,True,False,True
Roshan2016,Adult balanced (Suppl Fig1a),Clone 28,5,5,FS13,28.166666666666668,DD,True,True,False,True
Roshan2016,Adult balanced (Suppl Fig1a),Clone 28,5,5,FS14,8.833333333333332,PP,True,True,False,True
Roshan2016,Adult balanced (Suppl Fig1a),Clone 28,6,6,FS15,25.500000000000007,DD,True,True,False,True
Roshan2016,Adult balanced (Suppl Fig1a),Clone 28,6,6,FS16,22.5,PP,True,True,False,True
Roshan2016,Adult balanced (Suppl Fig1a),Clone 28,6,6,FS17,8.333333333333334,PD,True,True,False,True
Roshan2016,Adult balanced (Suppl Fig1a),Clone 28,7,7,FS18,18,PD,True,True,False,True
Roshan2016,Adult balanced (Suppl Fig1a),Clone 28,7,7,FS19,13.5,PD,True,True,False,True
Roshan2016,Adult balanced (Suppl Fig1a),Clone 28,7,7,FS20,12.333333333333332,PD,True,True,False,True
Roshan2016,Adult balanced (Suppl Fig1a),Clone 28,8,8,FS21,7.83333333333334,PD,True,True,False,True
Roshan2016,Adult balanced (Suppl Fig1a),Clone 28,8,8,FS22,14.16666666666666,PD,True,True,False,True
Roshan2016,Adult balanced (Suppl Fig1a),Clone 28,8,8,FS23,19.833333333333332,PP,True,True,False,True
Roshan2016,Adult balanced (Suppl Fig1a),Clone 28,9,9,FS24,12.499999999999998,DD,True,True,False,True
Roshan2016,Adult balanced (Suppl Fig1a),Clone 28,9,9,FS25,28.833333333333336,DD,True,True,False,True
Roshan2016,Adult balanced (Suppl Fig1a),Clone 28,9,9,FS26,15.33333333333334,DD,True,True,False,True
Roshan2016,Adult balanced (Suppl Fig1a),Clone 28,9,9,FS27,13.83333333333334,PD,True,True,False,True
Roshan2016,Adult balanced (Suppl Fig1a),Clone 28,10,10,FS28,11.833333333333336,DD,True,True,False,True
Roshan2016,Adult balanced (Suppl Fig1a),Clone 29,1,1,FZ4,15.5,PD,True,True,True,False
Roshan2016,Adult balanced (Suppl Fig1a),Clone 29,2,2,FZ5,14.833333333333332,DD,True,True,False,True
Roshan2016,Adult balanced (Suppl Fig1a),Clone 30,1,1,GG4,0.6666666666666666,PD,True,True,True,False
Roshan2016,Adult balanced (Suppl Fig1a),Clone 30,2,2,GG5,25.333333333333336,DD,True,True,False,True
Roshan2016,Adult balanced (Suppl Fig1a),Clone 31,1,1,GN4,14.333333333333332,DD,True,True,True,False
Roshan2016,Adult balanced (Suppl Fig1a),Clone 32,1,1,GU4,25,DD,True,True,True,False
Roshan2016,Adult balanced (Suppl Fig1a),Clone 33,1,1,HB4,3.666666666666666,DD,True,True,True,False
Roshan2016,Adult balanced (Suppl Fig1a),Clone 34,1,1,HI4,7.333333333333332,DD,True,True,True,False
Roshan2016,Adult balanced (Suppl Fig1a),Clone 35,1,1,HP4,25.5,DD,True,True,True,False
Roshan2016,Adult balanced (Suppl Fig1a),Clone 36,1,1,HW4,3,DD,True,True,True,False
Roshan2016,Adult balanced (Suppl Fig1a),Clone 37,1,1,ID4,30.5,PP,True,True,True,False
Roshan2016,Adult balanced (Suppl Fig1a),Clone 37,2,2,ID5,16.333333333333336,PD,True,True,False,True
Roshan2016,Adult balanced (Suppl Fig1a),Clone 37,2,2,ID6,17,PP,True,True,False,True
Roshan2016,Adult balanced (Suppl Fig1a),Clone 37,3,3,ID7,17.000000000000004,PD,True,True,False,True
Roshan2016,Adult balanced (Suppl Fig1a),Clone 37,3,3,ID8,12.666666666666671,PD,True,True,False,True
Roshan2016,Adult balanced (Suppl Fig1a),Clone 37,3,3,ID9,28.66666666666667,PD,True,True,False,True
Roshan2016,Adult balanced (Suppl Fig1a),Clone 37,4,4,ID10,43.00000000000001,PD,True,True,False,True
Roshan2016,Adult balanced (Suppl Fig1a),Clone 37,4,4,ID11,18.000000000000007,DD,True,True,False,True
Roshan2016,Adult balanced (Suppl Fig1a),Clone 37,4,4,ID12,14.333333333333336,PD,True,True,False,True
Roshan2016,Adult balanced (Suppl Fig1a),Clone 37,5,5,ID13,18.500000000000004,DD,True,True,False,True
Roshan2016,Adult balanced (Suppl Fig1a),Clone 37,5,5,ID14,23.5,PD,True,True,False,True
Roshan2016,Adult balanced (Suppl Fig1a),Clone 37,6,6,ID15,20.500000000000007,DD,True,True,False,True
Roshan2016,Adult balanced (Suppl Fig1a),Clone 38,1,1,IK4,3.833333333333334,DD,True,True,True,False
Roshan2016,Adult balanced (Suppl Fig1a),Clone 39,1,1,IR4,2.8333333333333335,DD,True,True,True,False
Roshan2016,Adult balanced (Suppl Fig1a),Clone 40,1,1,IY4,4.166666666666667,PP,True,True,True,False
Roshan2016,Adult balanced (Suppl Fig1a),Clone 40,2,2,IY5,20.499999999999996,PD,True,True,False,True
Roshan2016,Adult balanced (Suppl Fig1a),Clone 40,2,2,IY6,21.666666666666664,PD,True,True,False,True
Roshan2016,Adult balanced (Suppl Fig1a),Clone 40,3,3,IY7,14.5,DD,True,True,False,True
Roshan2016,Adult balanced (Suppl Fig1a),Clone 40,3,3,IY8,36.16666666666667,PD,True,True,False,True
Roshan2016,Adult balanced (Suppl Fig1a),Clone 40,4,4,IY9,17.166666666666668,PD,True,True,False,True
Roshan2016,Adult balanced (Suppl Fig1a),Clone 40,5,5,IY10,21.500000000000004,PD,True,True,False,True
Roshan2016,Adult balanced (Suppl Fig1a),Clone 40,6,6,IY11,17.16666666666667,DD,True,True,False,True
Roshan2016,Adult balanced (Suppl Fig1a),Clone 41,1,1,JF4,1.1666666666666667,PP,True,True,True,False
Roshan2016,Adult balanced (Suppl Fig1a),Clone 41,2,2,JF5,12.833333333333332,PP,True,True,False,True
Roshan2016,Adult balanced (Suppl Fig1a),Clone 41,2,2,JF6,14.666666666666664,PP,True,True,False,True
Roshan2016,Adult balanced (Suppl Fig1a),Clone 41,3,3,JF7,10.499999999999996,PP,True,True,False,True
Roshan2016,Adult balanced (Suppl Fig1a),Clone 41,3,3,JF8,10.833333333333336,DD,True,True,False,True
Roshan2016,Adult balanced (Suppl Fig1a),Clone 41,3,3,JF9,12.166666666666664,PD,True,True,False,True
Roshan2016,Adult balanced (Suppl Fig1a),Clone 41,3,3,JF10,12.833333333333332,PD,True,True,False,True
Roshan2016,Adult balanced (Suppl Fig1a),Clone 41,4,4,JF11,10.166666666666666,PD,True,True,False,True
Roshan2016,Adult balanced (Suppl Fig1a),Clone 41,4,4,JF12,15.000000000000004,PD,True,True,False,True
Roshan2016,Adult balanced (Suppl Fig1a),Clone 41,4,4,JF13,11.666666666666664,PP,True,True,False,True
Roshan2016,Adult balanced (Suppl Fig1a),Clone 41,4,4,JF14,13.999999999999998,DD,True,True,False,True
Roshan2016,Adult balanced (Suppl Fig1a),Clone 41,5,5,JF15,13.833333333333337,DD,True,True,False,True
Roshan2016,Adult balanced (Suppl Fig1a),Clone 41,5,5,JF16,12.166666666666664,DD,True,True,False,True
Roshan2016,Adult balanced (Suppl Fig1a),Clone 41,5,5,JF17,10.499999999999996,DD,True,True,False,True
Roshan2016,Adult balanced (Suppl Fig1a),Clone 41,5,5,JF18,12.5,PP,True,True,False,True
Roshan2016,Adult balanced (Suppl Fig1a),Clone 41,6,6,JF19,21.166666666666664,PD,True,True,False,True
Roshan2016,Adult balanced (Suppl Fig1a),Clone 41,6,6,JF20,17.833333333333332,PD,True,True,False,True
Roshan2016,Adult balanced (Suppl Fig1a),Clone 41,7,7,JF21,18.833333333333332,DD,True,True,False,True
Roshan2016,Adult balanced (Suppl Fig1a),Clone 41,7,7,JF22,16.499999999999996,PD,True,True,False,True
Roshan2016,Adult balanced (Suppl Fig1a),Clone 41,8,8,JF23,11.333333333333332,DD,True,True,False,True
Roshan2016,Adult balanced (Suppl Fig1a),Clone 42,1,1,JM4,8,DD,True,True,True,False
Roshan2016,Adult balanced (Suppl Fig1a),Clone 43,1,1,JT4,38.166666666666664,PP,True,True,True,False
Roshan2016,Adult balanced (Suppl Fig1a),Clone 43,2,2,JT5,13.833333333333329,PP,True,True,False,True
Roshan2016,Adult balanced (Suppl Fig1a),Clone 43,2,2,JT6,14.333333333333332,PP,True,True,False,True
Roshan2016,Adult balanced (Suppl Fig1a),Clone 43,3,3,JT7,14,PP,True,True,False,True
Roshan2016,Adult balanced (Suppl Fig1a),Clone 43,3,3,JT8,14.333333333333332,PP,True,True,False,True
Roshan2016,Adult balanced (Suppl Fig1a),Clone 43,3,3,JT9,13.166666666666668,PP,True,True,False,True
Roshan2016,Adult balanced (Suppl Fig1a),Clone 43,3,3,JT10,14.666666666666668,PD,True,True,False,True
Roshan2016,Adult balanced (Suppl Fig1a),Clone 43,4,4,JT11,12.333333333333332,PP,True,True,False,True
Roshan2016,Adult balanced (Suppl Fig1a),Clone 43,4,4,JT12,12.500000000000004,PP,True,True,False,True
Roshan2016,Adult balanced (Suppl Fig1a),Clone 43,4,4,JT13,12,PP,True,True,False,True
Roshan2016,Adult balanced (Suppl Fig1a),Clone 43,4,4,JT14,12.166666666666671,PP,True,True,False,True
Roshan2016,Adult balanced (Suppl Fig1a),Clone 43,4,4,JT15,10.833333333333332,PP,True,True,False,True
Roshan2016,Adult balanced (Suppl Fig1a),Clone 43,4,4,JT16,11.333333333333336,PD,True,True,False,True
Roshan2016,Adult balanced (Suppl Fig1a),Clone 43,4,4,JT17,11.333333333333336,PP,True,True,False,True
Roshan2016,Adult balanced (Suppl Fig1a),Clone 43,5,5,JT18,10.83333333333333,PP,True,True,False,True
Roshan2016,Adult balanced (Suppl Fig1a),Clone 43,5,5,JT19,12.166666666666671,PP,True,True,False,True
Roshan2016,Adult balanced (Suppl Fig1a),Clone 43,5,5,JT20,10.166666666666671,PP,True,True,False,True
Roshan2016,Adult balanced (Suppl Fig1a),Clone 43,5,5,JT21,11.5,PD,True,True,False,True
Roshan2016,Adult balanced (Suppl Fig1a),Clone 43,5,5,JT22,9.666666666666663,PP,True,True,False,True
Roshan2016,Adult balanced (Suppl Fig1a),Clone 43,5,5,JT23,10.166666666666666,PP,True,True,False,True
Roshan2016,Adult balanced (Suppl Fig1a),Clone 43,5,5,JT24,9.666666666666668,PP,True,True,False,True
Roshan2016,Adult balanced (Suppl Fig1a),Clone 43,5,5,JT25,12.000000000000005,PP,True,True,False,True
Roshan2016,Adult balanced (Suppl Fig1a),Clone 43,5,5,JT26,9.833333333333336,PD,True,True,False,True
Roshan2016,Adult balanced (Suppl Fig1a),Clone 43,5,5,JT27,16.833333333333332,PD,True,True,False,True
Roshan2016,Adult balanced (Suppl Fig1a),Clone 43,5,5,JT28,15.333333333333336,PD,True,True,False,True
Roshan2016,Adult balanced (Suppl Fig1a),Clone 43,5,5,JT29,13.333333333333334,PP,True,True,False,True
Roshan2016,Adult balanced (Suppl Fig1a),Clone 43,5,5,JT30,12.333333333333337,PD,True,True,False,True
Roshan2016,Adult balanced (Suppl Fig1a),Clone 43,6,6,JT31,11.16666666666666,PD,True,True,False,True
Roshan2016,Adult balanced (Suppl Fig1a),Clone 43,6,6,JT32,11.333333333333332,DD,True,True,False,True
Roshan2016,Adult balanced (Suppl Fig1a),Clone 43,6,6,JT33,10.666666666666664,DD,True,True,False,True
Roshan2016,Adult balanced (Suppl Fig1a),Clone 43,6,6,JT34,10.833333333333336,PP,True,True,False,True
Roshan2016,Adult balanced (Suppl Fig1a),Clone 43,6,6,JT35,10.666666666666675,PP,True,True,False,True
Roshan2016,Adult balanced (Suppl Fig1a),Clone 43,6,6,JT36,8.49999999999999,PD,True,True,False,True
Roshan2016,Adult balanced (Suppl Fig1a),Clone 43,6,6,JT37,13.666666666666671,DD,True,True,False,True
Roshan2016,Adult balanced (Suppl Fig1a),Clone 43,6,6,JT38,16.666666666666657,DD,True,True,False,True
Roshan2016,Adult balanced (Suppl Fig1a),Clone 43,6,6,JT39,12.666666666666671,DD,True,True,False,True
Roshan2016,Adult balanced (Suppl Fig1a),Clone 43,6,6,JT40,10.166666666666657,PP,True,True,False,True
Roshan2016,Adult balanced (Suppl Fig1a),Clone 43,6,6,JT41,12.166666666666671,DD,True,True,False,True
Roshan2016,Adult balanced (Suppl Fig1a),Clone 43,6,6,JT42,10.49999999999999,PD,True,True,False,True
Roshan2016,Adult balanced (Suppl Fig1a),Clone 43,6,6,JT43,10.49999999999999,PD,True,True,False,True
Roshan2016,Adult balanced (Suppl Fig1a),Clone 43,6,6,JT44,11.999999999999993,PP,True,True,False,True
Roshan2016,Adult balanced (Suppl Fig1a),Clone 43,6,6,JT45,12.500000000000007,PP,True,True,False,True
Roshan2016,Adult balanced (Suppl Fig1a),Clone 43,6,6,JT46,10.666666666666675,DD,True,True,False,True
Roshan2016,Adult balanced (Suppl Fig1a),Clone 43,6,6,JT47,11.166666666666675,PP,True,True,False,True
Roshan2016,Adult balanced (Suppl Fig1a),Clone 43,6,6,JT48,11.66666666666666,PD,True,True,False,True
Roshan2016,Adult balanced (Suppl Fig1a),Clone 43,6,6,JT49,8.83333333333334,PP,True,True,False,True
Roshan2016,Adult balanced (Suppl Fig1a),Clone 43,6,6,JT50,9.999999999999996,DD,True,True,False,True
Roshan2016,Adult balanced (Suppl Fig1a),Clone 43,6,6,JT51,11.66666666666666,PD,True,True,False,True
Roshan2016,Adult balanced (Suppl Fig1a),Clone 43,7,7,JT52,20.000000000000007,PD,True,True,False,True
Roshan2016,Adult balanced (Suppl Fig1a),Clone 43,7,7,JT53,9.83333333333334,PP,True,True,False,True
Roshan2016,Adult balanced (Suppl Fig1a),Clone 43,7,7,JT54,10.16666666666666,PP,True,True,False,True
Roshan2016,Adult balanced (Suppl Fig1a),Clone 43,7,7,JT55,15.00000000000001,PD,True,True,False,True
Roshan2016,Adult balanced (Suppl Fig1a),Clone 43,7,7,JT56,15.500000000000004,PD,True,True,False,True
Roshan2016,Adult balanced (Suppl Fig1a),Clone 43,7,7,JT57,18.666666666666675,PD,True,True,False,True
Roshan2016,Adult balanced (Suppl Fig1a),Clone 43,7,7,JT58,8.999999999999991,PD,True,True,False,True
Roshan2016,Adult balanced (Suppl Fig1a),Clone 43,7,7,JT59,10.833333333333334,DD,True,True,False,True
Roshan2016,Adult balanced (Suppl Fig1a),Clone 43,7,7,JT60,24.16666666666666,PD,True,True,False,True
Roshan2016,Adult balanced (Suppl Fig1a),Clone 43,7,7,JT61,18.833333333333325,PP,True,True,False,True
Roshan2016,Adult balanced (Suppl Fig1a),Clone 43,7,7,JT62,8.999999999999993,DD,True,True,False,True
Roshan2016,Adult balanced (Suppl Fig1a),Clone 43,7,7,JT63,19.499999999999993,PP,True,True,False,True
Roshan2016,Adult balanced (Suppl Fig1a),Clone 43,7,7,JT64,11.333333333333343,PD,True,True,False,True
Roshan2016,Adult balanced (Suppl Fig1a),Clone 43,7,7,JT65,9.000000000000007,PP,True,True,False,True
Roshan2016,Adult balanced (Suppl Fig1a),Clone 43,7,7,JT66,8.333333333333343,DD,True,True,False,True
Roshan2016,Adult balanced (Suppl Fig1a),Clone 43,7,7,JT67,10.333333333333336,PP,True,True,False,True
Roshan2016,Adult balanced (Suppl Fig1a),Clone 43,7,7,JT68,14.666666666666673,PD,True,True,False,True
Roshan2016,Adult balanced (Suppl Fig1a),Clone 43,7,7,JT69,11.333333333333341,PD,True,True,False,True
Roshan2016,Adult balanced (Suppl Fig1a),Clone 43,7,7,JT70,11.333333333333341,PP,True,True,False,True
Roshan2016,Adult balanced (Suppl Fig1a),Clone 43,7,7,JT71,15.166666666666666,PD,True,True,False,True
Roshan2016,Adult balanced (Suppl Fig1a),Clone 43,8,8,JT72,41.33333333333333,PD,True,True,False,True
Roshan2016,Adult balanced (Suppl Fig1a),Clone 43,8,8,JT73,26,PP,True,True,False,True
Roshan2016,Adult balanced (Suppl Fig1a),Clone 43,8,8,JT74,20.333333333333343,PD,True,True,False,True
Roshan2016,Adult balanced (Suppl Fig1a),Clone 43,8,8,JT75,19.833333333333336,PD,True,True,False,True
Roshan2016,Adult balanced (Suppl Fig1a),Clone 43,8,8,JT76,22.666666666666664,PP,True,True,False,True
Roshan2016,Adult balanced (Suppl Fig1a),Clone 43,8,8,JT77,17.499999999999996,DD,True,True,False,True
Roshan2016,Adult balanced (Suppl Fig1a),Clone 43,8,8,JT78,22.333333333333332,PD,True,True,False,True
Roshan2016,Adult balanced (Suppl Fig1a),Clone 43,8,8,JT79,25.66666666666666,DD,True,True,False,True
Roshan2016,Adult balanced (Suppl Fig1a),Clone 43,8,8,JT80,22.49999999999999,PD,True,True,False,True
Roshan2016,Adult balanced (Suppl Fig1a),Clone 43,8,8,JT81,17.000000000000007,PP,True,True,False,True
Roshan2016,Adult balanced (Suppl Fig1a),Clone 43,8,8,JT82,23.5,PP,True,True,False,True
Roshan2016,Adult balanced (Suppl Fig1a),Clone 43,8,8,JT83,23.000000000000007,PP,True,True,False,True
Roshan2016,Adult balanced (Suppl Fig1a),Clone 43,8,8,JT84,17.166666666666657,PD,True,True,False,True
Roshan2016,Adult balanced (Suppl Fig1a),Clone 43,8,8,JT85,19.16666666666667,PP,True,True,False,True
Roshan2016,Adult balanced (Suppl Fig1a),Clone 43,8,8,JT86,16.833333333333332,PP,True,True,False,True
Roshan2016,Adult balanced (Suppl Fig1a),Clone 43,8,8,JT87,29.499999999999996,PP,True,True,False,True
Roshan2016,Adult balanced (Suppl Fig1a),Clone 43,8,8,JT88,24.999999999999996,PD,True,True,False,True
Roshan2016,Adult balanced (Suppl Fig1a),Clone 43,8,8,JT89,23.33333333333334,PP,True,True,False,True
Roshan2016,Adult balanced (Suppl Fig1a),Clone 43,8,8,JT90,18.333333333333325,PP,True,True,False,True
Roshan2016,Adult balanced (Suppl Fig1a),Clone 43,8,8,JT91,18.499999999999996,PD,True,True,False,True
Roshan2016,Adult balanced (Suppl Fig1a),Clone 43,8,8,JT92,16.166666666666664,PP,True,True,False,True
Roshan2016,Adult balanced (Suppl Fig1a),Clone 43,8,8,JT93,17.499999999999993,DD,True,True,False,True
Roshan2016,Adult balanced (Suppl Fig1a),Clone 43,9,9,JT94,18.166666666666657,PP,True,True,False,True
Roshan2016,Adult balanced (Suppl Fig1a),Clone 43,9,9,JT95,21.49999999999999,PP,True,True,False,True
Roshan2016,Adult balanced (Suppl Fig1a),Clone 44,1,1,KA4,0.8333333333333334,DD,True,True,True,False
Roshan2016,Adult balanced (Suppl Fig1a),Clone 45,1,1,KH4,5.833333333333333,PP,True,True,True,False
Roshan2016,Adult balanced (Suppl Fig1a),Clone 45,2,2,KH5,11.166666666666668,PP,True,True,False,True
Roshan2016,Adult balanced (Suppl Fig1a),Clone 45,2,2,KH6,15.166666666666666,PP,True,True,False,True
Roshan2016,Adult balanced (Suppl Fig1a),Clone 45,3,3,KH7,10.499999999999996,PP,True,True,False,True
Roshan2016,Adult balanced (Suppl Fig1a),Clone 45,3,3,KH8,15.5,PP,True,True,False,True
Roshan2016,Adult balanced (Suppl Fig1a),Clone 45,3,3,KH9,12.499999999999998,PP,True,True,False,True
Roshan2016,Adult balanced (Suppl Fig1a),Clone 45,3,3,KH10,18,PD,True,True,False,True
Roshan2016,Adult balanced (Suppl Fig1a),Clone 45,4,4,KH11,9.333333333333336,PP,True,True,False,True
Roshan2016,Adult balanced (Suppl Fig1a),Clone 45,4,4,KH12,11.5,PP,True,True,False,True
Roshan2016,Adult balanced (Suppl Fig1a),Clone 45,4,4,KH13,10.499999999999996,PP,True,True,False,True
Roshan2016,Adult balanced (Suppl Fig1a),Clone 45,4,4,KH14,15.166666666666666,PP,True,True,False,True
Roshan2016,Adult balanced (Suppl Fig1a),Clone 45,4,4,KH15,12.166666666666666,PD,True,True,False,True
Roshan2016,Adult balanced (Suppl Fig1a),Clone 45,4,4,KH16,12.499999999999998,PP,True,True,False,True
Roshan2016,Adult balanced (Suppl Fig1a),Clone 45,4,4,KH17,12.166666666666671,DD,True,True,False,True
Roshan2016,Adult balanced (Suppl Fig1a),Clone 45,5,5,KH18,10.333333333333332,PP,True,True,False,True
Roshan2016,Adult balanced (Suppl Fig1a),Clone 45,5,5,KH19,11.33333333333334,PD,True,True,False,True
Roshan2016,Adult balanced (Suppl Fig1a),Clone 45,5,5,KH20,12.166666666666671,PD,True,True,False,True
Roshan2016,Adult balanced (Suppl Fig1a),Clone 45,5,5,KH21,12.833333333333336,PP,True,True,False,True
Roshan2016,Adult balanced (Suppl Fig1a),Clone 45,5,5,KH22,9.833333333333332,PP,True,True,False,True
Roshan2016,Adult balanced (Suppl Fig1a),Clone 45,5,5,KH23,14.500000000000004,PP,True,True,False,True
Roshan2016,Adult balanced (Suppl Fig1a),Clone 45,5,5,KH24,9.666666666666664,PD,True,True,False,True
Roshan2016,Adult balanced (Suppl Fig1a),Clone 45,5,5,KH25,9.999999999999996,PD,True,True,False,True
Roshan2016,Adult balanced (Suppl Fig1a),Clone 45,5,5,KH26,12.166666666666668,PP,True,True,False,True
Roshan2016,Adult balanced (Suppl Fig1a),Clone 45,5,5,KH27,11.833333333333336,PP,True,True,False,True
Roshan2016,Adult balanced (Suppl Fig1a),Clone 45,5,5,KH28,13.166666666666664,PP,True,True,False,True
Roshan2016,Adult balanced (Suppl Fig1a),Clone 45,6,6,KH29,10.333333333333336,PP,True,True,False,True
Roshan2016,Adult balanced (Suppl Fig1a),Clone 45,6,6,KH30,13.666666666666668,PP,True,True,False,True
Roshan2016,Adult balanced (Suppl Fig1a),Clone 45,6,6,KH31,17.16666666666667,DD,True,True,False,True
Roshan2016,Adult balanced (Suppl Fig1a),Clone 45,6,6,KH32,18.166666666666664,DD,True,True,False,True
Roshan2016,Adult balanced (Suppl Fig1a),Clone 45,6,6,KH33,18.83333333333334,DD,True,True,False,True
Roshan2016,Adult balanced (Suppl Fig1a),Clone 45,6,6,KH34,19.333333333333332,DD,True,True,False,True
Roshan2016,Adult balanced (Suppl Fig1a),Clone 45,6,6,KH35,12.833333333333336,PP,True,True,False,True
Roshan2016,Adult balanced (Suppl Fig1a),Clone 45,6,6,KH36,16.33333333333334,PP,True,True,False,True
Roshan2016,Adult balanced (Suppl Fig1a),Clone 45,6,6,KH37,14.666666666666673,DD,True,True,False,True
Roshan2016,Adult balanced (Suppl Fig1a),Clone 45,6,6,KH38,18.66666666666667,PD,True,True,False,True
Roshan2016,Adult balanced (Suppl Fig1a),Clone 45,6,6,KH39,14.666666666666668,PD,True,True,False,True
Roshan2016,Adult balanced (Suppl Fig1a),Clone 45,6,6,KH40,8.500000000000005,PP,True,True,False,True
Roshan2016,Adult balanced (Suppl Fig1a),Clone 45,6,6,KH41,15.16666666666666,PP,True,True,False,True
Roshan2016,Adult balanced (Suppl Fig1a),Clone 45,6,6,KH42,16.166666666666668,DD,True,True,False,True
Roshan2016,Adult balanced (Suppl Fig1a),Clone 45,6,6,KH43,17.166666666666664,DD,True,True,False,True
Roshan2016,Adult balanced (Suppl Fig1a),Clone 45,6,6,KH44,18.333333333333332,PP,True,True,False,True
Roshan2016,Adult balanced (Suppl Fig1a),Clone 45,6,6,KH45,12.833333333333336,PD,True,True,False,True
Roshan2016,Adult balanced (Suppl Fig1a),Clone 45,6,6,KH46,15,PD,True,True,False,True
Roshan2016,Adult balanced (Suppl Fig1a),Clone 45,7,7,KH47,22.666666666666664,PP,True,True,False,True
Roshan2016,Adult balanced (Suppl Fig1a),Clone 45,7,7,KH48,13.666666666666666,PP,True,True,False,True
Roshan2016,Adult balanced (Suppl Fig1a),Clone 45,7,7,KH49,14.33333333333334,PP,True,True,False,True
Roshan2016,Adult balanced (Suppl Fig1a),Clone 45,7,7,KH50,17.5,PP,True,True,False,True
Roshan2016,Adult balanced (Suppl Fig1a),Clone 45,7,7,KH51,19.33333333333333,PD,True,True,False,True
Roshan2016,Adult balanced (Suppl Fig1a),Clone 45,7,7,KH52,20.333333333333336,PD,True,True,False,True
Roshan2016,Adult balanced (Suppl Fig1a),Clone 45,7,7,KH53,21.000000000000004,PP,True,True,False,True
Roshan2016,Adult balanced (Suppl Fig1a),Clone 45,7,7,KH54,24,DD,True,True,False,True
Roshan2016,Adult balanced (Suppl Fig1a),Clone 45,7,7,KH55,14.499999999999996,PP,True,True,False,True
Roshan2016,Adult balanced (Suppl Fig1a),Clone 45,7,7,KH56,18.16666666666667,DD,True,True,False,True
Roshan2016,Adult balanced (Suppl Fig1a),Clone 45,7,7,KH57,15.666666666666668,PP,True,True,False,True
Roshan2016,Adult balanced (Suppl Fig1a),Clone 45,7,7,KH58,17.833333333333332,DD,True,True,False,True
Roshan2016,Adult balanced (Suppl Fig1a),Clone 45,7,7,KH59,19.000000000000004,PP,True,True,False,True
Roshan2016,Adult balanced (Suppl Fig1a),Clone 45,7,7,KH60,19.83333333333333,PD,True,True,False,True
Roshan2016,Adult balanced (Suppl Fig1a),Clone 45,7,7,KH61,20.83333333333334,PP,True,True,False,True
Roshan2016,Adult balanced (Suppl Fig1a),Clone 45,7,7,KH62,23.000000000000004,PP,True,True,False,True
Roshan2016,Adult balanced (Suppl Fig1a),Clone 45,7,7,KH63,21,DD,True,True,False,True
Roshan2016,Adult balanced (Suppl Fig1a),Clone 45,7,7,KH64,16.166666666666664,DD,True,True,False,True
Roshan2016,Adult balanced (Suppl Fig1a),Clone 45,8,8,KH65,20.333333333333336,PP,True,True,False,True
Roshan2016,Adult balanced (Suppl Fig1a),Clone 45,8,8,KH66,19.000000000000007,PP,True,True,False,True
Roshan2016,Adult balanced (Suppl Fig1a),Clone 45,8,8,KH67,17.999999999999996,PP,True,True,False,True
Roshan2016,Adult balanced (Suppl Fig1a),Clone 45,8,8,KH68,19.000000000000004,PD,True,True,False,True
Roshan2016,Adult balanced (Suppl Fig1a),Clone 45,8,8,KH69,20.833333333333336,PP,True,True,False,True
Roshan2016,Adult balanced (Suppl Fig1a),Clone 45,8,8,KH70,21.16666666666668,DD,True,True,False,True
Roshan2016,Adult balanced (Suppl Fig1a),Clone 45,8,8,KH71,16.833333333333332,PP,True,True,False,True
Roshan2016,Adult balanced (Suppl Fig1a),Clone 45,8,8,KH72,16.66666666666667,DD,True,True,False,True
Roshan2016,Adult balanced (Suppl Fig1a),Clone 45,8,8,KH73,20,PP,True,True,False,True
Roshan2016,Adult balanced (Suppl Fig1a),Clone 45,8,8,KH74,17.999999999999996,PP,True,True,False,True
Roshan2016,Adult balanced (Suppl Fig1a),Clone 45,8,8,KH75,25.33333333333333,DD,True,True,False,True
Roshan2016,Adult balanced (Suppl Fig1a),Clone 45,8,8,KH76,24.499999999999993,DD,True,True,False,True
Roshan2016,Adult balanced (Suppl Fig1a),Clone 45,8,8,KH77,14.166666666666664,PD,True,True,False,True
Roshan2016,Adult balanced (Suppl Fig1a),Clone 45,8,8,KH78,14.333333333333336,PP,True,True,False,True
Roshan2016,Adult balanced (Suppl Fig1a),Clone 45,8,8,KH79,24.833333333333336,DD,True,True,False,True
Roshan2016,Adult balanced (Suppl Fig1a),Clone 45,8,8,KH80,29,PP,True,True,False,True
Roshan2016,Adult balanced (Suppl Fig1a),Clone 45,8,8,KH81,10.166666666666664,DD,True,True,False,True
Roshan2016,Adult balanced (Suppl Fig1a),Clone 45,8,8,KH82,20,DD,True,True,False,True
Roshan2016,Adult balanced (Suppl Fig1a),Clone 45,8,8,KH83,17,PD,True,True,False,True
Roshan2016,Adult balanced (Suppl Fig1a),Clone 45,8,8,KH84,19.5,DD,True,True,False,True
Roshan2016,Adult balanced (Suppl Fig1a),Clone 45,8,8,KH85,19.66666666666667,PD,True,True,False,True
Roshan2016,Adult balanced (Suppl Fig1a),Clone 45,8,8,KH86,23,DD,True,True,False,True
Roshan2016,Adult balanced (Suppl Fig1a),Clone 45,8,8,KH87,21.000000000000007,PD,True,True,False,True
Roshan2016,Adult balanced (Suppl Fig1a),Clone 45,9,9,KH88,16.166666666666675,PP,True,True,False,True
Roshan2016,Adult balanced (Suppl Fig1a),Clone 45,9,9,KH89,19.000000000000004,DD,True,True,False,True
Roshan2016,Adult balanced (Suppl Fig1a),Clone 45,9,9,KH90,23.166666666666668,PP,True,True,False,True
Roshan2016,Adult balanced (Suppl Fig1a),Clone 45,9,9,KH91,19.5,DD,True,True,False,True
Roshan2016,Adult balanced (Suppl Fig1a),Clone 45,9,9,KH92,23.166666666666664,PP,True,True,False,True
Roshan2016,Adult balanced (Suppl Fig1a),Clone 45,9,9,KH93,16.99999999999999,DD,True,True,False,True
Roshan2016,Adult balanced (Suppl Fig1a),Clone 45,9,9,KH94,16.166666666666675,PD,True,True,False,True
Roshan2016,Adult balanced (Suppl Fig1a),Clone 46,1,1,KO4,3.666666666666666,PP,True,True,True,False
Roshan2016,Adult balanced (Suppl Fig1a),Clone 46,2,2,KO5,15.5,DD,True,True,False,True
Roshan2016,Adult balanced (Suppl Fig1a),Clone 46,2,2,KO6,17.666666666666664,PD,True,True,False,True
Roshan2016,Adult balanced (Suppl Fig1a),Clone 46,3,3,KO7,15,DD,True,True,False,True
Roshan2016,Adult balanced (Suppl Fig1a),Clone 47,1,1,KV4,55.83333333333333,DD,True,True,True,False
Roshan2016,Adult balanced (Suppl Fig1a),Clone 48,1,1,LC4,2,PP,True,True,True,False
Roshan2016,Adult balanced (Suppl Fig1a),Clone 48,2,2,LC5,17.33333333333333,PP,True,True,False,True
Roshan2016,Adult balanced (Suppl Fig1a),Clone 48,2,2,LC6,18,PD,True,True,False,True
Roshan2016,Adult balanced (Suppl Fig1a),Clone 48,3,3,LC7,11.333333333333332,DD,True,True,False,True
Roshan2016,Adult balanced (Suppl Fig1a),Clone 48,3,3,LC8,15.833333333333332,DD,True,True,False,True
Roshan2016,Adult balanced (Suppl Fig1a),Clone 48,3,3,LC9,16,DD,True,True,False,True
Roshan2016,Adult balanced (Suppl Fig1a),Clone 49,1,1,LJ4,23.166666666666668,PP,True,True,True,False
Roshan2016,Adult balanced (Suppl Fig1a),Clone 49,2,2,LJ5,13.499999999999996,PP,True,True,False,True
Roshan2016,Adult balanced (Suppl Fig1a),Clone 49,2,2,LJ6,18.33333333333333,DD,True,True,False,True
Roshan2016,Adult balanced (Suppl Fig1a),Clone 49,3,3,LJ7,10.833333333333329,PD,True,True,False,True
Roshan2016,Adult balanced (Suppl Fig1a),Clone 49,3,3,LJ8,13.499999999999996,DD,True,True,False,True
Roshan2016,Adult balanced (Suppl Fig1a),Clone 49,4,4,LJ9,13.833333333333329,DD,True,True,False,True
Roshan2016,Adult balanced (Suppl Fig1a),Clone 50,1,1,LQ4,4.833333333333333,PP,True,True,True,False
Roshan2016,Adult balanced (Suppl Fig1a),Clone 50,2,2,LQ5,15,PP,True,True,False,True
Roshan2016,Adult balanced (Suppl Fig1a),Clone 50,2,2,LQ6,26.16666666666667,PD,True,True,False,True
Roshan2016,Adult balanced (Suppl Fig1a),Clone 50,3,3,LQ7,22.166666666666668,PP,True,True,False,True
Roshan2016,Adult balanced (Suppl Fig1a),Clone 50,3,3,LQ8,22.66666666666667,PP,True,True,False,True
Roshan2016,Adult balanced (Suppl Fig1a),Clone 50,3,3,LQ9,14.999999999999995,PP,True,True,False,True
Roshan2016,Adult balanced (Suppl Fig1a),Clone 50,4,4,LQ10,16.5,PD,True,True,False,True
Roshan2016,Adult balanced (Suppl Fig1a),Clone 50,4,4,LQ11,20.83333333333333,PP,True,True,False,True
Roshan2016,Adult balanced (Suppl Fig1a),Clone 50,4,4,LQ12,19.16666666666667,PP,True,True,False,True
Roshan2016,Adult balanced (Suppl Fig1a),Clone 50,4,4,LQ13,22,PD,True,True,False,True
Roshan2016,Adult balanced (Suppl Fig1a),Clone 50,4,4,LQ14,18.833333333333332,PD,True,True,False,True
Roshan2016,Adult balanced (Suppl Fig1a),Clone 50,4,4,LQ15,7.8333333333333295,PD,True,True,False,True
Roshan2016,Adult balanced (Suppl Fig1a),Clone 50,5,5,LQ16,14.833333333333329,PP,True,True,False,True
Roshan2016,Adult balanced (Suppl Fig1a),Clone 50,5,5,LQ17,21.166666666666664,PD,True,True,False,True
Roshan2016,Adult balanced (Suppl Fig1a),Clone 50,5,5,LQ18,10.999999999999998,PD,True,True,False,True
Roshan2016,Adult balanced (Suppl Fig1a),Clone 50,5,5,LQ19,12.66666666666667,DD,True,True,False,True
Roshan2016,Adult balanced (Suppl Fig1a),Clone 50,5,5,LQ20,13.166666666666663,PP,True,True,False,True
Roshan2016,Adult balanced (Suppl Fig1a),Clone 50,5,5,LQ21,17.499999999999996,PD,True,True,False,True
Roshan2016,Adult balanced (Suppl Fig1a),Clone 50,5,5,LQ22,19.66666666666667,PD,True,True,False,True
Roshan2016,Adult balanced (Suppl Fig1a),Clone 50,5,5,LQ23,13.000000000000002,DD,True,True,False,True
Roshan2016,Adult balanced (Suppl Fig1a),Clone 50,6,6,LQ24,21.333333333333336,PP,True,True,False,True
Roshan2016,Adult balanced (Suppl Fig1a),Clone 50,6,6,LQ25,19.833333333333336,PP,True,True,False,True
Roshan2016,Adult balanced (Suppl Fig1a),Clone 50,6,6,LQ26,16.166666666666657,PP,True,True,False,True
Roshan2016,Adult balanced (Suppl Fig1a),Clone 50,6,6,LQ27,14.333333333333336,PD,True,True,False,True
Roshan2016,Adult balanced (Suppl Fig1a),Clone 50,6,6,LQ28,19.499999999999993,PP,True,True,False,True
Roshan2016,Adult balanced (Suppl Fig1a),Clone 50,6,6,LQ29,17,PD,True,True,False,True
Roshan2016,Adult balanced (Suppl Fig1a),Clone 50,6,6,LQ30,6.5,PP,True,True,False,True
Roshan2016,Adult balanced (Suppl Fig1a),Clone 50,6,6,LQ31,5.499999999999999,PP,True,True,False,True
Roshan2016,Adult balanced (Suppl Fig1a),Clone 50,7,7,LQ32,22.500000000000004,PP,True,True,False,True
Roshan2016,Adult balanced (Suppl Fig1a),Clone 50,7,7,LQ33,21.333333333333325,DD,True,True,False,True
Roshan2016,Adult balanced (Suppl Fig1a),Clone 50,7,7,LQ34,21.99999999999999,PD,True,True,False,True
Roshan2016,Adult balanced (Suppl Fig1a),Clone 50,7,7,LQ35,24,DD,True,True,False,True
Roshan2016,Adult balanced (Suppl Fig1a),Clone 50,7,7,LQ36,18.999999999999996,PP,True,True,False,True
Roshan2016,Adult balanced (Suppl Fig1a),Clone 50,7,7,LQ37,17.99999999999999,PD,True,True,False,True
Roshan2016,Adult balanced (Suppl Fig1a),Clone 50,7,7,LQ38,24.999999999999996,DD,True,True,False,True
Roshan2016,Adult balanced (Suppl Fig1a),Clone 50,7,7,LQ39,18.833333333333332,PP,True,True,False,True
Roshan2016,Adult balanced (Suppl Fig1a),Clone 50,7,7,LQ40,20.00000000000001,PD,True,True,False,True
Roshan2016,Adult balanced (Suppl Fig1a),Clone 50,7,7,LQ41,25.33333333333334,PP,True,True,False,True
Roshan2016,Adult balanced (Suppl Fig1a),Clone 50,7,7,LQ42,30.666666666666664,PP,True,True,False,True
Roshan2016,Adult balanced (Suppl Fig1a),Clone 50,7,7,LQ43,27.666666666666664,PD,True,True,False,True
Roshan2016,Adult balanced (Suppl Fig1a),Clone 50,7,7,LQ44,26.166666666666664,PD,True,True,False,True
Roshan2016,Adult balanced (Suppl Fig1a),Clone 50,7,7,LQ45,18.16666666666667,PP,True,True,False,True
Roshan2016,Adult balanced (Suppl Fig1a),Clone 50,8,8,LQ46,19.999999999999996,PD,True,True,False,True
Roshan2016,Adult balanced (Suppl Fig1a),Clone 50,8,8,LQ47,18.99999999999999,DD,True,True,False,True
Roshan2016,Adult balanced (Suppl Fig1a),Clone 50,8,8,LQ48,16.33333333333334,PP,True,True,False,True
Roshan2016,Adult balanced (Suppl Fig1a),Clone 50,8,8,LQ49,13.499999999999996,PD,True,True,False,True
Roshan2016,Adult balanced (Suppl Fig1a),Clone 50,8,8,LQ50,17.999999999999996,PP,True,True,False,True
Roshan2016,Adult balanced (Suppl Fig1a),Clone 50,8,8,LQ51,13.33333333333334,PD,True,True,False,True
Roshan2016,Adult balanced (Suppl Fig1a),Clone 50,8,8,LQ52,24.833333333333336,DD,True,True,False,True
Roshan2016,Adult balanced (Suppl Fig1a),Clone 50,8,8,LQ53,19.99999999999999,PP,True,True,False,True
Roshan2016,Adult balanced (Suppl Fig1a),Clone 50,8,8,LQ54,18.833333333333325,DD,True,True,False,True
Roshan2016,Adult balanced (Suppl Fig1a),Clone 50,8,8,LQ55,16.999999999999996,PD,True,True,False,True
Roshan2016,Adult balanced (Suppl Fig1a),Clone 50,8,8,LQ56,13.833333333333325,DD,True,True,False,True
Roshan2016,Adult balanced (Suppl Fig1a),Clone 50,8,8,LQ57,14.999999999999996,PP,True,True,False,True
Roshan2016,Adult balanced (Suppl Fig1a),Clone 50,8,8,LQ58,14.666666666666675,PD,True,True,False,True
Roshan2016,Adult balanced (Suppl Fig1a),Clone 50,8,8,LQ59,20.999999999999996,DD,True,True,False,True
Roshan2016,Adult balanced (Suppl Fig1a),Clone 50,8,8,LQ60,13.000000000000004,PP,True,True,False,True
Roshan2016,Adult balanced (Suppl Fig1a),Clone 50,8,8,LQ61,18.999999999999993,PD,True,True,False,True
Roshan2016,Adult balanced (Suppl Fig1a),Clone 50,8,8,LQ62,18.000000000000007,DD,True,True,False,True
Roshan2016,Adult balanced (Suppl Fig1a),Clone 50,9,9,LQ63,16.83333333333334,PP,True,True,False,True
Roshan2016,Adult balanced (Suppl Fig1a),Clone 50,9,9,LQ64,13.833333333333327,PP,True,True,False,True
Roshan2016,Adult balanced (Suppl Fig1a),Clone 50,9,9,LQ65,17.499999999999993,PD,True,True,False,True
Roshan2016,Adult balanced (Suppl Fig1a),Clone 50,9,9,LQ66,13.499999999999996,PP,True,True,False,True
Roshan2016,Adult balanced (Suppl Fig1a),Clone 50,9,9,LQ67,9.833333333333332,PP,True,True,False,True
Roshan2016,Adult balanced (Suppl Fig1a),Clone 50,9,9,LQ68,7.99999999999999,PD,True,True,False,True
Roshan2016,Adult balanced (Suppl Fig1a),Clone 50,9,9,LQ69,33.5,PP,True,True,False,True
Roshan2016,Adult balanced (Suppl Fig1a),Clone 50,9,9,LQ70,23.000000000000007,DD,True,True,False,True
Roshan2016,Adult balanced (Suppl Fig1a),Clone 50,9,9,LQ71,25.33333333333334,PP,True,True,False,True
Roshan2016,Adult balanced (Suppl Fig1a),Clone 50,9,9,LQ72,30.833333333333336,PD,True,True,False,True
Roshan2016,Adult balanced (Suppl Fig1a),Clone 50,9,9,LQ73,20.999999999999996,PP,True,True,False,True
Roshan2016,Adult balanced (Suppl Fig1a),Clone 50,9,9,LQ74,18.833333333333332,PD,True,True,False,True
Roshan2016,Adult balanced (Suppl Fig1a),Clone 50,9,9,LQ75,17.33333333333332,DD,True,True,False,True
Roshan2016,Adult balanced (Suppl Fig1a),Clone 50,9,9,LQ76,24.833333333333343,PP,True,True,False,True
Roshan2016,Adult balanced (Suppl Fig1a),Clone 50,9,9,LQ77,26,PP,True,True,False,True
Roshan2016,Adult balanced (Suppl Fig1a),Clone 50,9,9,LQ78,27.666666666666675,DD,True,True,False,True
Roshan2016,Adult balanced (Suppl Fig1a),Clone 51,1,1,LX4,20.166666666666668,PP,True,True,True,False
Roshan2016,Adult balanced (Suppl Fig1a),Clone 51,2,2,LX5,12.166666666666668,PD,True,True,False,True
Roshan2016,Adult balanced (Suppl Fig1a),Clone 51,2,2,LX6,12.666666666666668,DD,True,True,False,True
Roshan2016,Adult balanced (Suppl Fig1a),Clone 51,3,3,LX7,12.333333333333332,DD,True,True,False,True
Roshan2016,Adult balanced (Suppl Fig1a),Clone 52,1,1,ME4,10,DD,True,True,True,False
Roshan2016,Adult balanced (Suppl Fig1a),Clone 53,1,1,ML4,25,DD,True,True,True,False
Roshan2016,Adult expanding (Suppl Fig1b),Clone 6,1,1,G4,8,PP,True,True,True,False
Roshan2016,Adult expanding (Suppl Fig1b),Clone 6,2,2,G5,11.5,PP,True,True,False,True
Roshan2016,Adult expanding (Suppl Fig1b),Clone 6,2,2,G6,16.333333333333336,PP,True,True,False,True
Roshan2016,Adult expanding (Suppl Fig1b),Clone 6,3,3,G7,10.166666666666668,PP,True,True,False,True
Roshan2016,Adult expanding (Suppl Fig1b),Clone 6,3,3,G8,10.333333333333334,PP,True,True,False,True
Roshan2016,Adult expanding (Suppl Fig1b),Clone 6,3,3,G9,9.666666666666668,PP,True,True,False,True
Roshan2016,Adult expanding (Suppl Fig1b),Clone 6,3,3,G10,13.5,PP,True,True,False,True
Roshan2016,Adult expanding (Suppl Fig1b),Clone 6,4,4,G11,9,PP,True,True,False,True
Roshan2016,Adult expanding (Suppl Fig1b),Clone 6,4,4,G12,9.333333333333332,PP,True,True,False,True
Roshan2016,Adult expanding (Suppl Fig1b),Clone 6,4,4,G13,10.333333333333334,PP,True,True,False,True
Roshan2016,Adult expanding (Suppl Fig1b),Clone 6,4,4,G14,12.166666666666666,PD,True,True,False,True
Roshan2016,Adult expanding (Suppl Fig1b),Clone 6,4,4,G15,10.333333333333336,PP,True,True,False,True
Roshan2016,Adult expanding (Suppl Fig1b),Clone 6,4,4,G16,11.500000000000004,PP,True,True,False,True
Roshan2016,Adult expanding (Suppl Fig1b),Clone 6,4,4,G17,10.333333333333336,PP,True,True,False,True
Roshan2016,Adult expanding (Suppl Fig1b),Clone 6,4,4,G18,10.666666666666668,PP,True,True,False,True
Roshan2016,Adult expanding (Suppl Fig1b),Clone 6,5,5,G19,11.5,PP,True,True,False,True
Roshan2016,Adult expanding (Suppl Fig1b),Clone 6,5,5,G20,12.500000000000007,PP,True,True,False,True
Roshan2016,Adult expanding (Suppl Fig1b),Clone 6,5,5,G21,11.166666666666664,PP,True,True,False,True
Roshan2016,Adult expanding (Suppl Fig1b),Clone 6,5,5,G22,11.833333333333329,PP,True,True,False,True
Roshan2016,Adult expanding (Suppl Fig1b),Clone 6,5,5,G23,9.999999999999996,PP,True,True,False,True
Roshan2016,Adult expanding (Suppl Fig1b),Clone 6,5,5,G24,12.833333333333336,PP,True,True,False,True
Roshan2016,Adult expanding (Suppl Fig1b),Clone 6,5,5,G25,12.500000000000004,PP,True,True,False,True
Roshan2016,Adult expanding (Suppl Fig1b),Clone 6,5,5,G26,9.499999999999996,PP,True,True,False,True
Roshan2016,Adult expanding (Suppl Fig1b),Clone 6,5,5,G27,9.83333333333334,PP,True,True,False,True
Roshan2016,Adult expanding (Suppl Fig1b),Clone 6,5,5,G28,9.499999999999996,PP,True,True,False,True
Roshan2016,Adult expanding (Suppl Fig1b),Clone 6,5,5,G29,10.333333333333332,PP,True,True,False,True
Roshan2016,Adult expanding (Suppl Fig1b),Clone 6,5,5,G30,16.833333333333336,PP,True,True,False,True
Roshan2016,Adult expanding (Suppl Fig1b),Clone 6,5,5,G31,18.000000000000007,PP,True,True,False,True
Roshan2016,Adult expanding (Suppl Fig1b),Clone 6,5,5,G32,9.333333333333336,PP,True,True,False,True
Roshan2016,Adult expanding (Suppl Fig1b),Clone 6,5,5,G33,9.666666666666668,PP,True,True,False,True
Roshan2016,Adult expanding (Suppl Fig1b),Clone 6,6,6,G34,7.666666666666669,PP,True,True,False,True
Roshan2016,Adult expanding (Suppl Fig1b),Clone 6,6,6,G35,8,PP,True,True,False,True
Roshan2016,Adult expanding (Suppl Fig1b),Clone 6,6,6,G36,13.833333333333337,PP,True,True,False,True
Roshan2016,Adult expanding (Suppl Fig1b),Clone 6,6,6,G37,14.500000000000002,PP,True,True,False,True
Roshan2016,Adult expanding (Suppl Fig1b),Clone 6,6,6,G38,14,PP,True,True,False,True
Roshan2016,Adult expanding (Suppl Fig1b),Clone 6,6,6,G39,14.833333333333336,PP,True,True,False,True
Roshan2016,Adult expanding (Suppl Fig1b),Clone 6,6,6,G40,10.833333333333337,PP,True,True,False,True
Roshan2016,Adult expanding (Suppl Fig1b),Clone 6,6,6,G41,14.16666666666667,PP,True,True,False,True
Roshan2016,Adult expanding (Suppl Fig1b),Clone 6,6,6,G42,9.166666666666668,PP,True,True,False,True
Roshan2016,Adult expanding (Suppl Fig1b),Clone 6,6,6,G43,10.166666666666664,PP,True,True,False,True
Roshan2016,Adult expanding (Suppl Fig1b),Clone 6,6,6,G44,11.166666666666668,PP,True,True,False,True
Roshan2016,Adult expanding (Suppl Fig1b),Clone 6,6,6,G45,11.833333333333332,PP,True,True,False,True
Roshan2016,Adult expanding (Suppl Fig1b),Clone 6,6,6,G46,13.333333333333334,PP,True,True,False,True
Roshan2016,Adult expanding (Suppl Fig1b),Clone 6,6,6,G47,13.999999999999998,PP,True,True,False,True
Roshan2016,Adult expanding (Suppl Fig1b),Clone 6,6,6,G48,14.833333333333334,PP,True,True,False,True
Roshan2016,Adult expanding (Suppl Fig1b),Clone 6,6,6,G49,21.166666666666664,PP,True,True,False,True
Roshan2016,Adult expanding (Suppl Fig1b),Clone 6,6,6,G50,24.166666666666664,PP,True,True,False,True
Roshan2016,Adult expanding (Suppl Fig1b),Clone 6,6,6,G51,25.500000000000007,PP,True,True,False,True
Roshan2016,Adult expanding (Suppl Fig1b),Clone 6,6,6,G52,9.833333333333332,PP,True,True,False,True
Roshan2016,Adult expanding (Suppl Fig1b),Clone 6,6,6,G53,10.666666666666668,PP,True,True,False,True
Roshan2016,Adult expanding (Suppl Fig1b),Clone 6,6,6,G54,9.16666666666667,PP,True,True,False,True
Roshan2016,Adult expanding (Suppl Fig1b),Clone 6,6,6,G55,19.166666666666668,PP,True,True,False,True
Roshan2016,Adult expanding (Suppl Fig1b),Clone 6,6,6,G56,5.499999999999999,PP,True,True,False,True
Roshan2016,Adult expanding (Suppl Fig1b),Clone 6,6,6,G57,10.500000000000004,PP,True,True,False,True
Roshan2016,Adult expanding (Suppl Fig1b),Clone 6,6,6,G58,8.833333333333332,PP,True,True,False,True
Roshan2016,Adult expanding (Suppl Fig1b),Clone 6,6,6,G59,10.16666666666666,PP,True,True,False,True
Roshan2016,Adult expanding (Suppl Fig1b),Clone 6,6,6,G60,9.499999999999995,PP,True,True,False,True
Roshan2016,Adult expanding (Suppl Fig1b),Clone 6,6,6,G61,9.833333333333337,PP,True,True,False,True
Roshan2016,Adult expanding (Suppl Fig1b),Clone 6,6,6,G62,9.000000000000002,PP,True,True,False,True
Roshan2016,Adult expanding (Suppl Fig1b),Clone 6,6,6,G63,9.166666666666663,PP,True,True,False,True
Roshan2016,Adult expanding (Suppl Fig1b),Clone 6,D4,D4,G69,,Div,False,False,False,False
Roshan2016,Adult expanding (Suppl Fig1b),Clone 6,1,1,G71,13.333333333333329,PP,True,True,True,False
Roshan2016,Adult expanding (Suppl Fig1b),Clone 6,1,1,G72,13.5,PP,True,True,True,False
Roshan2016,Adult expanding (Suppl Fig1b),Clone 6,1,1,G73,8.833333333333323,PP,True,True,True,False
Roshan2016,Adult expanding (Suppl Fig1b),Clone 6,1,1,G74,27.166666666666664,PP,True,True,True,False
Roshan2016,Adult expanding (Suppl Fig1b),Clone 6,1,1,G75,18,PP,True,True,True,False
Roshan2016,Adult expanding (Suppl Fig1b),Clone 6,1,1,G76,18,PP,True,True,True,False
Roshan2016,Adult expanding (Suppl Fig1b),Clone 6,1,1,G77,13.833333333333332,PD,True,True,True,False
Roshan2016,Adult expanding (Suppl Fig1b),Clone 6,1,1,G78,17.99999999999999,PP,True,True,True,False
Roshan2016,Adult expanding (Suppl Fig1b),Clone 6,1,1,G79,7.5,PP,True,True,True,False
Roshan2016,Adult expanding (Suppl Fig1b),Clone 6,1,1,G80,14.833333333333329,PP,True,True,True,False
Roshan2016,Adult expanding (Suppl Fig1b),Clone 6,1,1,G81,18.666666666666664,PP,True,True,True,False
Roshan2016,Adult expanding (Suppl Fig1b),Clone 6,1,1,G82,22.33333333333333,PD,True,True,True,False
Roshan2016,Adult expanding (Suppl Fig1b),Clone 6,1,1,G83,14.500000000000007,PP,True,True,True,False
Roshan2016,Adult expanding (Suppl Fig1b),Clone 6,1,1,G84,17.333333333333336,PP,True,True,True,False
Roshan2016,Adult expanding (Suppl Fig1b),Clone 6,1,1,G85,24.333333333333343,PP,True,True,True,False
Roshan2016,Adult expanding (Suppl Fig1b),Clone 6,1,1,G86,12.16666666666666,PP,True,True,True,False
Roshan2016,Adult expanding (Suppl Fig1b),Clone 6,1,1,G87,15.16666666666666,PP,True,True,True,False
Roshan2016,Adult expanding (Suppl Fig1b),Clone 6,1,1,G88,13.5,PP,True,True,True,False
Roshan2016,Adult expanding (Suppl Fig1b),Clone 6,1,1,G89,21.333333333333343,PP,True,True,True,False
Roshan2016,Adult expanding (Suppl Fig1b),Clone 6,1,1,G90,17.166666666666657,PP,True,True,True,False
Roshan2016,Adult expanding (Suppl Fig1b),Clone 6,1,1,G91,21.666666666666657,PP,True,True,True,False
Roshan2016,Adult expanding (Suppl Fig1b),Clone 6,1,1,G92,21.833333333333332,PP,True,True,True,False
Roshan2016,Adult expanding (Suppl Fig1b),Clone 6,1,1,G93,17.333333333333332,PP,True,True,True,False
Roshan2016,Adult expanding (Suppl Fig1b),Clone 6,1,1,G94,18.500000000000007,PP,True,True,True,False
Roshan2016,Adult expanding (Suppl Fig1b),Clone 6,1,1,G95,10.666666666666657,PP,True,True,True,False
Roshan2016,Adult expanding (Suppl Fig1b),Clone 6,1,1,G96,15.999999999999993,PP,True,True,True,False
Roshan2016,Adult expanding (Suppl Fig1b),Clone 6,1,1,G97,24.16666666666667,PP,True,True,True,False
Roshan2016,Adult expanding (Suppl Fig1b),Clone 6,1,1,G98,13.500000000000004,PP,True,True,True,False
Roshan2016,Adult expanding (Suppl Fig1b),Clone 6,2,2,G99,12.166666666666675,PP,True,True,False,True
Roshan2016,Adult expanding (Suppl Fig1b),Clone 6,2,2,G100,12.499999999999996,PP,True,True,False,True
Roshan2016,Adult expanding (Suppl Fig1b),Clone 6,2,2,G101,18.166666666666657,PP,True,True,False,True
Roshan2016,Adult expanding (Suppl Fig1b),Clone 6,2,2,G102,19.83333333333333,PP,True,True,False,True
Roshan2016,Adult expanding (Suppl Fig1b),Clone 6,2,2,G103,23.999999999999993,PP,True,True,False,True
Roshan2016,Adult expanding (Suppl Fig1b),Clone 6,2,2,G104,22.499999999999993,PP,True,True,False,True
Roshan2016,Adult expanding (Suppl Fig1b),Clone 6,2,2,G105,13.833333333333332,PD,True,True,False,True
Roshan2016,Adult expanding (Suppl Fig1b),Clone 6,2,2,G106,14.99999999999999,PP,True,True,False,True
Roshan2016,Adult expanding (Suppl Fig1b),Clone 6,2,2,G107,13.833333333333337,PP,True,True,False,True
Roshan2016,Adult expanding (Suppl Fig1b),Clone 6,2,2,G108,15.666666666666659,PP,True,True,False,True
Roshan2016,Adult expanding (Suppl Fig1b),Clone 6,2,2,G109,14.500000000000002,PD,True,True,False,True
Roshan2016,Adult expanding (Suppl Fig1b),Clone 6,2,2,G110,17.5,PD,True,True,False,True
Roshan2016,Adult expanding (Suppl Fig1b),Clone 6,2,2,G111,14.999999999999995,PP,True,True,False,True
Roshan2016,Adult expanding (Suppl Fig1b),Clone 6,2,2,G112,12.500000000000009,PP,True,True,False,True
Roshan2016,Adult expanding (Suppl Fig1b),Clone 6,2,2,G113,12.499999999999993,PP,True,True,False,True
Roshan2016,Adult expanding (Suppl Fig1b),Clone 6,2,2,G114,9.333333333333332,PP,True,True,False,True
Roshan2016,Adult expanding (Suppl Fig1b),Clone 6,2,2,G115,18.16666666666666,PP,True,True,False,True
Roshan2016,Adult expanding (Suppl Fig1b),Clone 6,2,2,G116,10.666666666666675,PP,True,True,False,True
Roshan2016,Adult expanding (Suppl Fig1b),Clone 6,2,2,G117,11.833333333333332,PP,True,True,False,True
Roshan2016,Adult expanding (Suppl Fig1b),Clone 6,2,2,G118,8.333333333333329,PP,True,True,False,True
Roshan2016,Adult expanding (Suppl Fig1b),Clone 6,2,2,G119,26.83333333333334,PP,True,True,False,True
Roshan2016,Adult expanding (Suppl Fig1b),Clone 6,2,2,G120,16.500000000000004,PP,True,True,False,True
Roshan2016,Adult expanding (Suppl Fig1b),Clone 6,2,2,G121,17.33333333333334,PP,True,True,False,True
Roshan2016,Adult expanding (Suppl Fig1b),Clone 6,2,2,G122,20.000000000000007,PP,True,True,False,True
Roshan2016,Adult expanding (Suppl Fig1b),Clone 6,2,2,G123,17.999999999999993,PP,True,True,False,True
Roshan2016,Adult expanding (Suppl Fig1b),Clone 6,2,2,G124,14.333333333333325,PP,True,True,False,True
Roshan2016,Adult expanding (Suppl Fig1b),Clone 6,2,2,G125,15.833333333333325,PP,True,True,False,True
Roshan2016,Adult expanding (Suppl Fig1b),Clone 6,3,3,G126,9.999999999999998,PP,True,True,False,True
Roshan2016,Adult expanding (Suppl Fig1b),Clone 6,3,3,G127,10.499999999999991,PP,True,True,False,True
Roshan2016,Adult expanding (Suppl Fig1b),Clone 6,3,3,G128,19.33333333333333,PP,True,True,False,True
Roshan2016,Adult expanding (Suppl Fig1b),Clone 6,3,3,G129,18.833333333333336,PP,True,True,False,True
Roshan2016,Adult expanding (Suppl Fig1b),Clone 6,3,3,G130,18.666666666666675,PP,True,True,False,True
Roshan2016,Adult expanding (Suppl Fig1b),Clone 6,3,3,G131,18.833333333333325,PP,True,True,False,True
Roshan2016,Adult expanding (Suppl Fig1b),Clone 6,3,3,G132,13.833333333333337,PP,True,True,False,True
Roshan2016,Adult expanding (Suppl Fig1b),Clone 6,3,3,G133,15.666666666666659,PP,True,True,False,True
Roshan2016,Adult expanding (Suppl Fig1b),Clone 6,3,3,G134,17.166666666666664,DD,True,True,False,True
Roshan2016,Adult expanding (Suppl Fig1b),Clone 6,3,3,G135,22.33333333333333,PP,True,True,False,True
Roshan2016,Adult expanding (Suppl Fig1b),Clone 6,3,3,G136,20.333333333333325,PD,True,True,False,True
Roshan2016,Adult expanding (Suppl Fig1b),Clone 6,3,3,G137,21.999999999999996,PD,True,True,False,True
Roshan2016,Adult expanding (Suppl Fig1b),Clone 6,3,3,G138,21.500000000000007,PP,True,True,False,True
Roshan2016,Adult expanding (Suppl Fig1b),Clone 6,3,3,G139,22.16666666666667,PP,True,True,False,True
Roshan2016,Adult expanding (Suppl Fig1b),Clone 6,3,3,G140,9.000000000000004,PP,True,True,False,True
Roshan2016,Adult expanding (Suppl Fig1b),Clone 6,3,3,G141,16.833333333333325,PP,True,True,False,True
Roshan2016,Adult expanding (Suppl Fig1b),Clone 6,3,3,G142,20.333333333333325,PP,True,True,False,True
Roshan2016,Adult expanding (Suppl Fig1b),Clone 6,3,3,G143,21.500000000000004,PP,True,True,False,True
Roshan2016,Adult expanding (Suppl Fig1b),Clone 6,3,3,G144,19.833333333333336,PP,True,True,False,True
Roshan2016,Adult expanding (Suppl Fig1b),Clone 6,3,3,G145,21.83333333333333,PP,True,True,False,True
Roshan2016,Adult expanding (Suppl Fig1b),Clone 6,3,3,G146,17.000000000000004,PP,True,True,False,True
Roshan2016,Adult expanding (Suppl Fig1b),Clone 6,3,3,G147,10.000000000000002,PP,True,True,False,True
Roshan2016,Adult expanding (Suppl Fig1b),Clone 6,3,3,G148,19.166666666666664,PP,True,True,False,True
Roshan2016,Adult expanding (Suppl Fig1b),Clone 6,3,3,G149,19.666666666666657,PP,True,True,False,True
Roshan2016,Adult expanding (Suppl Fig1b),Clone 6,3,3,G150,20.499999999999993,PP,True,True,False,True
Roshan2016,Adult expanding (Suppl Fig1b),Clone 6,3,3,G151,24.000000000000007,PP,True,True,False,True
Roshan2016,Adult expanding (Suppl Fig1b),Clone 13,1,1,N4,1.5,PP,True,True,True,False
Roshan2016,Adult expanding (Suppl Fig1b),Clone 13,2,2,N5,15,PP,True,True,False,True
Roshan2016,Adult expanding (Suppl Fig1b),Clone 13,2,2,N6,20.5,PP,True,True,False,True
Roshan2016,Adult expanding (Suppl Fig1b),Clone 13,1,1,N71,17.16666666666667,PP,True,True,True,False
Roshan2016,Adult expanding (Suppl Fig1b),Clone 13,1,1,N72,20,PP,True,True,True,False
Roshan2016,Adult expanding (Suppl Fig1b),Clone 13,1,1,N73,15.83333333333334,PP,True,True,True,False
Roshan2016,Adult expanding (Suppl Fig1b),Clone 13,1,1,N74,16.333333333333332,PP,True,True,True,False
Roshan2016,Adult expanding (Suppl Fig1b),Clone 13,1,1,N75,12,PP,True,True,True,False
Roshan2016,Adult expanding (Suppl Fig1b),Clone 13,1,1,N76,12.666666666666664,PP,True,True,True,False
Roshan2016,Adult expanding (Suppl Fig1b),Clone 13,1,1,N77,13.166666666666663,PD,True,True,True,False
Roshan2016,Adult expanding (Suppl Fig1b),Clone 13,1,1,N78,15.000000000000005,PP,True,True,True,False
Roshan2016,Adult expanding (Suppl Fig1b),Clone 13,1,1,N79,11.666666666666657,PP,True,True,True,False
Roshan2016,Adult expanding (Suppl Fig1b),Clone 13,1,1,N80,14.500000000000007,PP,True,True,True,False
Roshan2016,Adult expanding (Suppl Fig1b),Clone 13,1,1,N81,14.333333333333336,PP,True,True,True,False
Roshan2016,Adult expanding (Suppl Fig1b),Clone 13,1,1,N82,18,PD,True,True,True,False
Roshan2016,Adult expanding (Suppl Fig1b),Clone 13,1,1,N83,15.333333333333343,PP,True,True,True,False
Roshan2016,Adult expanding (Suppl Fig1b),Clone 13,1,1,N84,16.5,PP,True,True,True,False
Roshan2016,Adult expanding (Suppl Fig1b),Clone 13,1,1,N85,14.999999999999996,PP,True,True,True,False
Roshan2016,Adult expanding (Suppl Fig1b),Clone 13,1,1,N86,17.16666666666667,PP,True,True,True,False
Roshan2016,Adult expanding (Suppl Fig1b),Clone 13,1,1,N87,16.166666666666664,PP,True,True,True,False
Roshan2016,Adult expanding (Suppl Fig1b),Clone 13,1,1,N88,15.999999999999996,PP,True,True,True,False
Roshan2016,Adult expanding (Suppl Fig1b),Clone 13,1,1,N89,14.000000000000004,PP,True,True,True,False
Roshan2016,Adult expanding (Suppl Fig1b),Clone 13,1,1,N90,12.166666666666657,PP,True,True,True,False
Roshan2016,Adult expanding (Suppl Fig1b),Clone 13,1,1,N91,17.16666666666667,PP,True,True,True,False
Roshan2016,Adult expanding (Suppl Fig1b),Clone 13,1,1,N92,21.666666666666668,PP,True,True,True,False
Roshan2016,Adult expanding (Suppl Fig1b),Clone 13,1,1,N93,23.833333333333332,PP,True,True,True,False
Roshan2016,Adult expanding (Suppl Fig1b),Clone 13,1,1,N94,20.333333333333336,PP,True,True,True,False
Roshan2016,Adult expanding (Suppl Fig1b),Clone 13,1,1,N95,20.16666666666667,PP,True,True,True,False
Roshan2016,Adult expanding (Suppl Fig1b),Clone 13,1,1,N96,20.666666666666664,PP,True,True,True,False
Roshan2016,Adult expanding (Suppl Fig1b),Clone 13,1,1,N97,20.999999999999996,PP,True,True,True,False
Roshan2016,Adult expanding (Suppl Fig1b),Clone 13,1,1,N98,16.000000000000004,PP,True,True,True,False
Roshan2016,Adult expanding (Suppl Fig1b),Clone 13,2,2,N99,11.833333333333323,PP,True,True,False,True
Roshan2016,Adult expanding (Suppl Fig1b),Clone 13,2,2,N100,12.166666666666666,PP,True,True,False,True
Roshan2016,Adult expanding (Suppl Fig1b),Clone 13,2,2,N101,10.666666666666664,PP,True,True,False,True
Roshan2016,Adult expanding (Suppl Fig1b),Clone 13,2,2,N102,11.000000000000007,PD,True,True,False,True
Roshan2016,Adult expanding (Suppl Fig1b),Clone 13,2,2,N103,11.500000000000007,PP,True,True,False,True
Roshan2016,Adult expanding (Suppl Fig1b),Clone 13,2,2,N104,12.499999999999993,PP,True,True,False,True
Roshan2016,Adult expanding (Suppl Fig1b),Clone 13,2,2,N105,13.333333333333325,PP,True,True,False,True
Roshan2016,Adult expanding (Suppl Fig1b),Clone 13,2,2,N106,14.333333333333332,PP,True,True,False,True
Roshan2016,Adult expanding (Suppl Fig1b),Clone 13,2,2,N107,15.000000000000005,PP,True,True,False,True
Roshan2016,Adult expanding (Suppl Fig1b),Clone 13,2,2,N108,15.166666666666657,PP,True,True,False,True
Roshan2016,Adult expanding (Suppl Fig1b),Clone 13,2,2,N109,16.166666666666664,PD,True,True,False,True
Roshan2016,Adult expanding (Suppl Fig1b),Clone 13,2,2,N110,16.16666666666667,PP,True,True,False,True
Roshan2016,Adult expanding (Suppl Fig1b),Clone 13,2,2,N111,17.000000000000007,PP,True,True,False,True
Roshan2016,Adult expanding (Suppl Fig1b),Clone 13,2,2,N112,11.833333333333343,DD,True,True,False,True
Roshan2016,Adult expanding (Suppl Fig1b),Clone 13,2,2,N113,13.833333333333336,PP,True,True,False,True
Roshan2016,Adult expanding (Suppl Fig1b),Clone 13,2,2,N114,10.83333333333334,PP,True,True,False,True
Roshan2016,Adult expanding (Suppl Fig1b),Clone 13,2,2,N115,11.999999999999996,PP,True,True,False,True
Roshan2016,Adult expanding (Suppl Fig1b),Clone 13,2,2,N116,8.833333333333334,PP,True,True,False,True
Roshan2016,Adult expanding (Suppl Fig1b),Clone 13,2,2,N117,10.833333333333327,PP,True,True,False,True
Roshan2016,Adult expanding (Suppl Fig1b),Clone 13,2,2,N118,11.000000000000004,PP,True,True,False,True
Roshan2016,Adult expanding (Suppl Fig1b),Clone 13,2,2,N119,9.999999999999996,PP,True,True,False,True
Roshan2016,Adult expanding (Suppl Fig1b),Clone 13,2,2,N120,20.833333333333325,PP,True,True,False,True
Roshan2016,Adult expanding (Suppl Fig1b),Clone 13,2,2,N121,15.83333333333334,PP,True,True,False,True
Roshan2016,Adult expanding (Suppl Fig1b),Clone 13,2,2,N122,15.000000000000004,PP,True,True,False,True
Roshan2016,Adult expanding (Suppl Fig1b),Clone 13,2,2,N123,15.166666666666657,PP,True,True,False,True
Roshan2016,Adult expanding (Suppl Fig1b),Clone 13,2,2,N124,16.500000000000007,PP,True,True,False,True
Roshan2016,Adult expanding (Suppl Fig1b),Clone 13,3,3,N125,14.99999999999999,PP,True,True,False,True
Roshan2016,Adult expanding (Suppl Fig1b),Clone 13,3,3,N126,15.16666666666666,PP,True,True,False,True
Roshan2016,Adult expanding (Suppl Fig1b),Clone 13,3,3,N127,15.833333333333325,PP,True,True,False,True
Roshan2016,Adult expanding (Suppl Fig1b),Clone 13,3,3,N128,17.99999999999999,PP,True,True,False,True
Roshan2016,Adult expanding (Suppl Fig1b),Clone 13,3,3,N129,18.833333333333332,PD,True,True,False,True
Roshan2016,Adult expanding (Suppl Fig1b),Clone 13,3,3,N130,22.166666666666675,PP,True,True,False,True
Roshan2016,Adult expanding (Suppl Fig1b),Clone 13,3,3,N131,12.166666666666666,PP,True,True,False,True
Roshan2016,Adult expanding (Suppl Fig1b),Clone 13,3,3,N132,10,DD,True,True,False,True
Roshan2016,Adult expanding (Suppl Fig1b),Clone 13,3,3,N133,11.833333333333343,PP,True,True,False,True
Roshan2016,Adult expanding (Suppl Fig1b),Clone 13,3,3,N134,13,PP,True,True,False,True
Roshan2016,Adult expanding (Suppl Fig1b),Clone 13,3,3,N135,12.49999999999999,PP,True,True,False,True
Roshan2016,Adult expanding (Suppl Fig1b),Clone 13,3,3,N136,9.5,PP,True,True,False,True
Roshan2016,Adult expanding (Suppl Fig1b),Clone 13,3,3,N137,17.499999999999993,PP,True,True,False,True
Roshan2016,Adult expanding (Suppl Fig1b),Clone 13,3,3,N138,21.833333333333332,PP,True,True,False,True
Roshan2016,Adult expanding (Suppl Fig1b),Clone 13,3,3,N139,14.999999999999996,PD,True,True,False,True
Roshan2016,Adult expanding (Suppl Fig1b),Clone 13,3,3,N140,17.16666666666667,PP,True,True,False,True
Roshan2016,Adult expanding (Suppl Fig1b),Clone 13,3,3,N141,13.500000000000007,PP,True,True,False,True
Roshan2016,Adult expanding (Suppl Fig1b),Clone 13,3,3,N142,10.000000000000004,PP,True,True,False,True
Roshan2016,Adult expanding (Suppl Fig1b),Clone 13,3,3,N143,12.166666666666668,PP,True,True,False,True
Roshan2016,Adult expanding (Suppl Fig1b),Clone 13,3,3,N144,14.499999999999996,PP,True,True,False,True
Roshan2016,Adult expanding (Suppl Fig1b),Clone 13,3,3,N145,21.500000000000004,PP,True,True,False,True
Roshan2016,Adult expanding (Suppl Fig1b),Clone 13,3,3,N146,11.500000000000007,PP,True,True,False,True
Roshan2016,Adult expanding (Suppl Fig1b),Clone 13,3,3,N147,11.333333333333336,PP,True,True,False,True
Roshan2016,Adult expanding (Suppl Fig1b),Clone 13,3,3,N148,12.166666666666666,PP,True,True,False,True
Roshan2016,Adult expanding (Suppl Fig1b),Clone 13,3,3,N149,15.500000000000009,PD,True,True,False,True
Roshan2016,Adult expanding (Suppl Fig1b),Clone 22,1,1,U4,5.5,PP,True,True,True,False
Roshan2016,Adult expanding (Suppl Fig1b),Clone 22,2,2,U5,16,PP,True,True,False,True
Roshan2016,Adult expanding (Suppl Fig1b),Clone 22,2,2,U6,16.333333333333336,PP,True,True,False,True
Roshan2016,Adult expanding (Suppl Fig1b),Clone 22,3,3,U7,11.5,PP,True,True,False,True
Roshan2016,Adult expanding (Suppl Fig1b),Clone 22,3,3,U8,11.999999999999996,PP,True,True,False,True
Roshan2016,Adult expanding (Suppl Fig1b),Clone 22,3,3,U9,12.666666666666668,PP,True,True,False,True
Roshan2016,Adult expanding (Suppl Fig1b),Clone 22,3,3,U10,13.166666666666664,PP,True,True,False,True
Roshan2016,Adult expanding (Suppl Fig1b),Clone 22,4,4,U11,12.666666666666664,PP,True,True,False,True
Roshan2016,Adult expanding (Suppl Fig1b),Clone 22,4,4,U12,14.000000000000004,PP,True,True,False,True
Roshan2016,Adult expanding (Suppl Fig1b),Clone 22,4,4,U13,12.000000000000005,PP,True,True,False,True
Roshan2016,Adult expanding (Suppl Fig1b),Clone 22,4,4,U14,12.000000000000005,PP,True,True,False,True
Roshan2016,Adult expanding (Suppl Fig1b),Clone 22,4,4,U15,14.499999999999996,PP,True,True,False,True
Roshan2016,Adult expanding (Suppl Fig1b),Clone 22,4,4,U16,15.500000000000004,PP,True,True,False,True
Roshan2016,Adult expanding (Suppl Fig1b),Clone 22,4,4,U17,10,PP,True,True,False,True
Roshan2016,Adult expanding (Suppl Fig1b),Clone 22,4,4,U18,10,PP,True,True,False,True
Roshan2016,Adult expanding (Suppl Fig1b),Clone 22,5,5,U19,12.333333333333329,PP,True,True,False,True
Roshan2016,Adult expanding (Suppl Fig1b),Clone 22,5,5,U20,12.66666666666666,PP,True,True,False,True
Roshan2016,Adult expanding (Suppl Fig1b),Clone 22,5,5,U21,7.500000000000003,PP,True,True,False,True
Roshan2016,Adult expanding (Suppl Fig1b),Clone 22,5,5,U22,19.16666666666667,PP,True,True,False,True
Roshan2016,Adult expanding (Suppl Fig1b),Clone 22,5,5,U23,14.166666666666668,PP,True,True,False,True
Roshan2016,Adult expanding (Suppl Fig1b),Clone 22,5,5,U24,14.166666666666668,PP,True,True,False,True
Roshan2016,Adult expanding (Suppl Fig1b),Clone 22,5,5,U25,15.666666666666668,PP,True,True,False,True
Roshan2016,Adult expanding (Suppl Fig1b),Clone 22,5,5,U26,15.666666666666668,PP,True,True,False,True
Roshan2016,Adult expanding (Suppl Fig1b),Clone 22,5,5,U27,19.499999999999996,PP,True,True,False,True
Roshan2016,Adult expanding (Suppl Fig1b),Clone 22,5,5,U28,21.166666666666668,PP,True,True,False,True
Roshan2016,Adult expanding (Suppl Fig1b),Clone 22,5,5,U29,17.66666666666667,PP,True,True,False,True
Roshan2016,Adult expanding (Suppl Fig1b),Clone 22,5,5,U30,17.833333333333332,PP,True,True,False,True
Roshan2016,Adult expanding (Suppl Fig1b),Clone 22,5,5,U31,9.666666666666664,PD,True,True,False,True
Roshan2016,Adult expanding (Suppl Fig1b),Clone 22,5,5,U32,12.500000000000004,PP,True,True,False,True
Roshan2016,Adult expanding (Suppl Fig1b),Clone 22,5,5,U33,9.833333333333336,PP,True,True,False,True
Roshan2016,Adult expanding (Suppl Fig1b),Clone 22,5,5,U34,12.666666666666664,PD,True,True,False,True
Roshan2016,Adult expanding (Suppl Fig1b),Clone 22,6,6,U35,13.166666666666663,PP,True,True,False,True
Roshan2016,Adult expanding (Suppl Fig1b),Clone 22,6,6,U36,13.499999999999995,PP,True,True,False,True
Roshan2016,Adult expanding (Suppl Fig1b),Clone 22,6,6,U37,12.333333333333337,PP,True,True,False,True
Roshan2016,Adult expanding (Suppl Fig1b),Clone 22,6,6,U38,12.333333333333337,PP,True,True,False,True
Roshan2016,Adult expanding (Suppl Fig1b),Clone 22,6,6,U39,5.999999999999998,PP,True,True,False,True
Roshan2016,Adult expanding (Suppl Fig1b),Clone 22,6,6,U40,10.333333333333337,PP,True,True,False,True
Roshan2016,Adult expanding (Suppl Fig1b),Clone 22,6,6,U41,6.666666666666666,PP,True,True,False,True
Roshan2016,Adult expanding (Suppl Fig1b),Clone 22,6,6,U42,14.666666666666664,PP,True,True,False,True
Roshan2016,Adult expanding (Suppl Fig1b),Clone 22,6,6,U43,12.66666666666667,PP,True,True,False,True
Roshan2016,Adult expanding (Suppl Fig1b),Clone 22,6,6,U44,13.999999999999998,PP,True,True,False,True
Roshan2016,Adult expanding (Suppl Fig1b),Clone 22,6,6,U45,10,PP,True,True,False,True
Roshan2016,Adult expanding (Suppl Fig1b),Clone 22,6,6,U46,10.333333333333332,PP,True,True,False,True
Roshan2016,Adult expanding (Suppl Fig1b),Clone 22,6,6,U47,15.333333333333332,PP,True,True,False,True
Roshan2016,Adult expanding (Suppl Fig1b),Clone 22,1,1,U71,16.66666666666667,PD,True,True,True,False
Roshan2016,Adult expanding (Suppl Fig1b),Clone 22,1,1,U72,18.000000000000004,PP,True,True,True,False
Roshan2016,Adult expanding (Suppl Fig1b),Clone 22,1,1,U73,17.66666666666666,PP,True,True,True,False
Roshan2016,Adult expanding (Suppl Fig1b),Clone 22,1,1,U74,17.833333333333332,PP,True,True,True,False
Roshan2016,Adult expanding (Suppl Fig1b),Clone 22,1,1,U75,14.000000000000007,PP,True,True,True,False
Roshan2016,Adult expanding (Suppl Fig1b),Clone 22,1,1,U76,14.666666666666671,PP,True,True,True,False
Roshan2016,Adult expanding (Suppl Fig1b),Clone 22,1,1,U77,16.499999999999996,PP,True,True,True,False
Roshan2016,Adult expanding (Suppl Fig1b),Clone 22,1,1,U78,16.83333333333334,PP,True,True,True,False
Roshan2016,Adult expanding (Suppl Fig1b),Clone 22,1,1,U79,16.166666666666664,PD,True,True,True,False
Roshan2016,Adult expanding (Suppl Fig1b),Clone 22,1,1,U80,16.83333333333333,PP,True,True,True,False
Roshan2016,Adult expanding (Suppl Fig1b),Clone 22,1,1,U81,15.833333333333341,DD,True,True,True,False
Roshan2016,Adult expanding (Suppl Fig1b),Clone 22,1,1,U82,16.500000000000007,PP,True,True,True,False
Roshan2016,Adult expanding (Suppl Fig1b),Clone 22,1,1,U83,14.999999999999996,PD,True,True,True,False
Roshan2016,Adult expanding (Suppl Fig1b),Clone 22,1,1,U84,15.49999999999999,PP,True,True,True,False
Roshan2016,Adult expanding (Suppl Fig1b),Clone 22,1,1,U85,18.5,PP,True,True,True,False
Roshan2016,Adult expanding (Suppl Fig1b),Clone 22,1,1,U86,17.16666666666667,PP,True,True,True,False
Roshan2016,Adult expanding (Suppl Fig1b),Clone 22,2,2,U87,14.833333333333343,PP,True,True,False,True
Roshan2016,Adult expanding (Suppl Fig1b),Clone 22,2,2,U88,14.833333333333343,PP,True,True,False,True
Roshan2016,Adult expanding (Suppl Fig1b),Clone 22,2,2,U89,10.333333333333336,PP,True,True,False,True
Roshan2016,Adult expanding (Suppl Fig1b),Clone 22,2,2,U90,11,PP,True,True,False,True
Roshan2016,Adult expanding (Suppl Fig1b),Clone 22,2,2,U91,11.833333333333336,PP,True,True,False,True
Roshan2016,Adult expanding (Suppl Fig1b),Clone 22,2,2,U92,12.666666666666671,PP,True,True,False,True
Roshan2016,Adult expanding (Suppl Fig1b),Clone 22,2,2,U93,14.49999999999999,PP,True,True,False,True
Roshan2016,Adult expanding (Suppl Fig1b),Clone 22,2,2,U94,16.666666666666675,PD,True,True,False,True
Roshan2016,Adult expanding (Suppl Fig1b),Clone 22,2,2,U95,20.999999999999996,PP,True,True,False,True
Roshan2016,Adult expanding (Suppl Fig1b),Clone 22,2,2,U96,21.49999999999999,PP,True,True,False,True
Roshan2016,Adult expanding (Suppl Fig1b),Clone 22,2,2,U97,21.999999999999993,PP,True,True,False,True
Roshan2016,Adult expanding (Suppl Fig1b),Clone 22,2,2,U98,20.833333333333336,PD,True,True,False,True
Roshan2016,Adult expanding (Suppl Fig1b),Clone 22,2,2,U99,17.16666666666667,PP,True,True,False,True
Roshan2016,Adult expanding (Suppl Fig1b),Clone 22,2,2,U100,18.000000000000007,PP,True,True,False,True
Roshan2016,Adult expanding (Suppl Fig1b),Clone 22,2,2,U101,13.833333333333336,PP,True,True,False,True
Roshan2016,Adult expanding (Suppl Fig1b),Clone 22,2,2,U102,13,PP,True,True,False,True
Roshan2016,Adult expanding (Suppl Fig1b),Clone 22,2,2,U103,9.833333333333321,PP,True,True,False,True
Roshan2016,Adult expanding (Suppl Fig1b),Clone 22,2,2,U104,14.999999999999996,PP,True,True,False,True
Roshan2016,Adult expanding (Suppl Fig1b),Clone 22,2,2,U105,17.999999999999996,PD,True,True,False,True
Roshan2016,Adult expanding (Suppl Fig1b),Clone 22,2,2,U106,17.666666666666668,PP,True,True,False,True
Roshan2016,Adult expanding (Suppl Fig1b),Clone 22,2,2,U107,24.333333333333332,PP,True,True,False,True
Roshan2016,Adult expanding (Suppl Fig1b),Clone 22,2,2,U108,13.33333333333334,PP,True,True,False,True
Roshan2016,Adult expanding (Suppl Fig1b),Clone 22,2,2,U109,16.33333333333334,PP,True,True,False,True
Roshan2016,Adult expanding (Suppl Fig1b),Clone 22,2,2,U110,24,PP,True,True,False,True
Roshan2016,Adult expanding (Suppl Fig1b),Clone 22,2,2,U111,19.999999999999996,DD,True,True,False,True
Roshan2016,Adult expanding (Suppl Fig1b),Clone 22,2,2,U112,20.833333333333332,PP,True,True,False,True
Roshan2016,Adult expanding (Suppl Fig1b),Clone 22,2,2,U113,20.16666666666667,PP,True,True,False,True
Roshan2016,Adult expanding (Suppl Fig1b),Clone 22,2,2,U114,19.500000000000007,PP,True,True,False,True
Roshan2016,Adult expanding (Suppl Fig1b),Clone 22,3,3,U115,15.166666666666675,PP,True,True,False,True
Roshan2016,Adult expanding (Suppl Fig1b),Clone 22,3,3,U116,17.50000000000001,PD,True,True,False,True
Roshan2016,Adult expanding (Suppl Fig1b),Clone 22,3,3,U117,11.499999999999993,PP,True,True,False,True
Roshan2016,Adult expanding (Suppl Fig1b),Clone 22,3,3,U118,12.166666666666657,PP,True,True,False,True
Roshan2016,Adult expanding (Suppl Fig1b),Clone 22,3,3,U119,10.166666666666668,PP,True,True,False,True
Roshan2016,Adult expanding (Suppl Fig1b),Clone 22,3,3,U120,19,PP,True,True,False,True
Roshan2016,Adult expanding (Suppl Fig1b),Clone 22,3,3,U121,19.499999999999993,PD,True,True,False,True
Roshan2016,Adult expanding (Suppl Fig1b),Clone 22,3,3,U122,14.83333333333334,PP,True,True,False,True
Roshan2016,Adult expanding (Suppl Fig1b),Clone 22,3,3,U123,16.66666666666666,DD,True,True,False,True
Roshan2016,Adult expanding (Suppl Fig1b),Clone 22,3,3,U124,18.16666666666667,PP,True,True,False,True
Roshan2016,Adult expanding (Suppl Fig1b),Clone 22,3,3,U125,20.166666666666664,PP,True,True,False,True
Roshan2016,Adult expanding (Suppl Fig1b),Clone 22,3,3,U126,16.166666666666657,PP,True,True,False,True
Roshan2016,Adult expanding (Suppl Fig1b),Clone 22,3,3,U127,20.166666666666664,PP,True,True,False,True
Roshan2016,Adult expanding (Suppl Fig1b),Clone 22,3,3,U128,16.666666666666664,PP,True,True,False,True
Roshan2016,Adult expanding (Suppl Fig1b),Clone 22,3,3,U129,27.500000000000004,PD,True,True,False,True
Roshan2016,Adult expanding (Suppl Fig1b),Clone 22,3,3,U130,20.499999999999993,PP,True,True,False,True
Roshan2016,Adult expanding (Suppl Fig1b),Clone 22,3,3,U131,17.33333333333334,PP,True,True,False,True
Roshan2016,Adult expanding (Suppl Fig1b),Clone 22,3,3,U132,18.166666666666675,PP,True,True,False,True
Roshan2016,Adult expanding (Suppl Fig1b),Clone 22,3,3,U133,20.833333333333325,PP,True,True,False,True
Roshan2016,Adult expanding (Suppl Fig1b),Clone 22,3,3,U134,22.99999999999999,PP,True,True,False,True
Roshan2016,Adult expanding (Suppl Fig1b),Clone 54,1,1,AB4,11.833333333333334,PP,True,True,True,False
Roshan2016,Adult expanding (Suppl Fig1b),Clone 54,2,2,AB5,11.833333333333334,PP,True,True,False,True
Roshan2016,Adult expanding (Suppl Fig1b),Clone 54,2,2,AB6,11.999999999999996,PP,True,True,False,True
Roshan2016,Adult expanding (Suppl Fig1b),Clone 54,3,3,AB7,10.333333333333334,PP,True,True,False,True
Roshan2016,Adult expanding (Suppl Fig1b),Clone 54,3,3,AB8,12.166666666666666,PP,True,True,False,True
Roshan2016,Adult expanding (Suppl Fig1b),Clone 54,3,3,AB9,12.833333333333332,PP,True,True,False,True
Roshan2016,Adult expanding (Suppl Fig1b),Clone 54,3,3,AB10,13.000000000000004,PP,True,True,False,True
Roshan2016,Adult expanding (Suppl Fig1b),Clone 54,4,4,AB11,10.333333333333336,PP,True,True,False,True
Roshan2016,Adult expanding (Suppl Fig1b),Clone 54,4,4,AB12,14.666666666666663,PP,True,True,False,True
Roshan2016,Adult expanding (Suppl Fig1b),Clone 54,4,4,AB13,12.66666666666667,PP,True,True,False,True
Roshan2016,Adult expanding (Suppl Fig1b),Clone 54,4,4,AB14,21.166666666666664,PP,True,True,False,True
Roshan2016,Adult expanding (Suppl Fig1b),Clone 54,4,4,AB15,11.666666666666664,PP,True,True,False,True
Roshan2016,Adult expanding (Suppl Fig1b),Clone 54,4,4,AB16,11.833333333333336,PP,True,True,False,True
Roshan2016,Adult expanding (Suppl Fig1b),Clone 54,4,4,AB17,15.499999999999996,PP,True,True,False,True
Roshan2016,Adult expanding (Suppl Fig1b),Clone 54,4,4,AB18,15.666666666666668,PP,True,True,False,True
Roshan2016,Adult expanding (Suppl Fig1b),Clone 54,5,5,AB19,10.666666666666664,PP,True,True,False,True
Roshan2016,Adult expanding (Suppl Fig1b),Clone 54,5,5,AB20,12.83333333333334,PP,True,True,False,True
Roshan2016,Adult expanding (Suppl Fig1b),Clone 54,5,5,AB21,12.5,PP,True,True,False,True
Roshan2016,Adult expanding (Suppl Fig1b),Clone 54,5,5,AB22,11.999999999999996,PP,True,True,False,True
Roshan2016,Adult expanding (Suppl Fig1b),Clone 54,5,5,AB23,10.500000000000004,PP,True,True,False,True
Roshan2016,Adult expanding (Suppl Fig1b),Clone 54,5,5,AB24,10.666666666666664,PP,True,True,False,True
Roshan2016,Adult expanding (Suppl Fig1b),Clone 54,5,5,AB25,10.666666666666671,PP,True,True,False,True
Roshan2016,Adult expanding (Suppl Fig1b),Clone 54,5,5,AB26,10.833333333333332,PP,True,True,False,True
Roshan2016,Adult expanding (Suppl Fig1b),Clone 54,5,5,AB27,17.83333333333334,PP,True,True,False,True
Roshan2016,Adult expanding (Suppl Fig1b),Clone 54,5,5,AB28,18.999999999999996,PP,True,True,False,True
Roshan2016,Adult expanding (Suppl Fig1b),Clone 54,5,5,AB29,11.666666666666671,PP,True,True,False,True
Roshan2016,Adult expanding (Suppl Fig1b),Clone 54,5,5,AB30,21.499999999999996,PP,True,True,False,True
Roshan2016,Adult expanding (Suppl Fig1b),Clone 54,5,5,AB31,18.166666666666664,PP,True,True,False,True
Roshan2016,Adult expanding (Suppl Fig1b),Clone 54,5,5,AB32,19.166666666666664,PP,True,True,False,True
Roshan2016,Adult expanding (Suppl Fig1b),Clone 54,5,5,AB33,20.166666666666664,PP,True,True,False,True
Roshan2016,Adult expanding (Suppl Fig1b),Clone 54,5,5,AB34,20.333333333333336,PP,True,True,False,True
Roshan2016,Adult expanding (Suppl Fig1b),Clone 54,6,6,AB35,18.166666666666664,PP,True,True,False,True
Roshan2016,Adult expanding (Suppl Fig1b),Clone 54,6,6,AB36,21.5,PP,True,True,False,True
Roshan2016,Adult expanding (Suppl Fig1b),Clone 54,6,6,AB37,16,PP,True,True,False,True
Roshan2016,Adult expanding (Suppl Fig1b),Clone 54,6,6,AB38,22,PP,True,True,False,True
Roshan2016,Adult expanding (Suppl Fig1b),Clone 54,1,1,AB71,12.16666666666666,PP,True,True,True,False
Roshan2016,Adult expanding (Suppl Fig1b),Clone 54,1,1,AB72,12.666666666666675,PP,True,True,True,False
Roshan2016,Adult expanding (Suppl Fig1b),Clone 54,1,1,AB73,12.83333333333333,PP,True,True,True,False
Roshan2016,Adult expanding (Suppl Fig1b),Clone 54,1,1,AB74,13.666666666666666,PP,True,True,True,False
Roshan2016,Adult expanding (Suppl Fig1b),Clone 54,1,1,AB75,17.499999999999993,PD,True,True,True,False
Roshan2016,Adult expanding (Suppl Fig1b),Clone 54,1,1,AB76,18.000000000000007,PP,True,True,True,False
Roshan2016,Adult expanding (Suppl Fig1b),Clone 54,1,1,AB77,11.16666666666666,PP,True,True,True,False
Roshan2016,Adult expanding (Suppl Fig1b),Clone 54,1,1,AB78,11.333333333333332,PD,True,True,True,False
Roshan2016,Adult expanding (Suppl Fig1b),Clone 54,1,1,AB79,12.333333333333332,PP,True,True,True,False
Roshan2016,Adult expanding (Suppl Fig1b),Clone 54,1,1,AB80,14.666666666666668,PP,True,True,True,False
Roshan2016,Adult expanding (Suppl Fig1b),Clone 54,1,1,AB81,14.33333333333333,PP,True,True,True,False
Roshan2016,Adult expanding (Suppl Fig1b),Clone 54,1,1,AB82,15.16666666666666,PD,True,True,True,False
Roshan2016,Adult expanding (Suppl Fig1b),Clone 54,1,1,AB83,16.33333333333334,PP,True,True,True,False
Roshan2016,Adult expanding (Suppl Fig1b),Clone 54,1,1,AB84,11.500000000000002,PP,True,True,True,False
Roshan2016,Adult expanding (Suppl Fig1b),Clone 54,1,1,AB85,15.333333333333337,DD,True,True,True,False
Roshan2016,Adult expanding (Suppl Fig1b),Clone 54,1,1,AB86,14.333333333333336,PP,True,True,True,False
Roshan2016,Adult expanding (Suppl Fig1b),Clone 54,1,1,AB87,10.83333333333334,PP,True,True,True,False
Roshan2016,Adult expanding (Suppl Fig1b),Clone 54,1,1,AB88,22.99999999999999,PP,True,True,True,False
Roshan2016,Adult expanding (Suppl Fig1b),Clone 54,1,1,AB89,14.500000000000007,PP,True,True,True,False
Roshan2016,Adult expanding (Suppl Fig1b),Clone 54,1,1,AB90,15.666666666666664,PP,True,True,True,False
Roshan2016,Adult expanding (Suppl Fig1b),Clone 54,1,1,AB91,10.99999999999999,PP,True,True,True,False
Roshan2016,Adult expanding (Suppl Fig1b),Clone 54,1,1,AB92,18.33333333333334,PD,True,True,True,False
Roshan2016,Adult expanding (Suppl Fig1b),Clone 54,1,1,AB93,20.5,PP,True,True,True,False
Roshan2016,Adult expanding (Suppl Fig1b),Clone 54,1,1,AB94,18.499999999999996,PP,True,True,True,False
Roshan2016,Adult expanding (Suppl Fig1b),Clone 54,1,1,AB95,15.499999999999996,PP,True,True,True,False
Roshan2016,Adult expanding (Suppl Fig1b),Clone 54,2,2,AB96,12.00000000000001,PP,True,True,False,True
Roshan2016,Adult expanding (Suppl Fig1b),Clone 54,2,2,AB97,11.166666666666673,PP,True,True,False,True
Roshan2016,Adult expanding (Suppl Fig1b),Clone 54,2,2,AB98,15.833333333333321,PP,True,True,False,True
Roshan2016,Adult expanding (Suppl Fig1b),Clone 54,2,2,AB99,19.83333333333333,PP,True,True,False,True
Roshan2016,Adult expanding (Suppl Fig1b),Clone 54,2,2,AB100,16.333333333333336,PP,True,True,False,True
Roshan2016,Adult expanding (Suppl Fig1b),Clone 54,2,2,AB101,14.333333333333341,PP,True,True,False,True
Roshan2016,Adult expanding (Suppl Fig1b),Clone 54,2,2,AB102,18.999999999999996,PD,True,True,False,True
Roshan2016,Adult expanding (Suppl Fig1b),Clone 54,2,2,AB103,19.833333333333332,PP,True,True,False,True
Roshan2016,Adult expanding (Suppl Fig1b),Clone 54,2,2,AB104,18,DD,True,True,False,True
Roshan2016,Adult expanding (Suppl Fig1b),Clone 54,2,2,AB105,15,PP,True,True,False,True
Roshan2016,Adult expanding (Suppl Fig1b),Clone 54,2,2,AB106,14.33333333333334,PP,True,True,False,True
Roshan2016,Adult expanding (Suppl Fig1b),Clone 54,2,2,AB107,10.333333333333332,PP,True,True,False,True
Roshan2016,Adult expanding (Suppl Fig1b),Clone 54,2,2,AB108,8.166666666666673,PP,True,True,False,True
Roshan2016,Adult expanding (Suppl Fig1b),Clone 54,2,2,AB109,9.33333333333333,PP,True,True,False,True
Roshan2016,Adult expanding (Suppl Fig1b),Clone 54,2,2,AB110,14.999999999999996,PP,True,True,False,True
Roshan2016,Adult expanding (Suppl Fig1b),Clone 54,2,2,AB111,11.500000000000007,PP,True,True,False,True
Roshan2016,Adult expanding (Suppl Fig1b),Clone 54,2,2,AB112,12.166666666666671,PD,True,True,False,True
Roshan2016,Adult expanding (Suppl Fig1b),Clone 54,2,2,AB113,13.499999999999996,PP,True,True,False,True
Roshan2016,Adult expanding (Suppl Fig1b),Clone 54,2,2,AB114,17.999999999999996,PD,True,True,False,True
Roshan2016,Adult expanding (Suppl Fig1b),Clone 54,2,2,AB115,24,PP,True,True,False,True
Roshan2016,Adult expanding (Suppl Fig1b),Clone 54,2,2,AB116,19.999999999999996,PP,True,True,False,True
Roshan2016,Adult expanding (Suppl Fig1b),Clone 54,2,2,AB117,20.999999999999996,PP,True,True,False,True
Roshan2016,Adult expanding (Suppl Fig1b),Clone 54,2,2,AB118,22.000000000000004,PD,True,True,False,True
Roshan2016,Adult expanding (Suppl Fig1b),Clone 54,2,2,AB119,23.16666666666667,PP,True,True,False,True
Roshan2016,Adult expanding (Suppl Fig1b),Clone 54,2,2,AB120,18.166666666666657,PP,True,True,False,True
Roshan2016,Adult expanding (Suppl Fig1b),Clone 54,2,2,AB121,14.333333333333336,PP,True,True,False,True
Roshan2016,Adult expanding (Suppl Fig1b),Clone 54,2,2,AB122,15,PP,True,True,False,True
Roshan2016,Adult expanding (Suppl Fig1b),Clone 54,3,3,AB123,11.333333333333341,PP,True,True,False,True
Roshan2016,Adult expanding (Suppl Fig1b),Clone 54,3,3,AB124,12.833333333333341,PP,True,True,False,True
Roshan2016,Adult expanding (Suppl Fig1b),Clone 54,3,3,AB125,15.000000000000007,PD,True,True,False,True
Roshan2016,Adult expanding (Suppl Fig1b),Clone 54,3,3,AB126,13.500000000000007,PP,True,True,False,True
Roshan2016,Adult expanding (Suppl Fig1b),Clone 54,3,3,AB127,12.5,PP,True,True,False,True
Roshan2016,Adult expanding (Suppl Fig1b),Clone 54,3,3,AB128,12.999999999999993,PP,True,True,False,True
Roshan2016,Adult expanding (Suppl Fig1b),Clone 54,3,3,AB129,8.499999999999993,PP,True,True,False,True
Roshan2016,Adult expanding (Suppl Fig1b),Clone 54,3,3,AB130,12.999999999999993,DD,True,True,False,True
Roshan2016,Adult expanding (Suppl Fig1b),Clone 54,3,3,AB131,11.833333333333336,PP,True,True,False,True
Roshan2016,Adult expanding (Suppl Fig1b),Clone 54,3,3,AB132,15.499999999999993,PP,True,True,False,True
Roshan2016,Adult expanding (Suppl Fig1b),Clone 54,3,3,AB133,16.166666666666657,PP,True,True,False,True
Roshan2016,Adult expanding (Suppl Fig1b),Clone 54,3,3,AB134,14.833333333333343,PD,True,True,False,True
Roshan2016,Adult expanding (Suppl Fig1b),Clone 54,3,3,AB135,17.833333333333343,PP,True,True,False,True
Roshan2016,Adult expanding (Suppl Fig1b),Clone 54,3,3,AB136,10.666666666666664,PP,True,True,False,True
Roshan2016,Adult expanding (Suppl Fig1b),Clone 54,3,3,AB137,13.666666666666664,PP,True,True,False,True
Roshan2016,Adult expanding (Suppl Fig1b),Clone 54,3,3,AB138,9.666666666666668,PP,True,True,False,True
Roshan2016,Adult expanding (Suppl Fig1b),Clone 54,3,3,AB139,12.666666666666668,PP,True,True,False,True
Roshan2016,Adult expanding (Suppl Fig1b),Clone 54,3,3,AB140,22.666666666666664,PP,True,True,False,True
Roshan2016,Adult expanding (Suppl Fig1b),Clone 54,3,3,AB141,7.1666666666666705,PP,True,True,False,True
Roshan2016,Adult expanding (Suppl Fig1b),Clone 54,3,3,AB142,16.833333333333332,PP,True,True,False,True
Roshan2016,Adult expanding (Suppl Fig1b),Clone 54,3,3,AB143,18.999999999999996,PP,True,True,False,True
Roshan2016,Adult expanding (Suppl Fig1b),Clone 54,3,3,AB144,20.83333333333334,PP,True,True,False,True
Roshan2016,Adult expanding (Suppl Fig1b),Clone 54,3,3,AB145,15.833333333333325,PP,True,True,False,True
Roshan2016,Adult expanding (Suppl Fig1b),Clone 54,3,3,AB146,17.166666666666675,PP,True,True,False,True
Roshan2016,Adult expanding (Suppl Fig1b),Clone 54,3,3,AB147,14.999999999999996,PP,True,True,False,True
Roshan2016,Adult expanding (Suppl Fig1b),Clone 54,3,3,AB148,17.166666666666664,PP,True,True,False,True
Roshan2016,Adult expanding (Suppl Fig1b),Clone 54,3,3,AB149,18.499999999999993,PP,True,True,False,True
Roshan2016,Adult expanding (Suppl Fig1b),Clone 54,3,3,AB150,12.66666666666667,PP,True,True,False,True
Roshan2016,Adult expanding (Suppl Fig1b),Clone 54,3,3,AB151,13.833333333333327,PP,True,True,False,True
Roshan2016,Adult expanding (Suppl Fig1b),Clone 55,1,1,AI4,1,PP,True,True,True,False
Roshan2016,Adult expanding (Suppl Fig1b),Clone 55,2,2,AI5,17.16666666666667,PP,True,True,False,True
Roshan2016,Adult expanding (Suppl Fig1b),Clone 55,2,2,AI6,17.5,PP,True,True,False,True
Roshan2016,Adult expanding (Suppl Fig1b),Clone 55,3,3,AI7,17.999999999999996,PP,True,True,False,True
Roshan2016,Adult expanding (Suppl Fig1b),Clone 55,3,3,AI8,18.666666666666668,PP,True,True,False,True
Roshan2016,Adult expanding (Suppl Fig1b),Clone 55,3,3,AI9,11.666666666666664,PP,True,True,False,True
Roshan2016,Adult expanding (Suppl Fig1b),Clone 55,3,3,AI10,9.5,PP,True,True,False,True
Roshan2016,Adult expanding (Suppl Fig1b),Clone 55,4,4,AI11,13.999999999999998,PP,True,True,False,True
Roshan2016,Adult expanding (Suppl Fig1b),Clone 55,4,4,AI12,16,PP,True,True,False,True
Roshan2016,Adult expanding (Suppl Fig1b),Clone 55,4,4,AI13,13,PP,True,True,False,True
Roshan2016,Adult expanding (Suppl Fig1b),Clone 55,4,4,AI14,14.5,PP,True,True,False,True
Roshan2016,Adult expanding (Suppl Fig1b),Clone 55,4,4,AI15,7.499999999999998,PP,True,True,False,True
Roshan2016,Adult expanding (Suppl Fig1b),Clone 55,4,4,AI16,7.9999999999999964,PP,True,True,False,True
Roshan2016,Adult expanding (Suppl Fig1b),Clone 55,4,4,AI17,12.166666666666668,PP,True,True,False,True
Roshan2016,Adult expanding (Suppl Fig1b),Clone 55,4,4,AI18,18.833333333333332,PP,True,True,False,True
Roshan2016,Adult expanding (Suppl Fig1b),Clone 55,5,5,AI19,10.666666666666668,PP,True,True,False,True
Roshan2016,Adult expanding (Suppl Fig1b),Clone 55,5,5,AI20,11,PP,True,True,False,True
Roshan2016,Adult expanding (Suppl Fig1b),Clone 55,5,5,AI21,10.500000000000005,PP,True,True,False,True
Roshan2016,Adult expanding (Suppl Fig1b),Clone 55,5,5,AI22,11.33333333333333,PD,True,True,False,True
Roshan2016,Adult expanding (Suppl Fig1b),Clone 55,5,5,AI23,13.000000000000004,PP,True,True,False,True
Roshan2016,Adult expanding (Suppl Fig1b),Clone 55,5,5,AI24,19.83333333333333,PP,True,True,False,True
Roshan2016,Adult expanding (Suppl Fig1b),Clone 55,5,5,AI25,11.000000000000004,PP,True,True,False,True
Roshan2016,Adult expanding (Suppl Fig1b),Clone 55,5,5,AI26,12,PP,True,True,False,True
Roshan2016,Adult expanding (Suppl Fig1b),Clone 55,5,5,AI27,11.166666666666664,PP,True,True,False,True
Roshan2016,Adult expanding (Suppl Fig1b),Clone 55,5,5,AI28,15.333333333333332,DD,True,True,False,True
Roshan2016,Adult expanding (Suppl Fig1b),Clone 55,1,1,AI71,16.833333333333336,PP,True,True,True,False
Roshan2016,Adult expanding (Suppl Fig1b),Clone 55,1,1,AI72,20.166666666666657,PP,True,True,True,False
Roshan2016,Adult expanding (Suppl Fig1b),Clone 55,1,1,AI73,9.83333333333334,PP,True,True,True,False
Roshan2016,Adult expanding (Suppl Fig1b),Clone 55,1,1,AI74,12.83333333333334,PP,True,True,True,False
Roshan2016,Adult expanding (Suppl Fig1b),Clone 55,1,1,AI75,14.499999999999996,PP,True,True,True,False
Roshan2016,Adult expanding (Suppl Fig1b),Clone 55,1,1,AI76,15.500000000000004,DD,True,True,True,False
Roshan2016,Adult expanding (Suppl Fig1b),Clone 55,1,1,AI77,17,PP,True,True,True,False
Roshan2016,Adult expanding (Suppl Fig1b),Clone 55,1,1,AI78,15.999999999999991,PP,True,True,True,False
Roshan2016,Adult expanding (Suppl Fig1b),Clone 55,1,1,AI79,24.33333333333333,PP,True,True,True,False
Roshan2016,Adult expanding (Suppl Fig1b),Clone 55,1,1,AI80,14.499999999999991,PP,True,True,True,False
Roshan2016,Adult expanding (Suppl Fig1b),Clone 55,1,1,AI81,13.166666666666679,PP,True,True,True,False
Roshan2016,Adult expanding (Suppl Fig1b),Clone 55,1,1,AI82,15.333333333333343,PP,True,True,True,False
Roshan2016,Adult expanding (Suppl Fig1b),Clone 55,1,1,AI83,10.000000000000004,PP,True,True,True,False
Roshan2016,Adult expanding (Suppl Fig1b),Clone 55,1,1,AI84,11.500000000000004,PP,True,True,True,False
Roshan2016,Adult expanding (Suppl Fig1b),Clone 55,1,1,AI85,20.83333333333334,PP,True,True,True,False
Roshan2016,Adult expanding (Suppl Fig1b),Clone 55,1,1,AI86,22.166666666666668,PP,True,True,True,False
Roshan2016,Adult expanding (Suppl Fig1b),Clone 55,1,1,AI87,11.666666666666671,PD,True,True,True,False
Roshan2016,Adult expanding (Suppl Fig1b),Clone 55,1,1,AI88,13.833333333333336,PP,True,True,True,False
Roshan2016,Adult expanding (Suppl Fig1b),Clone 55,1,1,AI89,20.499999999999996,PP,True,True,True,False
Roshan2016,Adult expanding (Suppl Fig1b),Clone 55,1,1,AI90,21.833333333333325,PP,True,True,True,False
Roshan2016,Adult expanding (Suppl Fig1b),Clone 55,1,1,AI91,20.333333333333325,PP,True,True,True,False
Roshan2016,Adult expanding (Suppl Fig1b),Clone 55,1,1,AI92,14.000000000000004,PP,True,True,True,False
Roshan2016,Adult expanding (Suppl Fig1b),Clone 55,1,1,AI93,13.666666666666657,PD,True,True,True,False
Roshan2016,Adult expanding (Suppl Fig1b),Clone 55,1,1,AI94,18.833333333333343,PP,True,True,True,False
Roshan2016,Adult expanding (Suppl Fig1b),Clone 55,1,1,AI95,20.833333333333336,PP,True,True,True,False
Roshan2016,Adult expanding (Suppl Fig1b),Clone 55,1,1,AI96,15.333333333333327,PP,True,True,True,False
Roshan2016,Adult expanding (Suppl Fig1b),Clone 55,1,1,AI97,13.166666666666663,PP,True,True,True,False
Roshan2016,Adult expanding (Suppl Fig1b),Clone 55,2,2,AI98,17.16666666666667,PP,True,True,False,True
Roshan2016,Adult expanding (Suppl Fig1b),Clone 55,2,2,AI99,18.16666666666668,PP,True,True,False,True
Roshan2016,Adult expanding (Suppl Fig1b),Clone 55,2,2,AI100,9.83333333333334,PD,True,True,False,True
Roshan2016,Adult expanding (Suppl Fig1b),Clone 55,2,2,AI101,10.500000000000004,PP,True,True,False,True
Roshan2016,Adult expanding (Suppl Fig1b),Clone 55,2,2,AI102,17.000000000000004,PD,True,True,False,True
Roshan2016,Adult expanding (Suppl Fig1b),Clone 55,2,2,AI103,17.499999999999996,PP,True,True,False,True
Roshan2016,Adult expanding (Suppl Fig1b),Clone 55,2,2,AI104,15.000000000000005,PP,True,True,False,True
Roshan2016,Adult expanding (Suppl Fig1b),Clone 55,2,2,AI105,13.333333333333332,PP,True,True,False,True
Roshan2016,Adult expanding (Suppl Fig1b),Clone 55,2,2,AI106,14.833333333333332,PP,True,True,False,True
Roshan2016,Adult expanding (Suppl Fig1b),Clone 55,2,2,AI107,11.83333333333333,PP,True,True,False,True
Roshan2016,Adult expanding (Suppl Fig1b),Clone 55,2,2,AI108,10.833333333333337,PP,True,True,False,True
Roshan2016,Adult expanding (Suppl Fig1b),Clone 55,2,2,AI109,9.500000000000009,PD,True,True,False,True
Roshan2016,Adult expanding (Suppl Fig1b),Clone 55,2,2,AI110,16.333333333333332,PP,True,True,False,True
Roshan2016,Adult expanding (Suppl Fig1b),Clone 55,2,2,AI111,24.999999999999986,DD,True,True,False,True
Roshan2016,Adult expanding (Suppl Fig1b),Clone 55,2,2,AI112,18.833333333333332,PP,True,True,False,True
Roshan2016,Adult expanding (Suppl Fig1b),Clone 55,2,2,AI113,19.99999999999999,PP,True,True,False,True
Roshan2016,Adult expanding (Suppl Fig1b),Clone 55,2,2,AI114,14.500000000000004,PD,True,True,False,True
Roshan2016,Adult expanding (Suppl Fig1b),Clone 55,2,2,AI115,13.666666666666668,PP,True,True,False,True
Roshan2016,Adult expanding (Suppl Fig1b),Clone 55,2,2,AI116,13.000000000000004,PD,True,True,False,True
Roshan2016,Adult expanding (Suppl Fig1b),Clone 55,2,2,AI117,15.166666666666668,PP,True,True,False,True
Roshan2016,Adult expanding (Suppl Fig1b),Clone 55,2,2,AI118,16.500000000000004,PP,True,True,False,True
Roshan2016,Adult expanding (Suppl Fig1b),Clone 55,2,2,AI119,16.999999999999996,PP,True,True,False,True
Roshan2016,Adult expanding (Suppl Fig1b),Clone 55,2,2,AI120,18.00000000000001,PP,True,True,False,True
Roshan2016,Adult expanding (Suppl Fig1b),Clone 55,3,3,AI121,7.833333333333335,PP,True,True,False,True
Roshan2016,Adult expanding (Suppl Fig1b),Clone 55,3,3,AI122,8.833333333333343,PP,True,True,False,True
Roshan2016,Adult expanding (Suppl Fig1b),Clone 55,3,3,AI123,14.833333333333329,PP,True,True,False,True
Roshan2016,Adult expanding (Suppl Fig1b),Clone 55,3,3,AI124,16.166666666666657,PP,True,True,False,True
Roshan2016,Adult expanding (Suppl Fig1b),Clone 55,3,3,AI125,14,PP,True,True,False,True
Roshan2016,Adult expanding (Suppl Fig1b),Clone 55,3,3,AI126,14.166666666666671,PD,True,True,False,True
Roshan2016,Adult expanding (Suppl Fig1b),Clone 55,3,3,AI127,15.33333333333334,PP,True,True,False,True
Roshan2016,Adult expanding (Suppl Fig1b),Clone 55,3,3,AI128,16.333333333333325,PD,True,True,False,True
Roshan2016,Adult expanding (Suppl Fig1b),Clone 55,3,3,AI129,21.83333333333333,PP,True,True,False,True
Roshan2016,Adult expanding (Suppl Fig1b),Clone 55,3,3,AI130,18.166666666666664,PP,True,True,False,True
Roshan2016,Adult expanding (Suppl Fig1b),Clone 55,3,3,AI131,17.833333333333332,PD,True,True,False,True
Roshan2016,Adult expanding (Suppl Fig1b),Clone 55,3,3,AI132,18.499999999999996,PP,True,True,False,True
Roshan2016,Adult expanding (Suppl Fig1b),Clone 55,3,3,AI133,14.833333333333336,PP,True,True,False,True
Roshan2016,Adult expanding (Suppl Fig1b),Clone 55,3,3,AI134,17.499999999999993,PP,True,True,False,True
Roshan2016,Adult expanding (Suppl Fig1b),Clone 55,3,3,AI135,18.000000000000007,PP,True,True,False,True
Roshan2016,Adult expanding (Suppl Fig1b),Clone 55,3,3,AI136,16.16666666666667,PP,True,True,False,True
Roshan2016,Adult expanding (Suppl Fig1b),Clone 55,3,3,AI137,11.833333333333323,PP,True,True,False,True
Roshan2016,Adult expanding (Suppl Fig1b),Clone 55,3,3,AI138,13.000000000000002,PP,True,True,False,True
Roshan2016,Adult expanding (Suppl Fig1b),Clone 55,3,3,AI139,20.500000000000004,PP,True,True,False,True
Roshan2016,Adult expanding (Suppl Fig1b),Clone 55,3,3,AI140,22.499999999999996,DD,True,True,False,True
Roshan2016,Adult expanding (Suppl Fig1b),Clone 55,3,3,AI141,21.166666666666668,PP,True,True,False,True
Roshan2016,Adult expanding (Suppl Fig1b),Clone 55,3,3,AI142,17.500000000000004,PP,True,True,False,True
Roshan2016,Adult expanding (Suppl Fig1b),Clone 55,3,3,AI143,16.333333333333325,PP,True,True,False,True
Roshan2016,Adult expanding (Suppl Fig1b),Clone 55,3,3,AI144,16.00000000000001,PP,True,True,False,True
Roshan2016,Adult expanding (Suppl Fig1b),Clone 55,3,3,AI145,15.166666666666675,PP,True,True,False,True
Roshan2016,Adult expanding (Suppl Fig1b),Clone 56,1,1,AP4,2.5,PP,True,True,True,False
Roshan2016,Adult expanding (Suppl Fig1b),Clone 56,2,2,AP5,16.666666666666668,PP,True,True,False,True
Roshan2016,Adult expanding (Suppl Fig1b),Clone 56,2,2,AP6,17.16666666666667,PP,True,True,False,True
Roshan2016,Adult expanding (Suppl Fig1b),Clone 56,3,3,AP7,17.499999999999996,PP,True,True,False,True
Roshan2016,Adult expanding (Suppl Fig1b),Clone 56,3,3,AP8,18.5,PP,True,True,False,True
Roshan2016,Adult expanding (Suppl Fig1b),Clone 56,3,3,AP9,22.500000000000004,PP,True,True,False,True
Roshan2016,Adult expanding (Suppl Fig1b),Clone 56,3,3,AP10,17.666666666666664,PP,True,True,False,True
Roshan2016,Adult expanding (Suppl Fig1b),Clone 56,4,4,AP11,14.500000000000004,PP,True,True,False,True
Roshan2016,Adult expanding (Suppl Fig1b),Clone 56,4,4,AP12,16.000000000000004,PP,True,True,False,True
Roshan2016,Adult expanding (Suppl Fig1b),Clone 56,4,4,AP13,14.833333333333334,PD,True,True,False,True
Roshan2016,Adult expanding (Suppl Fig1b),Clone 56,4,4,AP14,17.5,PP,True,True,False,True
Roshan2016,Adult expanding (Suppl Fig1b),Clone 56,4,4,AP15,17.833333333333332,PP,True,True,False,True
Roshan2016,Adult expanding (Suppl Fig1b),Clone 56,4,4,AP16,19.999999999999996,PP,True,True,False,True
Roshan2016,Adult expanding (Suppl Fig1b),Clone 56,4,4,AP17,25.166666666666664,PP,True,True,False,True
Roshan2016,Adult expanding (Suppl Fig1b),Clone 56,4,4,AP18,27.83333333333333,PP,True,True,False,True
Roshan2016,Adult expanding (Suppl Fig1b),Clone 56,5,5,AP19,16,PP,True,True,False,True
Roshan2016,Adult expanding (Suppl Fig1b),Clone 56,5,5,AP20,19.500000000000007,PP,True,True,False,True
Roshan2016,Adult expanding (Suppl Fig1b),Clone 56,5,5,AP21,16.833333333333336,PP,True,True,False,True
Roshan2016,Adult expanding (Suppl Fig1b),Clone 56,5,5,AP22,17,PP,True,True,False,True
Roshan2016,Adult expanding (Suppl Fig1b),Clone 56,5,5,AP23,20.499999999999996,PP,True,True,False,True
Roshan2016,Adult expanding (Suppl Fig1b),Clone 56,5,5,AP24,15.999999999999996,PP,True,True,False,True
Roshan2016,Adult expanding (Suppl Fig1b),Clone 56,5,5,AP25,12.999999999999996,PP,True,True,False,True
Roshan2016,Adult expanding (Suppl Fig1b),Clone 56,1,1,AP71,11.666666666666664,PP,True,True,True,False
Roshan2016,Adult expanding (Suppl Fig1b),Clone 56,1,1,AP72,12.499999999999998,PP,True,True,True,False
Roshan2016,Adult expanding (Suppl Fig1b),Clone 56,1,1,AP73,15.166666666666668,PP,True,True,True,False
Roshan2016,Adult expanding (Suppl Fig1b),Clone 56,1,1,AP74,13.99999999999999,PP,True,True,True,False
Roshan2016,Adult expanding (Suppl Fig1b),Clone 56,1,1,AP75,14.666666666666657,PP,True,True,True,False
Roshan2016,Adult expanding (Suppl Fig1b),Clone 56,1,1,AP76,13.833333333333343,PP,True,True,True,False
Roshan2016,Adult expanding (Suppl Fig1b),Clone 56,1,1,AP77,10.666666666666675,PP,True,True,True,False
Roshan2016,Adult expanding (Suppl Fig1b),Clone 56,1,1,AP78,12.666666666666668,PP,True,True,True,False
Roshan2016,Adult expanding (Suppl Fig1b),Clone 56,1,1,AP79,13,PP,True,True,True,False
Roshan2016,Adult expanding (Suppl Fig1b),Clone 56,1,1,AP80,10,PP,True,True,True,False
Roshan2016,Adult expanding (Suppl Fig1b),Clone 56,1,1,AP81,9.166666666666664,PP,True,True,True,False
Roshan2016,Adult expanding (Suppl Fig1b),Clone 56,1,1,AP82,6.666666666666678,PP,True,True,True,False
Roshan2016,Adult expanding (Suppl Fig1b),Clone 56,1,1,AP83,11.833333333333336,PP,True,True,True,False
Roshan2016,Adult expanding (Suppl Fig1b),Clone 56,1,1,AP84,12.666666666666671,PP,True,True,True,False
Roshan2016,Adult expanding (Suppl Fig1b),Clone 56,2,2,AP85,12.333333333333327,PP,True,True,False,True
Roshan2016,Adult expanding (Suppl Fig1b),Clone 56,2,2,AP86,9.499999999999998,PP,True,True,False,True
Roshan2016,Adult expanding (Suppl Fig1b),Clone 56,2,2,AP87,16.666666666666664,PP,True,True,False,True
Roshan2016,Adult expanding (Suppl Fig1b),Clone 56,2,2,AP88,15.666666666666657,PP,True,True,False,True
Roshan2016,Adult expanding (Suppl Fig1b),Clone 56,2,2,AP89,22.666666666666668,PP,True,True,False,True
Roshan2016,Adult expanding (Suppl Fig1b),Clone 56,2,2,AP90,16.666666666666668,DD,True,True,False,True
Roshan2016,Adult expanding (Suppl Fig1b),Clone 56,2,2,AP91,11.999999999999996,PD,True,True,False,True
Roshan2016,Adult expanding (Suppl Fig1b),Clone 56,2,2,AP92,11.333333333333332,PP,True,True,False,True
Roshan2016,Adult expanding (Suppl Fig1b),Clone 56,2,2,AP93,13.499999999999993,PD,True,True,False,True
Roshan2016,Adult expanding (Suppl Fig1b),Clone 56,2,2,AP94,10.499999999999993,PP,True,True,False,True
Roshan2016,Adult expanding (Suppl Fig1b),Clone 56,2,2,AP95,8.33333333333334,PP,True,True,False,True
Roshan2016,Adult expanding (Suppl Fig1b),Clone 56,2,2,AP96,10.333333333333332,PP,True,True,False,True
Roshan2016,Adult expanding (Suppl Fig1b),Clone 56,3,3,AP97,9.333333333333329,PP,True,True,False,True
Roshan2016,Adult expanding (Suppl Fig1b),Clone 56,3,3,AP98,13.166666666666663,PP,True,True,False,True
Roshan2016,Adult expanding (Suppl Fig1b),Clone 56,3,3,AP99,8.833333333333325,PP,True,True,False,True
Roshan2016,Adult expanding (Suppl Fig1b),Clone 56,3,3,AP100,10.166666666666675,PP,True,True,False,True
Roshan2016,Adult expanding (Suppl Fig1b),Clone 56,3,3,AP101,9.166666666666668,PP,True,True,False,True
Roshan2016,Adult expanding (Suppl Fig1b),Clone 56,3,3,AP102,13.000000000000004,PP,True,True,False,True
Roshan2016,Adult expanding (Suppl Fig1b),Clone 56,3,3,AP103,19.166666666666668,PP,True,True,False,True
Roshan2016,Adult expanding (Suppl Fig1b),Clone 56,3,3,AP104,17.000000000000004,PD,True,True,False,True
Roshan2016,Adult expanding (Suppl Fig1b),Clone 56,3,3,AP105,14.666666666666664,PP,True,True,False,True
Roshan2016,Adult expanding (Suppl Fig1b),Clone 56,3,3,AP106,18.166666666666657,PP,True,True,False,True
Roshan2016,Adult expanding (Suppl Fig1b),Clone 56,3,3,AP107,13.333333333333329,PD,True,True,False,True
Roshan2016,Adult expanding (Suppl Fig1b),Clone 56,3,3,AP108,14.500000000000007,PP,True,True,False,True
Roshan2016,Adult expanding (Suppl Fig1b),Clone 56,3,3,AP109,14.666666666666663,PP,True,True,False,True
Roshan2016,Adult expanding (Suppl Fig1b),Clone 56,3,3,AP110,15.000000000000005,PP,True,True,False,True
Roshan2016,NFSK EGF0 balanced(Suppl Fig5c),Clone 1,1,1,G4,38,PD,True,True,True,False
Roshan2016,NFSK EGF0 balanced(Suppl Fig5c),Clone 1,2,2,G5,10.500000000000004,PP,True,True,False,True
Roshan2016,NFSK EGF0 balanced(Suppl Fig5c),Clone 1,3,3,G6,11.166666666666668,DD,True,True,False,True
Roshan2016,NFSK EGF0 balanced(Suppl Fig5c),Clone 1,3,3,G7,18.333333333333336,PD,True,True,False,True
Roshan2016,NFSK EGF0 balanced(Suppl Fig5c),Clone 1,4,4,G8,24.333333333333332,DD,True,True,False,True
Roshan2016,NFSK EGF0 balanced(Suppl Fig5c),Clone 2,1,1,N4,33.5,PP,True,True,True,False
Roshan2016,NFSK EGF0 balanced(Suppl Fig5c),Clone 2,2,2,N5,16.833333333333336,PP,True,True,False,True
Roshan2016,NFSK EGF0 balanced(Suppl Fig5c),Clone 2,2,2,N6,17.66666666666667,DD,True,True,False,True
Roshan2016,NFSK EGF0 balanced(Suppl Fig5c),Clone 2,3,3,N7,22.833333333333336,DD,True,True,False,True
Roshan2016,NFSK EGF0 balanced(Suppl Fig5c),Clone 2,3,3,N8,23.5,DD,True,True,False,True
Roshan2016,NFSK EGF0 balanced(Suppl Fig5c),Clone 3,1,1,U4,41.333333333333336,PD,True,True,True,False
Roshan2016,NFSK EGF0 balanced(Suppl Fig5c),Clone 3,2,2,U5,17.66666666666667,PD,True,True,False,True
Roshan2016,NFSK EGF0 balanced(Suppl Fig5c),Clone 3,3,3,U6,21.333333333333336,DD,True,True,False,True
Roshan2016,NFSK EGF0 balanced(Suppl Fig5c),Clone 4,1,1,AB4,25.5,PP,True,True,True,False
Roshan2016,NFSK EGF0 balanced(Suppl Fig5c),Clone 4,2,2,AB5,12.833333333333336,DD,True,True,False,True
Roshan2016,NFSK EGF0 balanced(Suppl Fig5c),Clone 4,2,2,AB6,13.833333333333332,DD,True,True,False,True
Roshan2016,NFSK EGF0 balanced(Suppl Fig5c),Clone 5,1,1,AI4,17.833333333333332,PP,True,True,True,False
Roshan2016,NFSK EGF0 balanced(Suppl Fig5c),Clone 5,2,2,AI5,11.500000000000004,PD,True,True,False,True
Roshan2016,NFSK EGF0 balanced(Suppl Fig5c),Clone 5,2,2,AI6,16.333333333333336,PP,True,True,False,True
Roshan2016,NFSK EGF0 balanced(Suppl Fig5c),Clone 5,3,3,AI7,10,PD,True,True,False,True
Roshan2016,NFSK EGF0 balanced(Suppl Fig5c),Clone 5,3,3,AI8,9.333333333333334,PP,True,True,False,True
Roshan2016,NFSK EGF0 balanced(Suppl Fig5c),Clone 5,3,3,AI9,15.666666666666664,DD,True,True,False,True
Roshan2016,NFSK EGF0 balanced(Suppl Fig5c),Clone 5,4,4,AI10,12.999999999999993,DD,True,True,False,True
Roshan2016,NFSK EGF0 balanced(Suppl Fig5c),Clone 5,4,4,AI11,13.166666666666668,DD,True,True,False,True
Roshan2016,NFSK EGF0 balanced(Suppl Fig5c),Clone 5,4,4,AI12,16.66666666666667,PP,True,True,False,True
Roshan2016,NFSK EGF0 balanced(Suppl Fig5c),Clone 5,5,5,AI13,15.166666666666666,DD,True,True,False,True
Roshan2016,NFSK EGF0 balanced(Suppl Fig5c),Clone 5,5,5,AI14,22.833333333333336,PD,True,True,False,True
Roshan2016,NFSK EGF0 balanced(Suppl Fig5c),Clone 5,6,6,AI15,21.83333333333333,DD,True,True,False,True
Roshan2016,NFSK EGF0 balanced(Suppl Fig5c),Clone 6,1,1,AP4,25.5,PP,True,True,True,False
Roshan2016,NFSK EGF0 balanced(Suppl Fig5c),Clone 6,2,2,AP5,12.166666666666666,PP,True,True,False,True
Roshan2016,NFSK EGF0 balanced(Suppl Fig5c),Clone 6,2,2,AP6,13.166666666666668,PD,True,True,False,True
Roshan2016,NFSK EGF0 balanced(Suppl Fig5c),Clone 6,3,3,AP7,12.333333333333337,PD,True,True,False,True
Roshan2016,NFSK EGF0 balanced(Suppl Fig5c),Clone 6,3,3,AP8,14.16666666666667,DD,True,True,False,True
Roshan2016,NFSK EGF0 balanced(Suppl Fig5c),Clone 6,3,3,AP9,14.33333333333334,DD,True,True,False,True
Roshan2016,NFSK EGF0 balanced(Suppl Fig5c),Clone 6,4,4,AP10,23.66666666666667,DD,True,True,False,True
Roshan2016,NFSK EGF0 balanced(Suppl Fig5c),Clone 7,1,1,AW4,34.5,PP,True,True,True,False
Roshan2016,NFSK EGF0 balanced(Suppl Fig5c),Clone 7,2,2,AW5,15.166666666666671,PD,True,True,False,True
Roshan2016,NFSK EGF0 balanced(Suppl Fig5c),Clone 7,2,2,AW6,16.33333333333333,DD,True,True,False,True
Roshan2016,NFSK EGF0 balanced(Suppl Fig5c),Clone 7,3,3,AW7,16,DD,True,True,False,True
Roshan2016,NFSK EGF0 balanced(Suppl Fig5c),Clone 8,1,1,BD4,51,PP,True,True,True,False
Roshan2016,NFSK EGF0 balanced(Suppl Fig5c),Clone 8,2,2,BD5,12,PD,True,True,False,True
Roshan2016,NFSK EGF0 balanced(Suppl Fig5c),Clone 8,2,2,BD6,12.500000000000004,DD,True,True,False,True
Roshan2016,NFSK EGF0 balanced(Suppl Fig5c),Clone 8,3,3,BD7,24.500000000000004,DD,True,True,False,True
Roshan2016,NFSK EGF0 balanced(Suppl Fig5c),Clone 9,1,1,BK4,20.5,PP,True,True,True,False
Roshan2016,NFSK EGF0 balanced(Suppl Fig5c),Clone 9,2,2,BK5,10.833333333333336,PP,True,True,False,True
Roshan2016,NFSK EGF0 balanced(Suppl Fig5c),Clone 9,2,2,BK6,19.83333333333333,DD,True,True,False,True
Roshan2016,NFSK EGF0 balanced(Suppl Fig5c),Clone 9,3,3,BK7,13.333333333333334,DD,True,True,False,True
Roshan2016,NFSK EGF0 balanced(Suppl Fig5c),Clone 9,3,3,BK8,13.999999999999998,PP,True,True,False,True
Roshan2016,NFSK EGF0 balanced(Suppl Fig5c),Clone 9,4,4,BK9,17.333333333333336,DD,True,True,False,True
Roshan2016,NFSK EGF0 balanced(Suppl Fig5c),Clone 9,4,4,BK10,18.999999999999996,PP,True,True,False,True
Roshan2016,NFSK EGF0 balanced(Suppl Fig5c),Clone 9,5,5,BK11,12.833333333333332,PD,True,True,False,True
Roshan2016,NFSK EGF0 balanced(Suppl Fig5c),Clone 9,5,5,BK12,13.333333333333336,DD,True,True,False,True
Roshan2016,NFSK EGF0 balanced(Suppl Fig5c),Clone 9,6,6,BK13,14,DD,True,True,False,True
Roshan2016,NFSK EGF0 balanced(Suppl Fig5c),Clone 10,1,1,BR4,36.33333333333333,PP,True,True,True,False
Roshan2016,NFSK EGF0 balanced(Suppl Fig5c),Clone 10,2,2,BR5,12.833333333333332,DD,True,True,False,True
Roshan2016,NFSK EGF0 balanced(Suppl Fig5c),Clone 10,2,2,BR6,13.166666666666664,DD,True,True,False,True
Roshan2016,NFSK EGF0 balanced(Suppl Fig5c),Clone 11,1,1,BY4,22.833333333333332,PP,True,True,True,False
Roshan2016,NFSK EGF0 balanced(Suppl Fig5c),Clone 11,2,2,BY5,11.666666666666668,PP,True,True,False,True
Roshan2016,NFSK EGF0 balanced(Suppl Fig5c),Clone 11,2,2,BY6,16,PP,True,True,False,True
Roshan2016,NFSK EGF0 balanced(Suppl Fig5c),Clone 11,3,3,BY7,12.166666666666671,PD,True,True,False,True
Roshan2016,NFSK EGF0 balanced(Suppl Fig5c),Clone 11,3,3,BY8,8.500000000000002,PP,True,True,False,True
Roshan2016,NFSK EGF0 balanced(Suppl Fig5c),Clone 11,3,3,BY9,8.500000000000002,PD,True,True,False,True
Roshan2016,NFSK EGF0 balanced(Suppl Fig5c),Clone 11,3,3,BY10,22.833333333333332,DD,True,True,False,True
Roshan2016,NFSK EGF0 balanced(Suppl Fig5c),Clone 11,3,3,BY11,12.166666666666664,PP,True,True,False,True
Roshan2016,NFSK EGF0 balanced(Suppl Fig5c),Clone 11,4,4,BY12,12.166666666666664,PP,True,True,False,True
Roshan2016,NFSK EGF0 balanced(Suppl Fig5c),Clone 11,4,4,BY13,13.666666666666664,PP,True,True,False,True
Roshan2016,NFSK EGF0 balanced(Suppl Fig5c),Clone 11,4,4,BY14,14.833333333333332,DD,True,True,False,True
Roshan2016,NFSK EGF0 balanced(Suppl Fig5c),Clone 11,5,5,BY15,12.833333333333332,PP,True,True,False,True
Roshan2016,NFSK EGF0 balanced(Suppl Fig5c),Clone 11,5,5,BY16,13.166666666666664,PD,True,True,False,True
Roshan2016,NFSK EGF0 balanced(Suppl Fig5c),Clone 11,5,5,BY17,16,PP,True,True,False,True
Roshan2016,NFSK EGF0 balanced(Suppl Fig5c),Clone 11,5,5,BY18,16.83333333333333,DD,True,True,False,True
Roshan2016,NFSK EGF0 balanced(Suppl Fig5c),Clone 11,5,5,BY19,20.16666666666667,DD,True,True,False,True
Roshan2016,NFSK EGF0 balanced(Suppl Fig5c),Clone 11,5,5,BY20,13.66666666666666,DD,True,True,False,True
Roshan2016,NFSK EGF0 balanced(Suppl Fig5c),Clone 11,6,6,BY21,16.16666666666667,PD,True,True,False,True
Roshan2016,NFSK EGF0 balanced(Suppl Fig5c),Clone 11,6,6,BY22,20.83333333333333,DD,True,True,False,True
Roshan2016,NFSK EGF0 balanced(Suppl Fig5c),Clone 11,6,6,BY23,19.333333333333332,PD,True,True,False,True
Roshan2016,NFSK EGF0 balanced(Suppl Fig5c),Clone 11,6,6,BY24,39.83333333333334,DD,True,True,False,True
Roshan2016,NFSK EGF0 balanced(Suppl Fig5c),Clone 11,6,6,BY25,26.499999999999996,DD,True,True,False,True
Roshan2016,NFSK EGF0 balanced(Suppl Fig5c),Clone 11,7,7,BY26,11.666666666666668,PD,True,True,False,True
Roshan2016,NFSK EGF0 balanced(Suppl Fig5c),Clone 11,7,7,BY27,17.49999999999999,PD,True,True,False,True
Roshan2016,NFSK EGF0 balanced(Suppl Fig5c),Clone 11,8,8,BY28,15.00000000000001,DD,True,True,False,True
Roshan2016,NFSK EGF0 balanced(Suppl Fig5c),Clone 11,9,9,BY29,24.500000000000004,PD,True,True,False,True
Roshan2016,NFSK EGF0 balanced(Suppl Fig5c),Clone 12,1,1,CF4,38,PP,True,True,True,False
Roshan2016,NFSK EGF0 balanced(Suppl Fig5c),Clone 12,2,2,CF5,15.666666666666668,PP,True,True,False,True
Roshan2016,NFSK EGF0 balanced(Suppl Fig5c),Clone 12,2,2,CF6,16.666666666666664,PD,True,True,False,True
Roshan2016,NFSK EGF0 balanced(Suppl Fig5c),Clone 12,3,3,CF7,11.666666666666664,PD,True,True,False,True
Roshan2016,NFSK EGF0 balanced(Suppl Fig5c),Clone 12,3,3,CF8,20.666666666666668,PD,True,True,False,True
Roshan2016,NFSK EGF0 balanced(Suppl Fig5c),Clone 12,3,3,CF9,26.499999999999996,DD,True,True,False,True
Roshan2016,NFSK EGF0 balanced(Suppl Fig5c),Clone 12,4,4,CF10,15.666666666666664,DD,True,True,False,True
Roshan2016,NFSK EGF0 balanced(Suppl Fig5c),Clone 12,4,4,CF11,14.833333333333332,DD,True,True,False,True
Roshan2016,NFSK EGF0 balanced(Suppl Fig5c),Clone 13,1,1,CM4,23.166666666666668,PD,True,True,True,False
Roshan2016,NFSK EGF0 balanced(Suppl Fig5c),Clone 13,2,2,CM5,13.666666666666668,DD,True,True,False,True
Roshan2016,NFSK EGF0 balanced(Suppl Fig5c),Clone 14,1,1,CT4,36.666666666666664,PP,True,True,True,False
Roshan2016,NFSK EGF0 balanced(Suppl Fig5c),Clone 14,2,2,CT5,16.666666666666668,PP,True,True,False,True
Roshan2016,NFSK EGF0 balanced(Suppl Fig5c),Clone 14,2,2,CT6,17.999999999999996,PD,True,True,False,True
Roshan2016,NFSK EGF0 balanced(Suppl Fig5c),Clone 14,3,3,CT7,10.833333333333336,PD,True,True,False,True
Roshan2016,NFSK EGF0 balanced(Suppl Fig5c),Clone 14,3,3,CT8,16.999999999999996,PP,True,True,False,True
Roshan2016,NFSK EGF0 balanced(Suppl Fig5c),Clone 14,3,3,CT9,10.833333333333332,DD,True,True,False,True
Roshan2016,NFSK EGF0 balanced(Suppl Fig5c),Clone 14,4,4,CT10,20.999999999999996,PD,True,True,False,True
Roshan2016,NFSK EGF0 balanced(Suppl Fig5c),Clone 14,4,4,CT11,14.999999999999996,DD,True,True,False,True
Roshan2016,NFSK EGF0 balanced(Suppl Fig5c),Clone 14,4,4,CT12,15.33333333333334,DD,True,True,False,True
Roshan2016,NFSK EGF0 balanced(Suppl Fig5c),Clone 14,5,5,CT13,12.5,DD,True,True,False,True
Roshan2016,NFSK EGF0 balanced(Suppl Fig5c),Clone 15,1,1,DA4,23.666666666666668,PP,True,True,True,False
Roshan2016,NFSK EGF0 balanced(Suppl Fig5c),Clone 15,2,2,DA5,13.333333333333329,PP,True,True,False,True
Roshan2016,NFSK EGF0 balanced(Suppl Fig5c),Clone 15,2,2,DA6,24.999999999999996,PD,True,True,False,True
Roshan2016,NFSK EGF0 balanced(Suppl Fig5c),Clone 15,3,3,DA7,13.499999999999996,PP,True,True,False,True
Roshan2016,NFSK EGF0 balanced(Suppl Fig5c),Clone 15,3,3,DA8,13.833333333333329,PD,True,True,False,True
Roshan2016,NFSK EGF0 balanced(Suppl Fig5c),Clone 15,3,3,DA9,6.166666666666669,PP,True,True,False,True
Roshan2016,NFSK EGF0 balanced(Suppl Fig5c),Clone 15,4,4,DA10,8.666666666666671,PD,True,True,False,True
Roshan2016,NFSK EGF0 balanced(Suppl Fig5c),Clone 15,4,4,DA11,17.16666666666667,DD,True,True,False,True
Roshan2016,NFSK EGF0 balanced(Suppl Fig5c),Clone 15,4,4,DA12,19.000000000000004,DD,True,True,False,True
Roshan2016,NFSK EGF0 balanced(Suppl Fig5c),Clone 15,4,4,DA13,20.33333333333333,DD,True,True,False,True
Roshan2016,NFSK EGF0 balanced(Suppl Fig5c),Clone 15,4,4,DA14,18.333333333333336,DD,True,True,False,True
Roshan2016,NFSK EGF0 balanced(Suppl Fig5c),Clone 15,5,5,DA15,23.66666666666667,DD,True,True,False,True
Roshan2016,NFSK EGF0 balanced(Suppl Fig5c),Clone 16,1,1,DH4,56,PD,True,True,True,False
Roshan2016,NFSK EGF0 balanced(Suppl Fig5c),Clone 16,2,2,DH5,34,DD,True,True,False,True
Roshan2016,NFSK EGF0 balanced(Suppl Fig5c),Clone 17,1,1,DO4,17,PP,True,True,True,False
Roshan2016,NFSK EGF0 balanced(Suppl Fig5c),Clone 17,2,2,DO5,16.166666666666664,PP,True,True,False,True
Roshan2016,NFSK EGF0 balanced(Suppl Fig5c),Clone 17,2,2,DO6,15.666666666666668,PP,True,True,False,True
Roshan2016,NFSK EGF0 balanced(Suppl Fig5c),Clone 17,3,3,DO7,14.16666666666667,PP,True,True,False,True
Roshan2016,NFSK EGF0 balanced(Suppl Fig5c),Clone 17,3,3,DO8,18.000000000000007,PD,True,True,False,True
Roshan2016,NFSK EGF0 balanced(Suppl Fig5c),Clone 17,3,3,DO9,18.999999999999996,PP,True,True,False,True
Roshan2016,NFSK EGF0 balanced(Suppl Fig5c),Clone 17,3,3,DO10,13.166666666666668,DD,True,True,False,True
Roshan2016,NFSK EGF0 balanced(Suppl Fig5c),Clone 17,4,4,DO11,13.666666666666664,PP,True,True,False,True
Roshan2016,NFSK EGF0 balanced(Suppl Fig5c),Clone 17,4,4,DO12,17.66666666666667,PP,True,True,False,True
Roshan2016,NFSK EGF0 balanced(Suppl Fig5c),Clone 17,4,4,DO13,15.83333333333333,PP,True,True,False,True
Roshan2016,NFSK EGF0 balanced(Suppl Fig5c),Clone 17,4,4,DO14,16.666666666666668,PP,True,True,False,True
Roshan2016,NFSK EGF0 balanced(Suppl Fig5c),Clone 17,4,4,DO15,17.16666666666666,PP,True,True,False,True
Roshan2016,NFSK EGF0 balanced(Suppl Fig5c),Clone 17,5,5,DO16,23.999999999999996,PD,True,True,False,True
Roshan2016,NFSK EGF0 balanced(Suppl Fig5c),Clone 17,5,5,DO17,11.333333333333332,DD,True,True,False,True
Roshan2016,NFSK EGF0 balanced(Suppl Fig5c),Clone 17,5,5,DO18,26.166666666666664,PD,True,True,False,True
Roshan2016,NFSK EGF0 balanced(Suppl Fig5c),Clone 17,5,5,DO19,10.333333333333332,DD,True,True,False,True
Roshan2016,NFSK EGF0 balanced(Suppl Fig5c),Clone 17,5,5,DO20,9.833333333333332,DD,True,True,False,True
Roshan2016,NFSK EGF0 balanced(Suppl Fig5c),Clone 17,5,5,DO21,18.33333333333333,DD,True,True,False,True
Roshan2016,NFSK EGF0 balanced(Suppl Fig5c),Clone 17,5,5,DO22,19.499999999999996,DD,True,True,False,True
Roshan2016,NFSK EGF0 balanced(Suppl Fig5c),Clone 17,5,5,DO23,21.5,DD,True,True,False,True
Roshan2016,NFSK EGF0 balanced(Suppl Fig5c),Clone 17,5,5,DO24,22.499999999999996,PD,True,True,False,True
Roshan2016,NFSK EGF0 balanced(Suppl Fig5c),Clone 17,5,5,DO25,19.000000000000004,DD,True,True,False,True
Roshan2016,NFSK EGF0 balanced(Suppl Fig5c),Clone 17,6,6,DO26,33.33333333333333,PP,True,True,False,True
Roshan2016,NFSK EGF0 balanced(Suppl Fig5c),Clone 17,6,6,DO27,29.83333333333334,PP,True,True,False,True
Roshan2016,NFSK EGF0 balanced(Suppl Fig5c),Clone 17,6,6,DO28,14.833333333333325,PD,True,True,False,True
Roshan2016,NFSK EGF0 balanced(Suppl Fig5c),Clone 17,7,7,DO29,17.16666666666666,PD,True,True,False,True
Roshan2016,NFSK EGF0 balanced(Suppl Fig5c),Clone 17,7,7,DO30,23,PP,True,True,False,True
Roshan2016,NFSK EGF0 balanced(Suppl Fig5c),Clone 17,7,7,DO31,23.499999999999993,PP,True,True,False,True
Roshan2016,NFSK EGF0 balanced(Suppl Fig5c),Clone 17,7,7,DO32,16.16666666666667,PD,True,True,False,True
Roshan2016,NFSK EGF0 balanced(Suppl Fig5c),Clone 17,7,7,DO33,30.666666666666654,PP,True,True,False,True
Roshan2016,NFSK EGF0 balanced(Suppl Fig5c),Clone 17,8,8,DO34,17.166666666666664,PP,True,True,False,True
Roshan2016,NFSK EGF0 balanced(Suppl Fig5c),Clone 17,8,8,DO35,14.833333333333343,PP,True,True,False,True
Roshan2016,NFSK EGF0 balanced(Suppl Fig5c),Clone 18,1,1,DV4,26.333333333333336,PD,True,True,True,False
Roshan2016,NFSK EGF0 balanced(Suppl Fig5c),Clone 18,2,2,DV5,22.500000000000004,DD,True,True,False,True
Roshan2016,NFSK EGF0 balanced(Suppl Fig5c),Clone 19,1,1,EC4,28,PP,True,True,True,False
Roshan2016,NFSK EGF0 balanced(Suppl Fig5c),Clone 19,2,2,EC5,11.333333333333332,PP,True,True,False,True
Roshan2016,NFSK EGF0 balanced(Suppl Fig5c),Clone 19,2,2,EC6,12.333333333333329,PP,True,True,False,True
Roshan2016,NFSK EGF0 balanced(Suppl Fig5c),Clone 19,3,3,EC7,13.833333333333329,DD,True,True,False,True
Roshan2016,NFSK EGF0 balanced(Suppl Fig5c),Clone 19,3,3,EC8,14.999999999999996,PD,True,True,False,True
Roshan2016,NFSK EGF0 balanced(Suppl Fig5c),Clone 19,3,3,EC9,14.833333333333336,DD,True,True,False,True
Roshan2016,NFSK EGF0 balanced(Suppl Fig5c),Clone 19,3,3,EC10,16.666666666666668,DD,True,True,False,True
Roshan2016,NFSK EGF0 balanced(Suppl Fig5c),Clone 19,4,4,EC11,24.333333333333332,DD,True,True,False,True
Roshan2016,NFSK EGF0 balanced(Suppl Fig5c),Clone 20,1,1,EJ4,19.5,PP,True,True,True,False
Roshan2016,NFSK EGF0 balanced(Suppl Fig5c),Clone 20,2,2,EJ5,13.999999999999998,PP,True,True,False,True
Roshan2016,NFSK EGF0 balanced(Suppl Fig5c),Clone 20,2,2,EJ6,17.000000000000004,PP,True,True,False,True
Roshan2016,NFSK EGF0 balanced(Suppl Fig5c),Clone 20,3,3,EJ7,12.66666666666667,DD,True,True,False,True
Roshan2016,NFSK EGF0 balanced(Suppl Fig5c),Clone 20,3,3,EJ8,13.833333333333337,PP,True,True,False,True
Roshan2016,NFSK EGF0 balanced(Suppl Fig5c),Clone 20,3,3,EJ9,10.666666666666664,PP,True,True,False,True
Roshan2016,NFSK EGF0 balanced(Suppl Fig5c),Clone 20,3,3,EJ10,11.5,DD,True,True,False,True
Roshan2016,NFSK EGF0 balanced(Suppl Fig5c),Clone 20,4,4,EJ11,10.666666666666668,PD,True,True,False,True
Roshan2016,NFSK EGF0 balanced(Suppl Fig5c),Clone 20,4,4,EJ12,10.166666666666671,PP,True,True,False,True
Roshan2016,NFSK EGF0 balanced(Suppl Fig5c),Clone 20,4,4,EJ13,11.833333333333336,PD,True,True,False,True
Roshan2016,NFSK EGF0 balanced(Suppl Fig5c),Clone 20,4,4,EJ14,11.666666666666671,PD,True,True,False,True
Roshan2016,NFSK EGF0 balanced(Suppl Fig5c),Clone 20,5,5,EJ15,15.499999999999998,DD,True,True,False,True
Roshan2016,NFSK EGF0 balanced(Suppl Fig5c),Clone 20,5,5,EJ16,15.833333333333336,DD,True,True,False,True
Roshan2016,NFSK EGF0 balanced(Suppl Fig5c),Clone 20,5,5,EJ17,18.83333333333333,DD,True,True,False,True
Roshan2016,NFSK EGF0 balanced(Suppl Fig5c),Clone 20,5,5,EJ18,21.16666666666666,DD,True,True,False,True
Roshan2016,NFSK EGF0 balanced(Suppl Fig5c),Clone 20,5,5,EJ19,28.16666666666667,DD,True,True,False,True
Roshan2016,NFSK EGF0 balanced(Suppl Fig5c),Clone 21,1,1,EQ4,34.666666666666664,PP,True,True,True,False
Roshan2016,NFSK EGF0 balanced(Suppl Fig5c),Clone 21,2,2,EQ5,14.666666666666663,PD,True,True,False,True
Roshan2016,NFSK EGF0 balanced(Suppl Fig5c),Clone 21,2,2,EQ6,21.166666666666664,DD,True,True,False,True
Roshan2016,NFSK EGF0 balanced(Suppl Fig5c),Clone 21,3,3,EQ7,16.666666666666664,PD,True,True,False,True
Roshan2016,NFSK EGF0 balanced(Suppl Fig5c),Clone 21,4,4,EQ8,22.5,DD,True,True,False,True
Roshan2016,NFSK EGF0 balanced(Suppl Fig5c),Clone 22,1,1,EX4,25.666666666666664,PP,True,True,True,False
Roshan2016,NFSK EGF0 balanced(Suppl Fig5c),Clone 22,2,2,EX5,10.999999999999998,PP,True,True,False,True
Roshan2016,NFSK EGF0 balanced(Suppl Fig5c),Clone 22,2,2,EX6,11.833333333333334,PP,True,True,False,True
Roshan2016,NFSK EGF0 balanced(Suppl Fig5c),Clone 22,3,3,EX7,11.500000000000004,DD,True,True,False,True
Roshan2016,NFSK EGF0 balanced(Suppl Fig5c),Clone 22,3,3,EX8,11.333333333333336,PD,True,True,False,True
Roshan2016,NFSK EGF0 balanced(Suppl Fig5c),Clone 22,3,3,EX9,11.333333333333336,DD,True,True,False,True
Roshan2016,NFSK EGF0 balanced(Suppl Fig5c),Clone 22,3,3,EX10,22.666666666666668,PP,True,True,False,True
Roshan2016,NFSK EGF0 balanced(Suppl Fig5c),Clone 22,4,4,EX11,6.8333333333333375,DD,True,True,False,True
Roshan2016,NFSK EGF0 balanced(Suppl Fig5c),Clone 22,4,4,EX12,30.16666666666666,DD,True,True,False,True
Roshan2016,NFSK EGF0 balanced(Suppl Fig5c),Clone 22,4,4,EX13,20.83333333333333,PD,True,True,False,True
Roshan2016,NFSK EGF0 balanced(Suppl Fig5c),Clone 22,5,5,EX14,34.00000000000001,PD,True,True,False,True
Roshan2016,NFSK EGF0 balanced(Suppl Fig5c),Clone 22,6,6,EX15,16.833333333333325,PP,True,True,False,True
Roshan2016,NFSK EGF0 balanced(Suppl Fig5c),Clone 23,1,1,FE4,27.833333333333336,PP,True,True,True,False
Roshan2016,NFSK EGF0 balanced(Suppl Fig5c),Clone 23,2,2,FE5,11.166666666666668,DD,True,True,False,True
Roshan2016,NFSK EGF0 balanced(Suppl Fig5c),Clone 23,2,2,FE6,13,DD,True,True,False,True
Roshan2016,NFSK EGF0 balanced(Suppl Fig5c),Clone 24,1,1,FL4,25.666666666666664,PP,True,True,True,False
Roshan2016,NFSK EGF0 balanced(Suppl Fig5c),Clone 24,2,2,FL5,10.5,PP,True,True,False,True
Roshan2016,NFSK EGF0 balanced(Suppl Fig5c),Clone 24,2,2,FL6,11.33333333333333,DD,True,True,False,True
Roshan2016,NFSK EGF0 balanced(Suppl Fig5c),Clone 24,3,3,FL7,9.000000000000005,PP,True,True,False,True
Roshan2016,NFSK EGF0 balanced(Suppl Fig5c),Clone 24,3,3,FL8,26.333333333333325,DD,True,True,False,True
Roshan2016,NFSK EGF0 balanced(Suppl Fig5c),Clone 24,4,4,FL9,12.66666666666667,PD,True,True,False,True
Roshan2016,NFSK EGF0 balanced(Suppl Fig5c),Clone 24,4,4,FL10,7.666666666666663,DD,True,True,False,True
Roshan2016,NFSK EGF0 balanced(Suppl Fig5c),Clone 24,5,5,FL11,12.499999999999996,DD,True,True,False,True
Roshan2016,NFSK EGF0 balanced(Suppl Fig5c),Clone 25,1,1,FS4,25.166666666666668,PP,True,True,True,False
Roshan2016,NFSK EGF0 balanced(Suppl Fig5c),Clone 25,2,2,FS5,11.83333333333333,DD,True,True,False,True
Roshan2016,NFSK EGF0 balanced(Suppl Fig5c),Clone 25,2,2,FS6,20.666666666666668,DD,True,True,False,True
Roshan2016,NFSK EGF0 balanced(Suppl Fig5c),Clone 26,1,1,FZ4,36.33333333333333,PP,True,True,True,False
Roshan2016,NFSK EGF0 balanced(Suppl Fig5c),Clone 26,2,2,FZ5,12.166666666666668,PP,True,True,False,True
Roshan2016,NFSK EGF0 balanced(Suppl Fig5c),Clone 26,2,2,FZ6,17.666666666666664,PP,True,True,False,True
Roshan2016,NFSK EGF0 balanced(Suppl Fig5c),Clone 26,3,3,FZ7,14.833333333333332,PD,True,True,False,True
Roshan2016,NFSK EGF0 balanced(Suppl Fig5c),Clone 26,3,3,FZ8,21.499999999999996,DD,True,True,False,True
Roshan2016,NFSK EGF0 balanced(Suppl Fig5c),Clone 26,3,3,FZ9,30,PP,True,True,False,True
Roshan2016,NFSK EGF0 balanced(Suppl Fig5c),Clone 26,3,3,FZ10,33.833333333333336,DD,True,True,False,True
Roshan2016,NFSK EGF0 balanced(Suppl Fig5c),Clone 26,4,4,FZ11,35.16666666666667,DD,True,True,False,True
Roshan2016,NFSK EGF0 balanced(Suppl Fig5c),Clone 26,4,4,FZ12,21.833333333333336,DD,True,True,False,True
Roshan2016,NFSK EGF0 balanced(Suppl Fig5c),Clone 26,4,4,FZ13,22.999999999999993,DD,True,True,False,True
Roshan2016,NFSK EGF0 balanced(Suppl Fig5c),Clone 27,1,1,GG4,27.166666666666664,PP,True,True,True,False
Roshan2016,NFSK EGF0 balanced(Suppl Fig5c),Clone 27,2,2,GG5,10.333333333333334,PP,True,True,False,True
Roshan2016,NFSK EGF0 balanced(Suppl Fig5c),Clone 27,2,2,GG6,16.500000000000007,PP,True,True,False,True
Roshan2016,NFSK EGF0 balanced(Suppl Fig5c),Clone 27,3,3,GG7,10.333333333333329,PD,True,True,False,True
Roshan2016,NFSK EGF0 balanced(Suppl Fig5c),Clone 27,3,3,GG8,12.333333333333332,PD,True,True,False,True
Roshan2016,NFSK EGF0 balanced(Suppl Fig5c),Clone 27,3,3,GG9,10.666666666666664,PD,True,True,False,True
Roshan2016,NFSK EGF0 balanced(Suppl Fig5c),Clone 27,3,3,GG10,13.16666666666666,DD,True,True,False,True
Roshan2016,NFSK EGF0 balanced(Suppl Fig5c),Clone 27,4,4,GG11,20.16666666666667,DD,True,True,False,True
Roshan2016,NFSK EGF0 balanced(Suppl Fig5c),Clone 27,4,4,GG12,19.33333333333334,PD,True,True,False,True
Roshan2016,NFSK EGF0 balanced(Suppl Fig5c),Clone 27,4,4,GG13,22.5,PP,True,True,False,True
Roshan2016,NFSK EGF0 balanced(Suppl Fig5c),Clone 27,5,5,GG14,12.333333333333332,PD,True,True,False,True
Roshan2016,NFSK EGF0 balanced(Suppl Fig5c),Clone 27,5,5,GG15,14.333333333333336,PD,True,True,False,True
Roshan2016,NFSK EGF0 balanced(Suppl Fig5c),Clone 27,5,5,GG16,23.5,PP,True,True,False,True
Roshan2016,NFSK EGF0 balanced(Suppl Fig5c),Clone 27,6,6,GG17,7.99999999999999,PD,True,True,False,True
Roshan2016,NFSK EGF0 balanced(Suppl Fig5c),Clone 27,6,6,GG18,17.000000000000004,DD,True,True,False,True
Roshan2016,NFSK EGF0 balanced(Suppl Fig5c),Clone 27,6,6,GG19,19.33333333333334,DD,True,True,False,True
Roshan2016,NFSK EGF0 balanced(Suppl Fig5c),Clone 27,6,6,GG20,20.83333333333334,DD,True,True,False,True
Roshan2016,NFSK EGF0 balanced(Suppl Fig5c),Clone 27,7,7,GG21,22.166666666666668,PD,True,True,False,True
Roshan2016,NFSK EGF0 balanced(Suppl Fig5c),Clone 27,8,8,GG22,21.000000000000004,PP,True,True,False,True
Roshan2016,NFSK EGF0 balanced(Suppl Fig5c),Clone 28,1,1,GN4,22.166666666666668,PP,True,True,True,False
Roshan2016,NFSK EGF0 balanced(Suppl Fig5c),Clone 28,2,2,GN5,12.166666666666666,PP,True,True,False,True
Roshan2016,NFSK EGF0 balanced(Suppl Fig5c),Clone 28,2,2,GN6,13.5,PD,True,True,False,True
Roshan2016,NFSK EGF0 balanced(Suppl Fig5c),Clone 28,3,3,GN7,10.499999999999995,PD,True,True,False,True
Roshan2016,NFSK EGF0 balanced(Suppl Fig5c),Clone 28,3,3,GN8,10.999999999999998,PD,True,True,False,True
Roshan2016,NFSK EGF0 balanced(Suppl Fig5c),Clone 28,3,3,GN9,13.333333333333329,PD,True,True,False,True
Roshan2016,NFSK EGF0 balanced(Suppl Fig5c),Clone 28,4,4,GN10,15.5,PP,True,True,False,True
Roshan2016,NFSK EGF0 balanced(Suppl Fig5c),Clone 28,4,4,GN11,23.83333333333334,PD,True,True,False,True
Roshan2016,NFSK EGF0 balanced(Suppl Fig5c),Clone 28,4,4,GN12,26.666666666666668,PD,True,True,False,True
Roshan2016,NFSK EGF0 balanced(Suppl Fig5c),Clone 28,5,5,GN13,27,DD,True,True,False,True
Roshan2016,NFSK EGF0 balanced(Suppl Fig5c),Clone 28,5,5,GN14,24.999999999999996,DD,True,True,False,True
Roshan2016,NFSK EGF0 balanced(Suppl Fig5c),Clone 28,5,5,GN15,37.666666666666664,PP,True,True,False,True
Roshan2016,NFSK EGF0 balanced(Suppl Fig5c),Clone 28,5,5,GN16,17.16666666666668,PD,True,True,False,True
Roshan2016,NFSK EGF0 balanced(Suppl Fig5c),Clone 28,6,6,GN17,17.66666666666667,DD,True,True,False,True
Roshan2016,NFSK EGF0 balanced(Suppl Fig5c),Clone 28,6,6,GN18,7.833333333333332,PP,True,True,False,True
Roshan2016,NFSK EGF0 balanced(Suppl Fig5c),Clone 28,6,6,GN19,14.83333333333334,PD,True,True,False,True
Roshan2016,NFSK EGF0 balanced(Suppl Fig5c),Clone 28,7,7,GN20,28.33333333333334,PD,True,True,False,True
Roshan2016,NFSK EGF0 balanced(Suppl Fig5c),Clone 28,7,7,GN21,29.499999999999996,PP,True,True,False,True
Roshan2016,NFSK EGF0 balanced(Suppl Fig5c),Clone 28,7,7,GN22,13.166666666666663,PP,True,True,False,True
Roshan2016,NFSK EGF0 balanced(Suppl Fig5c),Clone 28,8,8,GN23,54.33333333333332,PP,True,True,False,True
Roshan2016,NFSK EGF0 balanced(Suppl Fig5c),Clone 29,1,1,GU4,23.333333333333332,PP,True,True,True,False
Roshan2016,NFSK EGF0 balanced(Suppl Fig5c),Clone 29,2,2,GU5,14.833333333333332,DD,True,True,False,True
Roshan2016,NFSK EGF0 balanced(Suppl Fig5c),Clone 29,2,2,GU6,15.166666666666664,DD,True,True,False,True
Roshan2016,NFSK EGF0 balanced(Suppl Fig5c),Clone 30,1,1,HB4,24.833333333333336,PP,True,True,True,False
Roshan2016,NFSK EGF0 balanced(Suppl Fig5c),Clone 30,2,2,HB5,11,PP,True,True,False,True
Roshan2016,NFSK EGF0 balanced(Suppl Fig5c),Clone 30,2,2,HB6,12.166666666666664,PP,True,True,False,True
Roshan2016,NFSK EGF0 balanced(Suppl Fig5c),Clone 30,3,3,HB7,12.66666666666667,PP,True,True,False,True
Roshan2016,NFSK EGF0 balanced(Suppl Fig5c),Clone 30,3,3,HB8,12.66666666666667,DD,True,True,False,True
Roshan2016,NFSK EGF0 balanced(Suppl Fig5c),Clone 30,3,3,HB9,22.83333333333333,DD,True,True,False,True
Roshan2016,NFSK EGF0 balanced(Suppl Fig5c),Clone 30,3,3,HB10,22.83333333333333,DD,True,True,False,True
Roshan2016,NFSK EGF0 balanced(Suppl Fig5c),Clone 30,4,4,HB11,12.833333333333329,PP,True,True,False,True
Roshan2016,NFSK EGF0 balanced(Suppl Fig5c),Clone 30,4,4,HB12,15.333333333333336,PD,True,True,False,True
Roshan2016,NFSK EGF0 balanced(Suppl Fig5c),Clone 30,5,5,HB13,8.500000000000002,PD,True,True,False,True
Roshan2016,NFSK EGF0 balanced(Suppl Fig5c),Clone 30,5,5,HB14,12.333333333333337,DD,True,True,False,True
Roshan2016,NFSK EGF0 balanced(Suppl Fig5c),Clone 30,5,5,HB15,6.499999999999996,DD,True,True,False,True
Roshan2016,NFSK EGF0 balanced(Suppl Fig5c),Clone 30,6,6,HB16,12.666666666666668,DD,True,True,False,True
Roshan2016,NFSK EGF0 balanced(Suppl Fig5c),Clone 31,1,1,HI4,31,PP,True,True,True,False
Roshan2016,NFSK EGF0 balanced(Suppl Fig5c),Clone 31,2,2,HI5,11.500000000000004,PD,True,True,False,True
Roshan2016,NFSK EGF0 balanced(Suppl Fig5c),Clone 31,2,2,HI6,19.333333333333336,PD,True,True,False,True
Roshan2016,NFSK EGF0 balanced(Suppl Fig5c),Clone 31,3,3,HI7,11.666666666666671,DD,True,True,False,True
Roshan2016,NFSK EGF0 balanced(Suppl Fig5c),Clone 31,3,3,HI8,25.33333333333333,PD,True,True,False,True
Roshan2016,NFSK EGF0 balanced(Suppl Fig5c),Clone 31,4,4,HI9,17,DD,True,True,False,True
Roshan2016,NFSK EGF0 balanced(Suppl Fig5c),Clone 32,1,1,HP4,21,PP,True,True,True,False
Roshan2016,NFSK EGF0 balanced(Suppl Fig5c),Clone 32,2,2,HP5,19.5,PD,True,True,False,True
Roshan2016,NFSK EGF0 balanced(Suppl Fig5c),Clone 32,2,2,HP6,18.666666666666664,PD,True,True,False,True
Roshan2016,NFSK EGF0 balanced(Suppl Fig5c),Clone 32,3,3,HP7,9.500000000000004,DD,True,True,False,True
Roshan2016,NFSK EGF0 balanced(Suppl Fig5c),Clone 32,3,3,HP8,22.666666666666668,DD,True,True,False,True
Roshan2016,NFSK EGF0 balanced(Suppl Fig5c),Clone 33,1,1,HW4,39.33333333333333,PP,True,True,True,False
Roshan2016,NFSK EGF0 balanced(Suppl Fig5c),Clone 33,2,2,HW5,11.666666666666664,PP,True,True,False,True
Roshan2016,NFSK EGF0 balanced(Suppl Fig5c),Clone 33,2,2,HW6,12.166666666666668,PD,True,True,False,True
Roshan2016,NFSK EGF0 balanced(Suppl Fig5c),Clone 33,3,3,HW7,11.666666666666668,PD,True,True,False,True
Roshan2016,NFSK EGF0 balanced(Suppl Fig5c),Clone 33,3,3,HW8,12,PD,True,True,False,True
Roshan2016,NFSK EGF0 balanced(Suppl Fig5c),Clone 33,3,3,HW9,22,DD,True,True,False,True
Roshan2016,NFSK EGF0 balanced(Suppl Fig5c),Clone 33,4,4,HW10,11.666666666666671,PD,True,True,False,True
Roshan2016,NFSK EGF0 balanced(Suppl Fig5c),Clone 33,4,4,HW11,14.166666666666664,PD,True,True,False,True
Roshan2016,NFSK EGF0 balanced(Suppl Fig5c),Clone 33,5,5,HW12,7.999999999999996,DD,True,True,False,True
Roshan2016,NFSK EGF0 balanced(Suppl Fig5c),Clone 33,5,5,HW13,12.833333333333332,PD,True,True,False,True
Roshan2016,NFSK EGF0 balanced(Suppl Fig5c),Clone 33,6,6,HW14,43.83333333333334,PP,True,True,False,True
Roshan2016,NFSK EGF0 balanced(Suppl Fig5c),Clone 34,1,1,ID4,24.166666666666664,PP,True,True,True,False
Roshan2016,NFSK EGF0 balanced(Suppl Fig5c),Clone 34,2,2,ID5,10.833333333333332,PD,True,True,False,True
Roshan2016,NFSK EGF0 balanced(Suppl Fig5c),Clone 34,2,2,ID6,15.66666666666667,PP,True,True,False,True
Roshan2016,NFSK EGF0 balanced(Suppl Fig5c),Clone 34,3,3,ID7,11.833333333333332,PP,True,True,False,True
Roshan2016,NFSK EGF0 balanced(Suppl Fig5c),Clone 34,3,3,ID8,9.499999999999996,PD,True,True,False,True
Roshan2016,NFSK EGF0 balanced(Suppl Fig5c),Clone 34,3,3,ID9,10.500000000000004,PD,True,True,False,True
Roshan2016,NFSK EGF0 balanced(Suppl Fig5c),Clone 34,4,4,ID10,12.333333333333332,PD,True,True,False,True
Roshan2016,NFSK EGF0 balanced(Suppl Fig5c),Clone 34,4,4,ID11,13.5,PD,True,True,False,True
Roshan2016,NFSK EGF0 balanced(Suppl Fig5c),Clone 34,4,4,ID12,12.333333333333337,PP,True,True,False,True
Roshan2016,NFSK EGF0 balanced(Suppl Fig5c),Clone 34,4,4,ID13,14.33333333333334,DD,True,True,False,True
Roshan2016,NFSK EGF0 balanced(Suppl Fig5c),Clone 34,5,5,ID14,11.166666666666663,DD,True,True,False,True
Roshan2016,NFSK EGF0 balanced(Suppl Fig5c),Clone 34,5,5,ID15,15.166666666666668,DD,True,True,False,True
Roshan2016,NFSK EGF0 balanced(Suppl Fig5c),Clone 34,5,5,ID16,15.83333333333333,DD,True,True,False,True
Roshan2016,NFSK EGF0 balanced(Suppl Fig5c),Clone 34,5,5,ID17,23.5,DD,True,True,False,True
Roshan2016,NFSK EGF0 balanced(Suppl Fig5c),Clone 35,1,1,IK4,56,PD,True,True,True,False
Roshan2016,NFSK EGF0 balanced(Suppl Fig5c),Clone 35,2,2,IK5,10.333333333333332,PP,True,True,False,True
Roshan2016,NFSK EGF0 balanced(Suppl Fig5c),Clone 35,3,3,IK6,10.5,DD,True,True,False,True
Roshan2016,NFSK EGF0 balanced(Suppl Fig5c),Clone 35,3,3,IK7,24.333333333333332,PD,True,True,False,True
Roshan2016,NFSK EGF0 balanced(Suppl Fig5c),Clone 35,4,4,IK8,12.66666666666666,DD,True,True,False,True
Roshan2016,NFSK EGF0 balanced(Suppl Fig5c),Clone 36,1,1,IR4,21.666666666666668,PP,True,True,True,False
Roshan2016,NFSK EGF0 balanced(Suppl Fig5c),Clone 36,2,2,IR5,10.833333333333336,PP,True,True,False,True
Roshan2016,NFSK EGF0 balanced(Suppl Fig5c),Clone 36,2,2,IR6,14.833333333333336,PD,True,True,False,True
Roshan2016,NFSK EGF0 balanced(Suppl Fig5c),Clone 36,3,3,IR7,11.500000000000004,DD,True,True,False,True
Roshan2016,NFSK EGF0 balanced(Suppl Fig5c),Clone 36,3,3,IR8,12.333333333333327,DD,True,True,False,True
Roshan2016,NFSK EGF0 balanced(Suppl Fig5c),Clone 36,3,3,IR9,10.999999999999996,PD,True,True,False,True
Roshan2016,NFSK EGF0 balanced(Suppl Fig5c),Clone 36,4,4,IR10,21.5,PD,True,True,False,True
Roshan2016,NFSK EGF0 balanced(Suppl Fig5c),Clone 36,5,5,IR11,18.999999999999996,DD,True,True,False,True
Roshan2016,NFSK EGF0 balanced(Suppl Fig5c),Clone 37,1,1,IY4,29.666666666666668,PP,True,True,True,False
Roshan2016,NFSK EGF0 balanced(Suppl Fig5c),Clone 37,2,2,IY5,11.833333333333329,PP,True,True,False,True
Roshan2016,NFSK EGF0 balanced(Suppl Fig5c),Clone 37,2,2,IY6,17.166666666666664,PP,True,True,False,True
Roshan2016,NFSK EGF0 balanced(Suppl Fig5c),Clone 37,3,3,IY7,11.333333333333332,PD,True,True,False,True
Roshan2016,NFSK EGF0 balanced(Suppl Fig5c),Clone 37,3,3,IY8,19.166666666666664,PD,True,True,False,True
Roshan2016,NFSK EGF0 balanced(Suppl Fig5c),Clone 37,3,3,IY9,17.83333333333334,PP,True,True,False,True
Roshan2016,NFSK EGF0 balanced(Suppl Fig5c),Clone 37,3,3,IY10,20.666666666666668,PD,True,True,False,True
Roshan2016,NFSK EGF0 balanced(Suppl Fig5c),Clone 37,4,4,IY11,15.833333333333336,PD,True,True,False,True
Roshan2016,NFSK EGF0 balanced(Suppl Fig5c),Clone 37,4,4,IY12,10.499999999999996,DD,True,True,False,True
Roshan2016,NFSK EGF0 balanced(Suppl Fig5c),Clone 37,4,4,IY13,8.5,DD,True,True,False,True
Roshan2016,NFSK EGF0 balanced(Suppl Fig5c),Clone 37,4,4,IY14,8.833333333333332,DD,True,True,False,True
Roshan2016,NFSK EGF0 balanced(Suppl Fig5c),Clone 37,4,4,IY15,12.166666666666671,DD,True,True,False,True
Roshan2016,NFSK EGF0 balanced(Suppl Fig5c),Clone 37,5,5,IY16,11.666666666666668,DD,True,True,False,True
Roshan2016,NFSK EGF0 balanced(Suppl Fig5c),Clone 38,1,1,JF4,46,PD,True,True,True,False
Roshan2016,NFSK EGF0 balanced(Suppl Fig5c),Clone 38,2,2,JF5,20,DD,True,True,False,True
Roshan2016,NFSK EGF0 balanced(Suppl Fig5c),Clone 39,1,1,JM4,17.833333333333332,DD,True,True,True,False
Roshan2016,NFSK EGF0 balanced(Suppl Fig5c),Clone 40,1,1,JT4,26,DD,True,True,True,False
Roshan2016,NFSK EGF0 balanced(Suppl Fig5c),Clone 41,1,1,KA4,38,DD,True,True,True,False
Roshan2016,NFSK EGF0 balanced(Suppl Fig5c),Clone 42,1,1,KH4,12.166666666666666,DD,True,True,True,False
Roshan2016,NFSK EGF0 balanced(Suppl Fig5c),Clone 43,1,1,KO4,16,DD,True,True,True,False
Roshan2016,NFSK EGF0 balanced(Suppl Fig5c),Clone 44,1,1,KV4,27.166666666666664,DD,True,True,True,False
Roshan2016,NFSK EGF0 balanced(Suppl Fig5c),Clone 45,1,1,LC4,48,DD,True,True,True,False
Roshan2016,NFSK EGF0 expanding(SupplFig5d),Clone 46,1,1,G4,13.166666666666664,PP,True,True,True,False
Roshan2016,NFSK EGF0 expanding(SupplFig5d),Clone 46,2,2,G5,20.333333333333332,PP,True,True,False,True
Roshan2016,NFSK EGF0 expanding(SupplFig5d),Clone 46,2,2,G6,23.166666666666668,PP,True,True,False,True
Roshan2016,NFSK EGF0 expanding(SupplFig5d),Clone 46,3,3,G7,12.333333333333337,PP,True,True,False,True
Roshan2016,NFSK EGF0 expanding(SupplFig5d),Clone 46,3,3,G8,13.333333333333334,PP,True,True,False,True
Roshan2016,NFSK EGF0 expanding(SupplFig5d),Clone 46,3,3,G9,12.166666666666668,PP,True,True,False,True
Roshan2016,NFSK EGF0 expanding(SupplFig5d),Clone 46,3,3,G10,13.833333333333329,PP,True,True,False,True
Roshan2016,NFSK EGF0 expanding(SupplFig5d),Clone 46,4,4,G11,14.33333333333334,PP,True,True,False,True
Roshan2016,NFSK EGF0 expanding(SupplFig5d),Clone 46,4,4,G12,16.666666666666664,PP,True,True,False,True
Roshan2016,NFSK EGF0 expanding(SupplFig5d),Clone 46,4,4,G13,17.499999999999996,PP,True,True,False,True
Roshan2016,NFSK EGF0 expanding(SupplFig5d),Clone 46,4,4,G14,18.833333333333336,PP,True,True,False,True
Roshan2016,NFSK EGF0 expanding(SupplFig5d),Clone 46,4,4,G15,14.666666666666671,PP,True,True,False,True
Roshan2016,NFSK EGF0 expanding(SupplFig5d),Clone 46,4,4,G16,17.5,PP,True,True,False,True
Roshan2016,NFSK EGF0 expanding(SupplFig5d),Clone 46,4,4,G17,19.83333333333333,PP,True,True,False,True
Roshan2016,NFSK EGF0 expanding(SupplFig5d),Clone 46,4,4,G18,21.166666666666668,PP,True,True,False,True
Roshan2016,NFSK EGF0 expanding(SupplFig5d),Clone 46,5,5,G19,12.333333333333337,PP,True,True,False,True
Roshan2016,NFSK EGF0 expanding(SupplFig5d),Clone 46,5,5,G20,13.999999999999998,PP,True,True,False,True
Roshan2016,NFSK EGF0 expanding(SupplFig5d),Clone 46,5,5,G21,10.666666666666668,PP,True,True,False,True
Roshan2016,NFSK EGF0 expanding(SupplFig5d),Clone 46,5,5,G22,13.333333333333336,PP,True,True,False,True
Roshan2016,NFSK EGF0 expanding(SupplFig5d),Clone 46,5,5,G23,11.999999999999996,PP,True,True,False,True
Roshan2016,NFSK EGF0 expanding(SupplFig5d),Clone 46,5,5,G24,13.000000000000004,PP,True,True,False,True
Roshan2016,NFSK EGF0 expanding(SupplFig5d),Clone 46,5,5,G25,9.500000000000004,PP,True,True,False,True
Roshan2016,NFSK EGF0 expanding(SupplFig5d),Clone 46,5,5,G26,16.66666666666666,PP,True,True,False,True
Roshan2016,NFSK EGF0 expanding(SupplFig5d),Clone 46,5,5,G27,22.166666666666664,PP,True,True,False,True
Roshan2016,NFSK EGF0 expanding(SupplFig5d),Clone 46,5,5,G28,21.000000000000007,PP,True,True,False,True
Roshan2016,NFSK EGF0 expanding(SupplFig5d),Clone 46,5,5,G29,20.333333333333336,PP,True,True,False,True
Roshan2016,NFSK EGF0 expanding(SupplFig5d),Clone 46,5,5,G30,15.500000000000004,PP,True,True,False,True
Roshan2016,NFSK EGF0 expanding(SupplFig5d),Clone 46,5,5,G31,11.999999999999996,PP,True,True,False,True
Roshan2016,NFSK EGF0 expanding(SupplFig5d),Clone 46,5,5,G32,13.333333333333336,PP,True,True,False,True
Roshan2016,NFSK EGF0 expanding(SupplFig5d),Clone 46,5,5,G33,17.166666666666668,PP,True,True,False,True
Roshan2016,NFSK EGF0 expanding(SupplFig5d),Clone 46,5,5,G34,17.66666666666667,PP,True,True,False,True
Roshan2016,NFSK EGF0 expanding(SupplFig5d),Clone 46,6,6,G35,12.000000000000004,PP,True,True,False,True
Roshan2016,NFSK EGF0 expanding(SupplFig5d),Clone 46,6,6,G36,10.833333333333336,PP,True,True,False,True
Roshan2016,NFSK EGF0 expanding(SupplFig5d),Clone 46,D4,D4,G109,,Div,False,False,False,False
Roshan2016,NFSK EGF0 expanding(SupplFig5d),Clone 46,1,1,G111,8,PD,True,True,True,False
Roshan2016,NFSK EGF0 expanding(SupplFig5d),Clone 46,1,1,G112,18,PP,True,True,True,False
Roshan2016,NFSK EGF0 expanding(SupplFig5d),Clone 46,1,1,G113,7.666666666666671,DD,True,True,True,False
Roshan2016,NFSK EGF0 expanding(SupplFig5d),Clone 46,1,1,G114,10.000000000000007,DD,True,True,True,False
Roshan2016,NFSK EGF0 expanding(SupplFig5d),Clone 46,2,2,G115,16.333333333333325,PD,True,True,False,True
Roshan2016,NFSK EGF0 expanding(SupplFig5d),Clone 46,2,2,G116,19.333333333333325,DD,True,True,False,True
Roshan2016,NFSK EGF0 expanding(SupplFig5d),Clone 46,2,2,G117,13.166666666666673,PP,True,True,False,True
Roshan2016,NFSK EGF0 expanding(SupplFig5d),Clone 46,2,2,G118,15.99999999999999,PD,True,True,False,True
Roshan2016,NFSK EGF0 expanding(SupplFig5d),Clone 46,2,2,G119,16.333333333333332,DD,True,True,False,True
Roshan2016,NFSK EGF0 expanding(SupplFig5d),Clone 46,2,2,G120,10.499999999999993,PD,True,True,False,True
Roshan2016,NFSK EGF0 expanding(SupplFig5d),Clone 46,2,2,G121,12.16666666666666,DD,True,True,False,True
Roshan2016,NFSK EGF0 expanding(SupplFig5d),Clone 46,3,3,G122,8.999999999999993,PD,True,True,False,True
Roshan2016,NFSK EGF0 expanding(SupplFig5d),Clone 46,3,3,G123,14.999999999999993,PD,True,True,False,True
Roshan2016,NFSK EGF0 expanding(SupplFig5d),Clone 46,3,3,G124,15.500000000000007,PD,True,True,False,True
Roshan2016,NFSK EGF0 expanding(SupplFig5d),Clone 46,3,3,G125,11.166666666666657,PD,True,True,False,True
Roshan2016,NFSK EGF0 expanding(SupplFig5d),Clone 46,3,3,G126,17.000000000000004,DD,True,True,False,True
Roshan2016,NFSK EGF0 expanding(SupplFig5d),Clone 46,3,3,G127,18.000000000000007,PD,True,True,False,True
Roshan2016,NFSK EGF0 expanding(SupplFig5d),Clone 46,4,4,G128,16.166666666666657,PP,True,True,False,True
Roshan2016,NFSK EGF0 expanding(SupplFig5d),Clone 46,4,4,G129,15.166666666666671,PP,True,True,False,True
Roshan2016,NFSK EGF0 expanding(SupplFig5d),Clone 46,4,4,G130,10,PP,True,True,False,True
Roshan2016,NFSK EGF0 expanding(SupplFig5d),Clone 46,4,4,G131,20.000000000000007,PD,True,True,False,True
Roshan2016,NFSK EGF0 expanding(SupplFig5d),Clone 46,4,4,G132,15.833333333333341,DD,True,True,False,True
Roshan2016,NFSK EGF0 expanding(SupplFig5d),Clone 46,4,4,G133,18.999999999999993,PP,True,True,False,True
Roshan2016,NFSK EGF0 expanding(SupplFig5d),Clone 46,4,4,G134,12.66666666666666,PP,True,True,False,True
Roshan2016,NFSK EGF0 expanding(SupplFig5d),Clone 46,4,4,G135,13.666666666666668,PD,True,True,False,True
Roshan2016,NFSK EGF0 expanding(SupplFig5d),Clone 46,Outer5,Outer5,G136,18.166666666666664,PP,True,True,False,False
Roshan2016,NFSK EGF0 expanding(SupplFig5d),Clone 46,Outer5,Outer5,G137,19.499999999999993,PP,True,True,False,False
Roshan2016,NFSK EGF0 expanding(SupplFig5d),Clone 46,Outer5,Outer5,G138,16.99999999999999,PP,True,True,False,False
Roshan2016,NFSK EGF0 expanding(SupplFig5d),Clone 46,Outer5,Outer5,G139,18.33333333333334,PP,True,True,False,False
Roshan2016,NFSK EGF0 expanding(SupplFig5d),Clone 46,Outer5,Outer5,G140,14.666666666666671,DD,True,True,False,False
Roshan2016,NFSK EGF0 expanding(SupplFig5d),Clone 46,Outer5,Outer5,G141,16,DD,True,True,False,False
Roshan2016,NFSK EGF0 expanding(SupplFig5d),Clone 46,Outer5,Outer5,G142,10.333333333333343,DD,True,True,False,False
Roshan2016,NFSK EGF0 expanding(SupplFig5d),Clone 46,Outer5,Outer5,G143,13.333333333333336,DD,True,True,False,False
Roshan2016,NFSK EGF0 expanding(SupplFig5d),Clone 46,Outer6,Outer6,G144,18.33333333333333,PP,True,True,False,False
Roshan2016,NFSK EGF0 expanding(SupplFig5d),Clone 46,Outer6,Outer6,G145,20,PP,True,True,False,False
Roshan2016,NFSK EGF0 expanding(SupplFig5d),Clone 46,Outer6,Outer6,G146,14.666666666666671,DD,True,True,False,False
Roshan2016,NFSK EGF0 expanding(SupplFig5d),Clone 46,Outer6,Outer6,G147,16.333333333333343,DD,True,True,False,False
Roshan2016,NFSK EGF0 expanding(SupplFig5d),Clone 46,Outer6,Outer6,G148,16.99999999999999,PP,True,True,False,False
Roshan2016,NFSK EGF0 expanding(SupplFig5d),Clone 46,Outer6,Outer6,G149,18.33333333333334,PP,True,True,False,False
Roshan2016,NFSK EGF0 expanding(SupplFig5d),Clone 46,Outer6,Outer6,G150,20.99999999999999,PP,True,True,False,False
Roshan2016,NFSK EGF0 expanding(SupplFig5d),Clone 46,Outer6,Outer6,G151,19.833333333333332,DD,True,True,False,False
Roshan2016,NFSK EGF0 expanding(SupplFig5d),Clone 46,Outer6,Outer6,G152,17.666666666666664,PP,True,True,False,False
Roshan2016,NFSK EGF0 expanding(SupplFig5d),Clone 46,Outer6,Outer6,G153,24.16666666666666,DD,True,True,False,False
Roshan2016,NFSK EGF0 expanding(SupplFig5d),Clone 47,1,1,N4,21.666666666666668,PP,True,True,True,False
Roshan2016,NFSK EGF0 expanding(SupplFig5d),Clone 47,2,2,N5,10.666666666666668,PP,True,True,False,True
Roshan2016,NFSK EGF0 expanding(SupplFig5d),Clone 47,2,2,N6,12.833333333333332,PP,True,True,False,True
Roshan2016,NFSK EGF0 expanding(SupplFig5d),Clone 47,3,3,N7,11.166666666666666,PP,True,True,False,True
Roshan2016,NFSK EGF0 expanding(SupplFig5d),Clone 47,3,3,N8,13.333333333333329,PP,True,True,False,True
Roshan2016,NFSK EGF0 expanding(SupplFig5d),Clone 47,3,3,N9,13.666666666666671,PP,True,True,False,True
Roshan2016,NFSK EGF0 expanding(SupplFig5d),Clone 47,3,3,N10,23.499999999999996,PP,True,True,False,True
Roshan2016,NFSK EGF0 expanding(SupplFig5d),Clone 47,5,5,N11,8.166666666666671,PP,True,True,False,True
Roshan2016,NFSK EGF0 expanding(SupplFig5d),Clone 47,5,5,N12,13.666666666666671,PP,True,True,False,True
Roshan2016,NFSK EGF0 expanding(SupplFig5d),Clone 47,5,5,N13,14.833333333333329,PP,True,True,False,True
Roshan2016,NFSK EGF0 expanding(SupplFig5d),Clone 47,5,5,N14,14.333333333333332,PP,True,True,False,True
Roshan2016,NFSK EGF0 expanding(SupplFig5d),Clone 47,5,5,N15,19.666666666666664,PP,True,True,False,True
Roshan2016,NFSK EGF0 expanding(SupplFig5d),Clone 47,5,5,N16,19.666666666666664,PD,True,True,False,True
Roshan2016,NFSK EGF0 expanding(SupplFig5d),Clone 47,5,5,N17,14.166666666666664,PP,True,True,False,True
Roshan2016,NFSK EGF0 expanding(SupplFig5d),Clone 47,5,5,N18,14.333333333333336,PP,True,True,False,True
Roshan2016,NFSK EGF0 expanding(SupplFig5d),Clone 47,6,6,N19,15.66666666666667,PD,True,True,False,True
Roshan2016,NFSK EGF0 expanding(SupplFig5d),Clone 47,6,6,N20,15.83333333333333,PD,True,True,False,True
Roshan2016,NFSK EGF0 expanding(SupplFig5d),Clone 47,6,6,N21,17.16666666666667,PP,True,True,False,True
Roshan2016,NFSK EGF0 expanding(SupplFig5d),Clone 47,6,6,N22,17,PP,True,True,False,True
Roshan2016,NFSK EGF0 expanding(SupplFig5d),Clone 47,6,6,N23,18.83333333333333,DD,True,True,False,True
Roshan2016,NFSK EGF0 expanding(SupplFig5d),Clone 47,6,6,N24,20.999999999999993,PP,True,True,False,True
Roshan2016,NFSK EGF0 expanding(SupplFig5d),Clone 47,6,6,N25,17.666666666666664,PD,True,True,False,True
Roshan2016,NFSK EGF0 expanding(SupplFig5d),Clone 47,6,6,N26,13.166666666666668,PD,True,True,False,True
Roshan2016,NFSK EGF0 expanding(SupplFig5d),Clone 47,6,6,N27,19.666666666666668,PD,True,True,False,True
Roshan2016,NFSK EGF0 expanding(SupplFig5d),Clone 47,6,6,N28,17.333333333333336,PP,True,True,False,True
Roshan2016,NFSK EGF0 expanding(SupplFig5d),Clone 47,6,6,N29,11.33333333333334,PP,True,True,False,True
Roshan2016,NFSK EGF0 expanding(SupplFig5d),Clone 47,6,6,N30,11.833333333333332,PP,True,True,False,True
Roshan2016,NFSK EGF0 expanding(SupplFig5d),Clone 47,6,6,N31,18.999999999999996,PP,True,True,False,True
Roshan2016,NFSK EGF0 expanding(SupplFig5d),Clone 47,6,6,N32,17.333333333333332,PP,True,True,False,True
Roshan2016,NFSK EGF0 expanding(SupplFig5d),Clone 47,6,6,N33,18.666666666666664,PP,True,True,False,True
Roshan2016,NFSK EGF0 expanding(SupplFig5d),Clone 47,7,7,N34,22.83333333333333,PP,True,True,False,True
Roshan2016,NFSK EGF0 expanding(SupplFig5d),Clone 47,7,7,N35,23.333333333333336,PP,True,True,False,True
Roshan2016,NFSK EGF0 expanding(SupplFig5d),Clone 47,7,7,N36,23.166666666666664,PP,True,True,False,True
Roshan2016,NFSK EGF0 expanding(SupplFig5d),Clone 47,7,7,N37,20.666666666666668,PP,True,True,False,True
Roshan2016,NFSK EGF0 expanding(SupplFig5d),Clone 47,7,7,N38,20.83333333333334,PP,True,True,False,True
Roshan2016,NFSK EGF0 expanding(SupplFig5d),Clone 47,7,7,N39,18.83333333333333,PD,True,True,False,True
Roshan2016,NFSK EGF0 expanding(SupplFig5d),Clone 47,7,7,N40,19.666666666666664,PP,True,True,False,True
Roshan2016,NFSK EGF0 expanding(SupplFig5d),Clone 47,7,7,N41,11.166666666666659,PP,True,True,False,True
Roshan2016,NFSK EGF0 expanding(SupplFig5d),Clone 47,7,7,N42,11.666666666666673,PD,True,True,False,True
Roshan2016,NFSK EGF0 expanding(SupplFig5d),Clone 47,7,7,N43,11.16666666666667,DD,True,True,False,True
Roshan2016,NFSK EGF0 expanding(SupplFig5d),Clone 47,7,7,N44,13.333333333333334,PD,True,True,False,True
Roshan2016,NFSK EGF0 expanding(SupplFig5d),Clone 47,7,7,N45,14.16666666666666,PD,True,True,False,True
Roshan2016,NFSK EGF0 expanding(SupplFig5d),Clone 47,7,7,N46,15.833333333333332,PD,True,True,False,True
Roshan2016,NFSK EGF0 expanding(SupplFig5d),Clone 47,7,7,N47,17.999999999999993,PP,True,True,False,True
Roshan2016,NFSK EGF0 expanding(SupplFig5d),Clone 47,7,7,N48,15.999999999999993,PP,True,True,False,True
Roshan2016,NFSK EGF0 expanding(SupplFig5d),Clone 47,7,7,N49,15.333333333333332,PP,True,True,False,True
Roshan2016,NFSK EGF0 expanding(SupplFig5d),Clone 47,7,7,N50,16.33333333333334,PD,True,True,False,True
Roshan2016,NFSK EGF0 expanding(SupplFig5d),Clone 47,7,7,N51,21.166666666666664,PP,True,True,False,True
Roshan2016,NFSK EGF0 expanding(SupplFig5d),Clone 47,7,7,N52,22.16666666666667,PD,True,True,False,True
Roshan2016,NFSK EGF0 expanding(SupplFig5d),Clone 47,7,7,N53,14.166666666666657,PP,True,True,False,True
Roshan2016,NFSK EGF0 expanding(SupplFig5d),Clone 47,7,7,N54,14.166666666666657,PP,True,True,False,True
Roshan2016,NFSK EGF0 expanding(SupplFig5d),Clone 47,7,7,N55,15.166666666666668,PD,True,True,False,True
Roshan2016,NFSK EGF0 expanding(SupplFig5d),Clone 47,7,7,N56,14.999999999999996,PD,True,True,False,True
Roshan2016,NFSK EGF0 expanding(SupplFig5d),Clone 47,1,1,N111,10.666666666666659,PP,True,True,True,False
Roshan2016,NFSK EGF0 expanding(SupplFig5d),Clone 47,1,1,N112,11.333333333333323,PP,True,True,True,False
Roshan2016,NFSK EGF0 expanding(SupplFig5d),Clone 47,1,1,N113,10.499999999999993,PD,True,True,True,False
Roshan2016,NFSK EGF0 expanding(SupplFig5d),Clone 47,1,1,N114,12.333333333333337,PD,True,True,True,False
Roshan2016,NFSK EGF0 expanding(SupplFig5d),Clone 47,1,1,N115,12.500000000000004,PD,True,True,True,False
Roshan2016,NFSK EGF0 expanding(SupplFig5d),Clone 47,1,1,N116,12.999999999999996,DD,True,True,True,False
Roshan2016,NFSK EGF0 expanding(SupplFig5d),Clone 47,2,2,N117,12.16666666666666,PP,True,True,False,True
Roshan2016,NFSK EGF0 expanding(SupplFig5d),Clone 47,2,2,N118,10.333333333333323,PP,True,True,False,True
Roshan2016,NFSK EGF0 expanding(SupplFig5d),Clone 47,2,2,N119,13.166666666666673,PD,True,True,False,True
Roshan2016,NFSK EGF0 expanding(SupplFig5d),Clone 47,2,2,N120,6.5000000000000036,PD,True,True,False,True
Roshan2016,NFSK EGF0 expanding(SupplFig5d),Clone 47,2,2,N121,12.666666666666675,PD,True,True,False,True
Roshan2016,NFSK EGF0 expanding(SupplFig5d),Clone 47,3,3,N122,20.33333333333334,PD,True,True,False,True
Roshan2016,NFSK EGF0 expanding(SupplFig5d),Clone 47,3,3,N123,19.333333333333332,PP,True,True,False,True
Roshan2016,NFSK EGF0 expanding(SupplFig5d),Clone 47,3,3,N124,6.333333333333324,DD,True,True,False,True
Roshan2016,NFSK EGF0 expanding(SupplFig5d),Clone 47,3,3,N125,8.666666666666675,PP,True,True,False,True
Roshan2016,NFSK EGF0 expanding(SupplFig5d),Clone 47,3,3,N126,9.33333333333334,PP,True,True,False,True
Roshan2016,NFSK EGF0 expanding(SupplFig5d),Clone 47,3,3,N127,14.666666666666668,PD,True,True,False,True
Roshan2016,NFSK EGF0 expanding(SupplFig5d),Clone 47,3,3,N128,16.33333333333334,PD,True,True,False,True
Roshan2016,NFSK EGF0 expanding(SupplFig5d),Clone 47,3,3,N129,15.666666666666671,PD,True,True,False,True
Roshan2016,NFSK EGF0 expanding(SupplFig5d),Clone 47,3,3,N130,18.000000000000007,DD,True,True,False,True
Roshan2016,NFSK EGF0 expanding(SupplFig5d),Clone 47,4,4,N131,16.33333333333333,PP,True,True,False,True
Roshan2016,NFSK EGF0 expanding(SupplFig5d),Clone 47,4,4,N132,20.166666666666664,PD,True,True,False,True
Roshan2016,NFSK EGF0 expanding(SupplFig5d),Clone 47,4,4,N133,9.833333333333332,PD,True,True,False,True
Roshan2016,NFSK EGF0 expanding(SupplFig5d),Clone 47,4,4,N134,12.33333333333334,PP,True,True,False,True
Roshan2016,NFSK EGF0 expanding(SupplFig5d),Clone 47,4,4,N135,13.499999999999996,PP,True,True,False,True
Roshan2016,NFSK EGF0 expanding(SupplFig5d),Clone 47,4,4,N136,17.999999999999996,PP,True,True,False,True
Roshan2016,NFSK EGF0 expanding(SupplFig5d),Clone 47,4,4,N137,11.66666666666666,PD,True,True,False,True
Roshan2016,NFSK EGF0 expanding(SupplFig5d),Clone 47,4,4,N138,13.833333333333327,DD,True,True,False,True
Roshan2016,NFSK EGF0 expanding(SupplFig5d),Clone 47,4,4,N139,11.333333333333332,PD,True,True,False,True
Roshan2016,NFSK EGF0 expanding(SupplFig5d),Clone 47,5,5,N140,17.50000000000001,PP,True,True,False,True
Roshan2016,NFSK EGF0 expanding(SupplFig5d),Clone 47,5,5,N141,14.66666666666666,DD,True,True,False,True
Roshan2016,NFSK EGF0 expanding(SupplFig5d),Clone 47,5,5,N142,15.00000000000001,PP,True,True,False,True
Roshan2016,NFSK EGF0 expanding(SupplFig5d),Clone 47,5,5,N143,12.16666666666666,DD,True,True,False,True
Roshan2016,NFSK EGF0 expanding(SupplFig5d),Clone 47,5,5,N144,14.166666666666675,DD,True,True,False,True
Roshan2016,NFSK EGF0 expanding(SupplFig5d),Clone 47,5,5,N145,9.33333333333333,DD,True,True,False,True
Roshan2016,NFSK EGF0 expanding(SupplFig5d),Clone 47,Outer6,Outer6,N146,11.333333333333336,PP,True,True,False,False
Roshan2016,NFSK EGF0 expanding(SupplFig5d),Clone 47,Outer6,Outer6,N147,11.666666666666657,PP,True,True,False,False
Roshan2016,NFSK EGF0 expanding(SupplFig5d),Clone 47,Outer6,Outer6,N148,12.500000000000009,PP,True,True,False,False
Roshan2016,NFSK EGF0 expanding(SupplFig5d),Clone 47,Outer6,Outer6,N149,13.666666666666666,PP,True,True,False,False
Roshan2016,NFSK EGF0 expanding(SupplFig5d),Clone 47,Outer6,Outer6,N150,13.16666666666666,PP,True,True,False,False
Roshan2016,NFSK EGF0 expanding(SupplFig5d),Clone 47,Outer6,Outer6,N151,13.666666666666675,PP,True,True,False,False
Roshan2016,NFSK EGF0 expanding(SupplFig5d),Clone 47,Outer6,Outer6,N152,14.666666666666668,PP,True,True,False,False
Roshan2016,NFSK EGF0 expanding(SupplFig5d),Clone 47,Outer6,Outer6,N153,15.833333333333325,PP,True,True,False,False
Roshan2016,NFSK EGF0 expanding(SupplFig5d),Clone 47,Outer6,Outer6,N154,12.999999999999996,PP,True,True,False,False
Roshan2016,NFSK EGF0 expanding(SupplFig5d),Clone 47,Outer6,Outer6,N155,13.66666666666666,PP,True,True,False,False
Roshan2016,NFSK EGF0 expanding(SupplFig5d),Clone 47,Outer6,Outer6,N156,13.000000000000007,PD,True,True,False,False
Roshan2016,NFSK EGF0 expanding(SupplFig5d),Clone 47,Outer6,Outer6,N157,15.333333333333343,PP,True,True,False,False
Roshan2016,NFSK EGF0 expanding(SupplFig5d),Clone 47,Outer6,Outer6,N158,13.666666666666664,PP,True,True,False,False
Roshan2016,NFSK EGF0 expanding(SupplFig5d),Clone 47,Outer6,Outer6,N159,13,PP,True,True,False,False
Roshan2016,NFSK EGF0 expanding(SupplFig5d),Clone 47,Outer6,Outer6,N160,14.499999999999993,PP,True,True,False,False
Roshan2016,NFSK EGF0 expanding(SupplFig5d),Clone 47,Outer6,Outer6,N161,15.166666666666657,PP,True,True,False,False
Roshan2016,NFSK EGF0 expanding(SupplFig5d),Clone 47,Outer6,Outer6,N162,18.000000000000004,PD,True,True,False,False
Roshan2016,NFSK EGF0 expanding(SupplFig5d),Clone 47,Outer6,Outer6,N163,20.833333333333332,PP,True,True,False,False
Roshan2016,NFSK EGF0 expanding(SupplFig5d),Clone 47,Outer6,Outer6,N164,18.83333333333333,PP,True,True,False,False
Roshan2016,NFSK EGF0 expanding(SupplFig5d),Clone 47,Outer6,Outer6,N165,25.833333333333332,PP,True,True,False,False
Roshan2016,NFSK EGF0 expanding(SupplFig5d),Clone 47,Outer6,Outer6,N166,22.833333333333336,PP,True,True,False,False
Roshan2016,NFSK EGF0 expanding(SupplFig5d),Clone 47,Outer6,Outer6,N167,22,PP,True,True,False,False
Roshan2016,NFSK EGF0 expanding(SupplFig5d),Clone 47,Outer6,Outer6,N168,20.166666666666657,DD,True,True,False,False
Roshan2016,NFSK EGF0 expanding(SupplFig5d),Clone 47,Outer6,Outer6,N169,19.16666666666667,PP,True,True,False,False
Roshan2016,NFSK EGF0 expanding(SupplFig5d),Clone 47,Outer6,Outer6,N170,21.833333333333343,PP,True,True,False,False
Roshan2016,NFSK EGF0 expanding(SupplFig5d),Clone 47,Outer6,Outer6,N171,11.000000000000004,PP,True,True,False,False
Roshan2016,NFSK EGF0 expanding(SupplFig5d),Clone 47,Outer6,Outer6,N172,12.999999999999996,PP,True,True,False,False
Roshan2016,NFSK EGF0 expanding(SupplFig5d),Clone 48,1,1,U4,5,PP,True,True,True,False
Roshan2016,NFSK EGF0 expanding(SupplFig5d),Clone 48,2,2,U5,18.333333333333332,PP,True,True,False,True
Roshan2016,NFSK EGF0 expanding(SupplFig5d),Clone 48,2,2,U6,20.333333333333332,PP,True,True,False,True
Roshan2016,NFSK EGF0 expanding(SupplFig5d),Clone 48,3,3,U7,9.166666666666668,PP,True,True,False,True
Roshan2016,NFSK EGF0 expanding(SupplFig5d),Clone 48,3,3,U8,12.166666666666666,PP,True,True,False,True
Roshan2016,NFSK EGF0 expanding(SupplFig5d),Clone 48,3,3,U9,13.000000000000002,PP,True,True,False,True
Roshan2016,NFSK EGF0 expanding(SupplFig5d),Clone 48,3,3,U10,16,PP,True,True,False,True
Roshan2016,NFSK EGF0 expanding(SupplFig5d),Clone 48,4,4,U11,10.499999999999996,PP,True,True,False,True
Roshan2016,NFSK EGF0 expanding(SupplFig5d),Clone 48,4,4,U12,10.833333333333329,PP,True,True,False,True
Roshan2016,NFSK EGF0 expanding(SupplFig5d),Clone 48,4,4,U13,11.833333333333329,PP,True,True,False,True
Roshan2016,NFSK EGF0 expanding(SupplFig5d),Clone 48,4,4,U14,11.33333333333334,PP,True,True,False,True
Roshan2016,NFSK EGF0 expanding(SupplFig5d),Clone 48,4,4,U15,11.999999999999996,PP,True,True,False,True
Roshan2016,NFSK EGF0 expanding(SupplFig5d),Clone 48,4,4,U16,12.5,PP,True,True,False,True
Roshan2016,NFSK EGF0 expanding(SupplFig5d),Clone 48,4,4,U17,11.999999999999996,PP,True,True,False,True
Roshan2016,NFSK EGF0 expanding(SupplFig5d),Clone 48,4,4,U18,14,PP,True,True,False,True
Roshan2016,NFSK EGF0 expanding(SupplFig5d),Clone 48,5,5,U19,19.66666666666667,PP,True,True,False,True
Roshan2016,NFSK EGF0 expanding(SupplFig5d),Clone 48,5,5,U20,19.16666666666667,PP,True,True,False,True
Roshan2016,NFSK EGF0 expanding(SupplFig5d),Clone 48,5,5,U21,14.166666666666671,PP,True,True,False,True
Roshan2016,NFSK EGF0 expanding(SupplFig5d),Clone 48,5,5,U22,15.666666666666671,PP,True,True,False,True
Roshan2016,NFSK EGF0 expanding(SupplFig5d),Clone 48,5,5,U23,11.000000000000002,PP,True,True,False,True
Roshan2016,NFSK EGF0 expanding(SupplFig5d),Clone 48,5,5,U24,11.5,PP,True,True,False,True
Roshan2016,NFSK EGF0 expanding(SupplFig5d),Clone 48,5,5,U25,11.5,PD,True,True,False,True
Roshan2016,NFSK EGF0 expanding(SupplFig5d),Clone 48,5,5,U26,12.833333333333336,PP,True,True,False,True
Roshan2016,NFSK EGF0 expanding(SupplFig5d),Clone 48,5,5,U27,15.83333333333333,PP,True,True,False,True
Roshan2016,NFSK EGF0 expanding(SupplFig5d),Clone 48,5,5,U28,18.5,PD,True,True,False,True
Roshan2016,NFSK EGF0 expanding(SupplFig5d),Clone 48,5,5,U29,19.166666666666664,PP,True,True,False,True
Roshan2016,NFSK EGF0 expanding(SupplFig5d),Clone 48,5,5,U30,19.333333333333336,PP,True,True,False,True
Roshan2016,NFSK EGF0 expanding(SupplFig5d),Clone 48,5,5,U31,13.333333333333334,PP,True,True,False,True
Roshan2016,NFSK EGF0 expanding(SupplFig5d),Clone 48,5,5,U32,14.999999999999995,PP,True,True,False,True
Roshan2016,NFSK EGF0 expanding(SupplFig5d),Clone 48,5,5,U33,12.999999999999996,PD,True,True,False,True
Roshan2016,NFSK EGF0 expanding(SupplFig5d),Clone 48,5,5,U34,12.999999999999996,PP,True,True,False,True
Roshan2016,NFSK EGF0 expanding(SupplFig5d),Clone 48,6,6,U35,14.500000000000002,PP,True,True,False,True
Roshan2016,NFSK EGF0 expanding(SupplFig5d),Clone 48,6,6,U36,16,PP,True,True,False,True
Roshan2016,NFSK EGF0 expanding(SupplFig5d),Clone 48,6,6,U37,16.333333333333336,DD,True,True,False,True
Roshan2016,NFSK EGF0 expanding(SupplFig5d),Clone 48,6,6,U38,17.5,DD,True,True,False,True
Roshan2016,NFSK EGF0 expanding(SupplFig5d),Clone 48,6,6,U39,8.666666666666664,PD,True,True,False,True
Roshan2016,NFSK EGF0 expanding(SupplFig5d),Clone 48,1,1,U111,18.166666666666664,PP,True,True,True,False
Roshan2016,NFSK EGF0 expanding(SupplFig5d),Clone 48,1,1,U112,20.999999999999993,PP,True,True,True,False
Roshan2016,NFSK EGF0 expanding(SupplFig5d),Clone 48,1,1,U113,16.83333333333334,PP,True,True,True,False
Roshan2016,NFSK EGF0 expanding(SupplFig5d),Clone 48,1,1,U114,16.99999999999999,PD,True,True,True,False
Roshan2016,NFSK EGF0 expanding(SupplFig5d),Clone 48,1,1,U115,15.833333333333329,PP,True,True,True,False
Roshan2016,NFSK EGF0 expanding(SupplFig5d),Clone 48,1,1,U116,15.500000000000007,PP,True,True,True,False
Roshan2016,NFSK EGF0 expanding(SupplFig5d),Clone 48,1,1,U117,10.166666666666664,PD,True,True,True,False
Roshan2016,NFSK EGF0 expanding(SupplFig5d),Clone 48,1,1,U118,11.499999999999993,DD,True,True,True,False
Roshan2016,NFSK EGF0 expanding(SupplFig5d),Clone 48,1,1,U119,11.000000000000007,PD,True,True,True,False
Roshan2016,NFSK EGF0 expanding(SupplFig5d),Clone 48,1,1,U120,11.166666666666659,PD,True,True,True,False
Roshan2016,NFSK EGF0 expanding(SupplFig5d),Clone 48,1,1,U121,20.166666666666657,PP,True,True,True,False
Roshan2016,NFSK EGF0 expanding(SupplFig5d),Clone 48,1,1,U122,20,DD,True,True,True,False
Roshan2016,NFSK EGF0 expanding(SupplFig5d),Clone 48,1,1,U123,19.333333333333336,PD,True,True,True,False
Roshan2016,NFSK EGF0 expanding(SupplFig5d),Clone 48,2,2,U124,12.16666666666666,PP,True,True,False,True
Roshan2016,NFSK EGF0 expanding(SupplFig5d),Clone 48,2,2,U125,12.16666666666666,PD,True,True,False,True
Roshan2016,NFSK EGF0 expanding(SupplFig5d),Clone 48,2,2,U126,19.83333333333334,DD,True,True,False,True
Roshan2016,NFSK EGF0 expanding(SupplFig5d),Clone 48,2,2,U127,20.666666666666675,PD,True,True,False,True
Roshan2016,NFSK EGF0 expanding(SupplFig5d),Clone 48,2,2,U128,21.66666666666666,PP,True,True,False,True
Roshan2016,NFSK EGF0 expanding(SupplFig5d),Clone 48,2,2,U129,12.000000000000007,PD,True,True,False,True
Roshan2016,NFSK EGF0 expanding(SupplFig5d),Clone 48,2,2,U130,11.999999999999993,PD,True,True,False,True
Roshan2016,NFSK EGF0 expanding(SupplFig5d),Clone 48,2,2,U131,13.166666666666671,PD,True,True,False,True
Roshan2016,NFSK EGF0 expanding(SupplFig5d),Clone 48,3,3,U132,18.66666666666666,PP,True,True,False,True
Roshan2016,NFSK EGF0 expanding(SupplFig5d),Clone 48,3,3,U133,18.66666666666666,PD,True,True,False,True
Roshan2016,NFSK EGF0 expanding(SupplFig5d),Clone 48,3,3,U134,16,PD,True,True,False,True
Roshan2016,NFSK EGF0 expanding(SupplFig5d),Clone 48,3,3,U135,17.66666666666667,PP,True,True,False,True
Roshan2016,NFSK EGF0 expanding(SupplFig5d),Clone 48,3,3,U136,20.166666666666657,PD,True,True,False,True
Roshan2016,NFSK EGF0 expanding(SupplFig5d),Clone 48,3,3,U137,17,PD,True,True,False,True
Roshan2016,NFSK EGF0 expanding(SupplFig5d),Clone 48,3,3,U138,18.166666666666657,PP,True,True,False,True
Roshan2016,NFSK EGF0 expanding(SupplFig5d),Clone 48,3,3,U139,13.499999999999993,DD,True,True,False,True
Roshan2016,NFSK EGF0 expanding(SupplFig5d),Clone 48,3,3,U140,17.833333333333332,DD,True,True,False,True
Roshan2016,NFSK EGF0 expanding(SupplFig5d),Clone 48,4,4,U141,10.166666666666668,PP,True,True,False,True
Roshan2016,NFSK EGF0 expanding(SupplFig5d),Clone 48,4,4,U142,11.166666666666675,PD,True,True,False,True
Roshan2016,NFSK EGF0 expanding(SupplFig5d),Clone 48,4,4,U143,11.166666666666664,PP,True,True,False,True
Roshan2016,NFSK EGF0 expanding(SupplFig5d),Clone 48,4,4,U144,12.499999999999993,PD,True,True,False,True
Roshan2016,NFSK EGF0 expanding(SupplFig5d),Clone 48,4,4,U145,18.999999999999993,PP,True,True,False,True
Roshan2016,NFSK EGF0 expanding(SupplFig5d),Clone 48,4,4,U146,16.99999999999999,PD,True,True,False,True
Roshan2016,NFSK EGF0 expanding(SupplFig5d),Clone 48,4,4,U147,20.999999999999996,DD,True,True,False,True
Roshan2016,NFSK EGF0 expanding(SupplFig5d),Clone 48,4,4,U148,18.666666666666657,PD,True,True,False,True
Roshan2016,NFSK EGF0 expanding(SupplFig5d),Clone 48,4,4,U149,14.33333333333333,PP,True,True,False,True
Roshan2016,NFSK EGF0 expanding(SupplFig5d),Clone 48,4,4,U150,14.500000000000002,PD,True,True,False,True
Roshan2016,NFSK EGF0 expanding(SupplFig5d),Clone 48,5,5,U151,15.333333333333327,PP,True,True,False,True
Roshan2016,NFSK EGF0 expanding(SupplFig5d),Clone 48,5,5,U152,12.499999999999998,DD,True,True,False,True
Roshan2016,NFSK EGF0 expanding(SupplFig5d),Clone 48,5,5,U153,22.666666666666664,PP,True,True,False,True
Roshan2016,NFSK EGF0 expanding(SupplFig5d),Clone 48,5,5,U154,19.16666666666667,PP,True,True,False,True
Roshan2016,NFSK EGF0 expanding(SupplFig5d),Clone 48,5,5,U155,17.333333333333332,DD,True,True,False,True
Roshan2016,NFSK EGF0 expanding(SupplFig5d),Clone 48,5,5,U156,18.49999999999999,DD,True,True,False,True
Roshan2016,NFSK EGF0 expanding(SupplFig5d),Clone 48,5,5,U157,15.66666666666667,PP,True,True,False,True
Roshan2016,NFSK EGF0 expanding(SupplFig5d),Clone 48,5,5,U158,14.166666666666668,DD,True,True,False,True
Roshan2016,NFSK EGF0 expanding(SupplFig5d),Clone 48,5,5,U159,17.50000000000001,DD,True,True,False,True
Roshan2016,NFSK EGF0 expanding(SupplFig5d),Clone 48,Outer6,Outer6,U160,13.166666666666675,PP,True,True,False,False
Roshan2016,NFSK EGF0 expanding(SupplFig5d),Clone 48,Outer6,Outer6,U161,14.16666666666666,PP,True,True,False,False
Roshan2016,NFSK EGF0 expanding(SupplFig5d),Clone 48,Outer6,Outer6,U162,20.833333333333336,PP,True,True,False,False
Roshan2016,NFSK EGF0 expanding(SupplFig5d),Clone 48,Outer6,Outer6,U163,17.666666666666664,PD,True,True,False,False
Roshan2016,NFSK EGF0 expanding(SupplFig5d),Clone 48,Outer6,Outer6,U164,15.833333333333332,PP,True,True,False,False
Roshan2016,NFSK EGF0 expanding(SupplFig5d),Clone 48,Outer6,Outer6,U165,14.500000000000004,PP,True,True,False,False
Roshan2016,NFSK EGF0 expanding(SupplFig5d),Clone 48,Outer6,Outer6,U166,11.16666666666667,PP,True,True,False,False
Roshan2016,NFSK EGF0 expanding(SupplFig5d),Clone 48,Outer6,Outer6,U167,13.999999999999998,PP,True,True,False,False
Roshan2016,NFSK EGF0 expanding(SupplFig5d),Clone 48,Outer6,Outer6,U168,15,PP,True,True,False,False
Roshan2016,NFSK EGF0 expanding(SupplFig5d),Clone 48,Outer6,Outer6,U169,10.333333333333327,PD,True,True,False,False
Roshan2016,NFSK EGF0 expanding(SupplFig5d),Clone 48,Outer6,Outer6,U170,10.999999999999991,PP,True,True,False,False
Roshan2016,NFSK EGF0 expanding(SupplFig5d),Clone 48,Outer6,Outer6,U171,15.499999999999996,PP,True,True,False,False
Roshan2016,NFSK EGF0 expanding(SupplFig5d),Clone 48,Outer6,Outer6,U172,14.166666666666668,PD,True,True,False,False
Roshan2016,NFSK EGF0 expanding(SupplFig5d),Clone 48,Outer6,Outer6,U173,12.166666666666675,PP,True,True,False,False
Roshan2016,NFSK EGF0 expanding(SupplFig5d),Clone 48,Outer6,Outer6,U174,12.666666666666668,PP,True,True,False,False
Roshan2016,NFSK EGF0 expanding(SupplFig5d),Clone 48,Outer6,Outer6,U175,11.666666666666675,PP,True,True,False,False
Roshan2016,NFSK EGF0 expanding(SupplFig5d),Clone 48,Outer6,Outer6,U176,17.333333333333332,PP,True,True,False,False
Roshan2016,NFSK EGF0 expanding(SupplFig5d),Clone 48,Outer6,Outer6,U177,12.333333333333343,PP,True,True,False,False
Roshan2016,NFSK EGF0 expanding(SupplFig5d),Clone 48,Outer6,Outer6,U178,21.666666666666664,PP,True,True,False,False
Roshan2016,NFSK EGF0 expanding(SupplFig5d),Clone 48,Outer6,Outer6,U179,16.666666666666664,PP,True,True,False,False
Roshan2016,NFSK EGF0 expanding(SupplFig5d),Clone 48,Outer6,Outer6,U180,16.33333333333334,PP,True,True,False,False
Roshan2016,NFSK EGF0 expanding(SupplFig5d),Clone 48,Outer6,Outer6,U181,19.166666666666668,PP,True,True,False,False
Roshan2016,NFSK EGF0 expanding(SupplFig5d),Clone 48,Outer6,Outer6,U182,13.666666666666668,PP,True,True,False,False
Roshan2016,NFSK EGF0 expanding(SupplFig5d),Clone 48,Outer6,Outer6,U183,12.833333333333332,PP,True,True,False,False
Roshan2016,NFSK EGF0 expanding(SupplFig5d),Clone 48,Outer6,Outer6,U184,17.333333333333336,PP,True,True,False,False
Roshan2016,NFSK EGF0 expanding(SupplFig5d),Clone 49,1,1,AB4,19.333333333333332,PP,True,True,True,False
Roshan2016,NFSK EGF0 expanding(SupplFig5d),Clone 49,2,2,AB5,11.833333333333336,PP,True,True,False,True
Roshan2016,NFSK EGF0 expanding(SupplFig5d),Clone 49,2,2,AB6,14.333333333333332,PP,True,True,False,True
Roshan2016,NFSK EGF0 expanding(SupplFig5d),Clone 49,3,3,AB7,11.83333333333333,PP,True,True,False,True
Roshan2016,NFSK EGF0 expanding(SupplFig5d),Clone 49,3,3,AB8,10.333333333333337,PP,True,True,False,True
Roshan2016,NFSK EGF0 expanding(SupplFig5d),Clone 49,3,3,AB9,14.833333333333329,PP,True,True,False,True
Roshan2016,NFSK EGF0 expanding(SupplFig5d),Clone 49,3,3,AB10,13.000000000000007,PP,True,True,False,True
Roshan2016,NFSK EGF0 expanding(SupplFig5d),Clone 49,4,4,AB11,8.166666666666668,PP,True,True,False,True
Roshan2016,NFSK EGF0 expanding(SupplFig5d),Clone 49,4,4,AB12,10.666666666666664,PP,True,True,False,True
Roshan2016,NFSK EGF0 expanding(SupplFig5d),Clone 49,4,4,AB13,13.166666666666664,PP,True,True,False,True
Roshan2016,NFSK EGF0 expanding(SupplFig5d),Clone 49,4,4,AB14,11.999999999999996,PP,True,True,False,True
Roshan2016,NFSK EGF0 expanding(SupplFig5d),Clone 49,4,4,AB15,17.333333333333332,PP,True,True,False,True
Roshan2016,NFSK EGF0 expanding(SupplFig5d),Clone 49,4,4,AB16,13.999999999999996,PP,True,True,False,True
Roshan2016,NFSK EGF0 expanding(SupplFig5d),Clone 49,4,4,AB17,13.999999999999996,PP,True,True,False,True
Roshan2016,NFSK EGF0 expanding(SupplFig5d),Clone 49,4,4,AB18,14.833333333333336,PP,True,True,False,True
Roshan2016,NFSK EGF0 expanding(SupplFig5d),Clone 49,5,5,AB19,11.999999999999996,PP,True,True,False,True
Roshan2016,NFSK EGF0 expanding(SupplFig5d),Clone 49,5,5,AB20,12.5,PP,True,True,False,True
Roshan2016,NFSK EGF0 expanding(SupplFig5d),Clone 49,5,5,AB21,15.16666666666666,PP,True,True,False,True
Roshan2016,NFSK EGF0 expanding(SupplFig5d),Clone 49,5,5,AB22,16.166666666666668,PP,True,True,False,True
Roshan2016,NFSK EGF0 expanding(SupplFig5d),Clone 49,5,5,AB23,14.666666666666668,DD,True,True,False,True
Roshan2016,NFSK EGF0 expanding(SupplFig5d),Clone 49,5,5,AB24,15.833333333333336,PD,True,True,False,True
Roshan2016,NFSK EGF0 expanding(SupplFig5d),Clone 49,5,5,AB25,14.33333333333333,PP,True,True,False,True
Roshan2016,NFSK EGF0 expanding(SupplFig5d),Clone 49,5,5,AB26,11.999999999999996,PD,True,True,False,True
Roshan2016,NFSK EGF0 expanding(SupplFig5d),Clone 49,5,5,AB27,14.999999999999996,PP,True,True,False,True
Roshan2016,NFSK EGF0 expanding(SupplFig5d),Clone 49,5,5,AB28,17.33333333333333,DD,True,True,False,True
Roshan2016,NFSK EGF0 expanding(SupplFig5d),Clone 49,5,5,AB29,17.999999999999996,PD,True,True,False,True
Roshan2016,NFSK EGF0 expanding(SupplFig5d),Clone 49,5,5,AB30,18.833333333333332,PP,True,True,False,True
Roshan2016,NFSK EGF0 expanding(SupplFig5d),Clone 49,5,5,AB31,19.499999999999996,PP,True,True,False,True
Roshan2016,NFSK EGF0 expanding(SupplFig5d),Clone 49,5,5,AB32,19.333333333333332,PP,True,True,False,True
Roshan2016,NFSK EGF0 expanding(SupplFig5d),Clone 49,5,5,AB33,19.500000000000004,PD,True,True,False,True
Roshan2016,NFSK EGF0 expanding(SupplFig5d),Clone 49,5,5,AB34,20.333333333333332,DD,True,True,False,True
Roshan2016,NFSK EGF0 expanding(SupplFig5d),Clone 49,6,6,AB35,14.166666666666664,PP,True,True,False,True
Roshan2016,NFSK EGF0 expanding(SupplFig5d),Clone 49,6,6,AB36,13.333333333333332,PP,True,True,False,True
Roshan2016,NFSK EGF0 expanding(SupplFig5d),Clone 49,6,6,AB37,13.833333333333336,PP,True,True,False,True
Roshan2016,NFSK EGF0 expanding(SupplFig5d),Clone 49,6,6,AB38,15.833333333333332,PP,True,True,False,True
Roshan2016,NFSK EGF0 expanding(SupplFig5d),Clone 49,6,6,AB39,15.500000000000004,PP,True,True,False,True
Roshan2016,NFSK EGF0 expanding(SupplFig5d),Clone 49,6,6,AB40,16.166666666666664,PP,True,True,False,True
Roshan2016,NFSK EGF0 expanding(SupplFig5d),Clone 49,6,6,AB41,20.666666666666664,PP,True,True,False,True
Roshan2016,NFSK EGF0 expanding(SupplFig5d),Clone 49,6,6,AB42,20.16666666666667,PP,True,True,False,True
Roshan2016,NFSK EGF0 expanding(SupplFig5d),Clone 49,6,6,AB43,15.999999999999996,PP,True,True,False,True
Roshan2016,NFSK EGF0 expanding(SupplFig5d),Clone 49,6,6,AB44,15.999999999999996,PP,True,True,False,True
Roshan2016,NFSK EGF0 expanding(SupplFig5d),Clone 49,6,6,AB45,15.999999999999996,PP,True,True,False,True
Roshan2016,NFSK EGF0 expanding(SupplFig5d),Clone 49,6,6,AB46,17.666666666666668,PP,True,True,False,True
Roshan2016,NFSK EGF0 expanding(SupplFig5d),Clone 49,1,1,AB111,19.166666666666668,DD,True,True,True,False
Roshan2016,NFSK EGF0 expanding(SupplFig5d),Clone 49,1,1,AB112,19.833333333333332,DD,True,True,True,False
Roshan2016,NFSK EGF0 expanding(SupplFig5d),Clone 49,2,2,AB113,19.166666666666668,DD,True,True,False,True
Roshan2016,NFSK EGF0 expanding(SupplFig5d),Clone 49,2,2,AB114,21.333333333333332,DD,True,True,False,True
Roshan2016,NFSK EGF0 expanding(SupplFig5d),Clone 49,3,3,AB115,20.66666666666667,PD,True,True,False,True
Roshan2016,NFSK EGF0 expanding(SupplFig5d),Clone 49,3,3,AB116,23.83333333333332,DD,True,True,False,True
Roshan2016,NFSK EGF0 expanding(SupplFig5d),Clone 49,3,3,AB117,15.000000000000007,PD,True,True,False,True
Roshan2016,NFSK EGF0 expanding(SupplFig5d),Clone 49,3,3,AB118,16.333333333333336,DD,True,True,False,True
Roshan2016,NFSK EGF0 expanding(SupplFig5d),Clone 49,4,4,AB119,11.499999999999996,PD,True,True,False,True
Roshan2016,NFSK EGF0 expanding(SupplFig5d),Clone 49,4,4,AB120,11.83333333333334,DD,True,True,False,True
Roshan2016,NFSK EGF0 expanding(SupplFig5d),Clone 49,4,4,AB121,14.500000000000004,PD,True,True,False,True
Roshan2016,NFSK EGF0 expanding(SupplFig5d),Clone 49,4,4,AB122,11.66666666666666,DD,True,True,False,True
Roshan2016,NFSK EGF0 expanding(SupplFig5d),Clone 49,5,5,AB123,16.333333333333343,PD,True,True,False,True
Roshan2016,NFSK EGF0 expanding(SupplFig5d),Clone 49,5,5,AB124,17.5,DD,True,True,False,True
Roshan2016,NFSK EGF0 expanding(SupplFig5d),Clone 49,5,5,AB125,11.83333333333334,DD,True,True,False,True
Roshan2016,NFSK EGF0 expanding(SupplFig5d),Clone 49,6,6,AB126,13.333333333333325,PP,True,True,False,True
Roshan2016,NFSK EGF0 expanding(SupplFig5d),Clone 49,6,6,AB127,19.499999999999996,PP,True,True,False,True
Roshan2016,NFSK EGF0 expanding(SupplFig5d),Clone 49,6,6,AB128,14.999999999999993,DD,True,True,False,True
Roshan2016,NFSK EGF0 expanding(SupplFig5d),Clone 49,6,6,AB129,29.666666666666668,PP,True,True,False,True
Roshan2016,NFSK EGF0 expanding(SupplFig5d),Clone 49,6,6,AB130,13.666666666666668,DD,True,True,False,True
Roshan2016,NFSK EGF0 expanding(SupplFig5d),Clone 49,6,6,AB131,14.833333333333325,PP,True,True,False,True
Roshan2016,NFSK EGF0 expanding(SupplFig5d),Clone 49,6,6,AB132,11.5,DD,True,True,False,True
Roshan2016,NFSK EGF0 expanding(SupplFig5d),Clone 49,6,6,AB133,14.666666666666671,DD,True,True,False,True
Roshan2016,NFSK EGF0 expanding(SupplFig5d),Clone 50,1,1,AI4,28.833333333333332,PP,True,True,True,False
Roshan2016,NFSK EGF0 expanding(SupplFig5d),Clone 50,2,2,AI5,11.166666666666664,PP,True,True,False,True
Roshan2016,NFSK EGF0 expanding(SupplFig5d),Clone 50,2,2,AI6,13.166666666666668,PP,True,True,False,True
Roshan2016,NFSK EGF0 expanding(SupplFig5d),Clone 50,3,3,AI7,10.166666666666664,PP,True,True,False,True
Roshan2016,NFSK EGF0 expanding(SupplFig5d),Clone 50,3,3,AI8,11.166666666666671,PP,True,True,False,True
Roshan2016,NFSK EGF0 expanding(SupplFig5d),Clone 50,3,3,AI9,9.833333333333336,PP,True,True,False,True
Roshan2016,NFSK EGF0 expanding(SupplFig5d),Clone 50,3,3,AI10,10.5,PP,True,True,False,True
Roshan2016,NFSK EGF0 expanding(SupplFig5d),Clone 50,4,4,AI11,9.333333333333329,PP,True,True,False,True
Roshan2016,NFSK EGF0 expanding(SupplFig5d),Clone 50,4,4,AI12,9.5,PP,True,True,False,True
Roshan2016,NFSK EGF0 expanding(SupplFig5d),Clone 50,4,4,AI13,9.333333333333336,PP,True,True,False,True
Roshan2016,NFSK EGF0 expanding(SupplFig5d),Clone 50,4,4,AI14,9.83333333333334,PP,True,True,False,True
Roshan2016,NFSK EGF0 expanding(SupplFig5d),Clone 50,4,4,AI15,12.000000000000005,PP,True,True,False,True
Roshan2016,NFSK EGF0 expanding(SupplFig5d),Clone 50,4,4,AI16,16.666666666666664,PP,True,True,False,True
Roshan2016,NFSK EGF0 expanding(SupplFig5d),Clone 50,4,4,AI17,17.166666666666664,PP,True,True,False,True
Roshan2016,NFSK EGF0 expanding(SupplFig5d),Clone 50,4,4,AI18,18.16666666666667,PP,True,True,False,True
Roshan2016,NFSK EGF0 expanding(SupplFig5d),Clone 50,5,5,AI19,15.83333333333333,PP,True,True,False,True
Roshan2016,NFSK EGF0 expanding(SupplFig5d),Clone 50,5,5,AI20,16.666666666666664,PD,True,True,False,True
Roshan2016,NFSK EGF0 expanding(SupplFig5d),Clone 50,5,5,AI21,19.66666666666666,PP,True,True,False,True
Roshan2016,NFSK EGF0 expanding(SupplFig5d),Clone 50,5,5,AI22,19.833333333333332,PP,True,True,False,True
Roshan2016,NFSK EGF0 expanding(SupplFig5d),Clone 50,5,5,AI23,25.33333333333333,PP,True,True,False,True
Roshan2016,NFSK EGF0 expanding(SupplFig5d),Clone 50,5,5,AI24,26.16666666666667,PP,True,True,False,True
Roshan2016,NFSK EGF0 expanding(SupplFig5d),Clone 50,5,5,AI25,27.16666666666666,PD,True,True,False,True
Roshan2016,NFSK EGF0 expanding(SupplFig5d),Clone 50,5,5,AI26,27.166666666666664,PP,True,True,False,True
Roshan2016,NFSK EGF0 expanding(SupplFig5d),Clone 50,5,5,AI27,22,PD,True,True,False,True
Roshan2016,NFSK EGF0 expanding(SupplFig5d),Clone 50,5,5,AI28,19,PP,True,True,False,True
Roshan2016,NFSK EGF0 expanding(SupplFig5d),Clone 50,5,5,AI29,15.500000000000004,PP,True,True,False,True
Roshan2016,NFSK EGF0 expanding(SupplFig5d),Clone 50,5,5,AI30,21.333333333333332,DD,True,True,False,True
Roshan2016,NFSK EGF0 expanding(SupplFig5d),Clone 50,5,5,AI31,19.333333333333332,PP,True,True,False,True
Roshan2016,NFSK EGF0 expanding(SupplFig5d),Clone 50,5,5,AI32,19.666666666666668,PP,True,True,False,True
Roshan2016,NFSK EGF0 expanding(SupplFig5d),Clone 50,5,5,AI33,12.166666666666664,PP,True,True,False,True
Roshan2016,NFSK EGF0 expanding(SupplFig5d),Clone 50,5,5,AI34,17.999999999999996,PD,True,True,False,True
Roshan2016,NFSK EGF0 expanding(SupplFig5d),Clone 50,1,1,AI111,10.99999999999999,PD,True,True,True,False
Roshan2016,NFSK EGF0 expanding(SupplFig5d),Clone 50,1,1,AI112,9.666666666666677,PD,True,True,True,False
Roshan2016,NFSK EGF0 expanding(SupplFig5d),Clone 50,1,1,AI113,12.666666666666671,PP,True,True,True,False
Roshan2016,NFSK EGF0 expanding(SupplFig5d),Clone 50,1,1,AI114,17.666666666666664,DD,True,True,True,False
Roshan2016,NFSK EGF0 expanding(SupplFig5d),Clone 50,1,1,AI115,17.833333333333336,PD,True,True,True,False
Roshan2016,NFSK EGF0 expanding(SupplFig5d),Clone 50,1,1,AI116,13.999999999999996,DD,True,True,True,False
Roshan2016,NFSK EGF0 expanding(SupplFig5d),Clone 50,2,2,AI117,11.166666666666668,DD,True,True,False,True
Roshan2016,NFSK EGF0 expanding(SupplFig5d),Clone 50,3,3,AI118,12.333333333333343,PD,True,True,False,True
Roshan2016,NFSK EGF0 expanding(SupplFig5d),Clone 50,3,3,AI119,13.000000000000007,PD,True,True,False,True
Roshan2016,NFSK EGF0 expanding(SupplFig5d),Clone 50,3,3,AI120,13.166666666666668,DD,True,True,False,True
Roshan2016,NFSK EGF0 expanding(SupplFig5d),Clone 50,3,3,AI121,14.499999999999991,PD,True,True,False,True
Roshan2016,NFSK EGF0 expanding(SupplFig5d),Clone 50,3,3,AI122,14.333333333333329,DD,True,True,False,True
Roshan2016,NFSK EGF0 expanding(SupplFig5d),Clone 50,4,4,AI123,22.166666666666657,PD,True,True,False,True
Roshan2016,NFSK EGF0 expanding(SupplFig5d),Clone 50,4,4,AI124,5.833333333333343,PD,True,True,False,True
Roshan2016,NFSK EGF0 expanding(SupplFig5d),Clone 50,4,4,AI125,20.833333333333336,DD,True,True,False,True
Roshan2016,NFSK EGF0 expanding(SupplFig5d),Clone 50,5,5,AI126,10.499999999999993,PP,True,True,False,True
Roshan2016,NFSK EGF0 expanding(SupplFig5d),Clone 50,5,5,AI127,10.833333333333336,PP,True,True,False,True
Roshan2016,NFSK EGF0 expanding(SupplFig5d),Clone 50,5,5,AI128,8.000000000000007,PD,True,True,False,True
Roshan2016,NFSK EGF0 expanding(SupplFig5d),Clone 50,5,5,AI129,11.33333333333334,PD,True,True,False,True
Roshan2016,NFSK EGF0 expanding(SupplFig5d),Clone 50,5,5,AI130,15.333333333333336,PP,True,True,False,True
Roshan2016,NFSK EGF0 expanding(SupplFig5d),Clone 50,5,5,AI131,15.333333333333325,PD,True,True,False,True
Roshan2016,NFSK EGF0 expanding(SupplFig5d),Clone 50,5,5,AI132,15.000000000000007,PD,True,True,False,True
Roshan2016,NFSK EGF0 expanding(SupplFig5d),Clone 50,5,5,AI133,13.500000000000005,DD,True,True,False,True
Roshan2016,NFSK EGF0 expanding(SupplFig5d),Clone 50,6,6,AI134,12.166666666666677,PP,True,True,False,True
Roshan2016,NFSK EGF0 expanding(SupplFig5d),Clone 50,6,6,AI135,15.166666666666677,PP,True,True,False,True
Roshan2016,NFSK EGF0 expanding(SupplFig5d),Clone 50,6,6,AI136,12.999999999999993,PP,True,True,False,True
Roshan2016,NFSK EGF0 expanding(SupplFig5d),Clone 50,6,6,AI137,15.166666666666657,PP,True,True,False,True
Roshan2016,NFSK EGF0 expanding(SupplFig5d),Clone 50,6,6,AI138,19.999999999999996,DD,True,True,False,True
Roshan2016,NFSK EGF0 expanding(SupplFig5d),Clone 50,6,6,AI139,24,PP,True,True,False,True
Roshan2016,NFSK EGF0 expanding(SupplFig5d),Clone 50,6,6,AI140,15.833333333333329,DD,True,True,False,True
Roshan2016,NFSK EGF0 expanding(SupplFig5d),Clone 50,Outer7,Outer7,AI141,13.66666666666666,PP,True,True,False,False
Roshan2016,NFSK EGF0 expanding(SupplFig5d),Clone 50,Outer7,Outer7,AI142,15.333333333333332,PP,True,True,False,False
Roshan2016,NFSK EGF0 expanding(SupplFig5d),Clone 50,Outer7,Outer7,AI143,9.666666666666657,PP,True,True,False,False
Roshan2016,NFSK EGF0 expanding(SupplFig5d),Clone 50,Outer7,Outer7,AI144,10.499999999999993,PP,True,True,False,False
Roshan2016,NFSK EGF0 expanding(SupplFig5d),Clone 50,Outer7,Outer7,AI145,17.500000000000004,DD,True,True,False,False
Roshan2016,NFSK EGF0 expanding(SupplFig5d),Clone 50,Outer7,Outer7,AI146,18.833333333333332,PP,True,True,False,False
Roshan2016,NFSK EGF0 expanding(SupplFig5d),Clone 50,Outer7,Outer7,AI147,14.000000000000004,PP,True,True,False,False
Roshan2016,NFSK EGF0 expanding(SupplFig5d),Clone 50,Outer7,Outer7,AI148,15.666666666666675,PD,True,True,False,False
Roshan2016,NFSK EGF0 expanding(SupplFig5d),Clone 50,Outer7,Outer7,AI149,15.666666666666657,PP,True,True,False,False
Roshan2016,NFSK EGF0 expanding(SupplFig5d),Clone 50,Outer7,Outer7,AI150,14.5,PP,True,True,False,False
Roshan2016,NFSK EGF0 expanding(SupplFig5d),Clone 50,Outer7,Outer7,AI151,9.833333333333336,PD,True,True,False,False
Roshan2016,NFSK EGF0 expanding(SupplFig5d),Clone 50,Outer7,Outer7,AI152,8.333333333333336,PP,True,True,False,False
Roshan2016,NFSK EGF0 expanding(SupplFig5d),Clone 50,Outer7,Outer7,AI153,10.666666666666675,PP,True,True,False,False
Roshan2016,NFSK EGF0 expanding(SupplFig5d),Clone 50,Outer7,Outer7,AI154,23.49999999999999,PP,True,True,False,False
Roshan2016,NFSK EGF0 expanding(SupplFig5d),Clone 50,Outer7,Outer7,AI155,17.666666666666668,PP,True,True,False,False
Roshan2016,NFSK EGF0 expanding(SupplFig5d),Clone 50,Outer7,Outer7,AI156,15.999999999999996,PP,True,True,False,False
Roshan2016,NFSK EGF0 expanding(SupplFig5d),Clone 50,Outer7,Outer7,AI157,17.83333333333334,PP,True,True,False,False
Roshan2016,NFSK EGF0 expanding(SupplFig5d),Clone 50,Outer7,Outer7,AI158,15.333333333333343,PP,True,True,False,False
Roshan2016,NFSK EGF0 expanding(SupplFig5d),Clone 50,Outer7,Outer7,AI159,17.166666666666664,PD,True,True,False,False
Roshan2016,NFSK EGF0 expanding(SupplFig5d),Clone 50,Outer7,Outer7,AI160,18.166666666666675,PP,True,True,False,False
Roshan2016,NFSK EGF0 expanding(SupplFig5d),Clone 50,Outer7,Outer7,AI161,19.999999999999996,PP,True,True,False,False
Roshan2016,NFSK EGF0 expanding(SupplFig5d),Clone 50,Outer7,Outer7,AI162,13.500000000000004,PP,True,True,False,False
Roshan2016,NFSK EGF0 expanding(SupplFig5d),Clone 51,1,1,AP4,24.166666666666664,PP,True,True,True,False
Roshan2016,NFSK EGF0 expanding(SupplFig5d),Clone 51,2,2,AP5,12.66666666666667,PP,True,True,False,True
Roshan2016,NFSK EGF0 expanding(SupplFig5d),Clone 51,2,2,AP6,18.000000000000007,PP,True,True,False,True
Roshan2016,NFSK EGF0 expanding(SupplFig5d),Clone 51,3,3,AP7,10.500000000000004,PP,True,True,False,True
Roshan2016,NFSK EGF0 expanding(SupplFig5d),Clone 51,3,3,AP8,15.166666666666664,PP,True,True,False,True
Roshan2016,NFSK EGF0 expanding(SupplFig5d),Clone 51,3,3,AP9,11.166666666666668,PP,True,True,False,True
Roshan2016,NFSK EGF0 expanding(SupplFig5d),Clone 51,3,3,AP10,12.000000000000004,PP,True,True,False,True
Roshan2016,NFSK EGF0 expanding(SupplFig5d),Clone 51,4,4,AP11,12.000000000000004,PP,True,True,False,True
Roshan2016,NFSK EGF0 expanding(SupplFig5d),Clone 51,4,4,AP12,18.333333333333336,PP,True,True,False,True
Roshan2016,NFSK EGF0 expanding(SupplFig5d),Clone 51,4,4,AP13,14.333333333333332,PP,True,True,False,True
Roshan2016,NFSK EGF0 expanding(SupplFig5d),Clone 51,4,4,AP14,20.33333333333334,PP,True,True,False,True
Roshan2016,NFSK EGF0 expanding(SupplFig5d),Clone 51,4,4,AP15,17,PP,True,True,False,True
Roshan2016,NFSK EGF0 expanding(SupplFig5d),Clone 51,4,4,AP16,17.33333333333334,PP,True,True,False,True
Roshan2016,NFSK EGF0 expanding(SupplFig5d),Clone 51,4,4,AP17,18.5,PP,True,True,False,True
Roshan2016,NFSK EGF0 expanding(SupplFig5d),Clone 51,4,4,AP18,22,PP,True,True,False,True
Roshan2016,NFSK EGF0 expanding(SupplFig5d),Clone 51,5,5,AP19,13.666666666666664,PP,True,True,False,True
Roshan2016,NFSK EGF0 expanding(SupplFig5d),Clone 51,5,5,AP20,13.666666666666664,PP,True,True,False,True
Roshan2016,NFSK EGF0 expanding(SupplFig5d),Clone 51,5,5,AP21,15.833333333333336,PP,True,True,False,True
Roshan2016,NFSK EGF0 expanding(SupplFig5d),Clone 51,5,5,AP22,18,PD,True,True,False,True
Roshan2016,NFSK EGF0 expanding(SupplFig5d),Clone 51,5,5,AP23,20.000000000000004,PP,True,True,False,True
Roshan2016,NFSK EGF0 expanding(SupplFig5d),Clone 51,5,5,AP24,19.833333333333332,PD,True,True,False,True
Roshan2016,NFSK EGF0 expanding(SupplFig5d),Clone 51,5,5,AP25,20.33333333333333,PP,True,True,False,True
Roshan2016,NFSK EGF0 expanding(SupplFig5d),Clone 51,5,5,AP26,23.833333333333332,PD,True,True,False,True
Roshan2016,NFSK EGF0 expanding(SupplFig5d),Clone 51,5,5,AP27,23.000000000000004,PP,True,True,False,True
Roshan2016,NFSK EGF0 expanding(SupplFig5d),Clone 51,5,5,AP28,24,PP,True,True,False,True
Roshan2016,NFSK EGF0 expanding(SupplFig5d),Clone 51,5,5,AP29,22.833333333333336,PD,True,True,False,True
Roshan2016,NFSK EGF0 expanding(SupplFig5d),Clone 51,5,5,AP30,23.5,PP,True,True,False,True
Roshan2016,NFSK EGF0 expanding(SupplFig5d),Clone 51,5,5,AP31,21.833333333333332,PP,True,True,False,True
Roshan2016,NFSK EGF0 expanding(SupplFig5d),Clone 51,5,5,AP32,19.166666666666668,PP,True,True,False,True
Roshan2016,NFSK EGF0 expanding(SupplFig5d),Clone 51,1,1,AP111,12.666666666666664,DD,True,True,True,False
Roshan2016,NFSK EGF0 expanding(SupplFig5d),Clone 51,2,2,AP112,13,PD,True,True,False,True
Roshan2016,NFSK EGF0 expanding(SupplFig5d),Clone 51,2,2,AP113,17.333333333333332,DD,True,True,False,True
Roshan2016,NFSK EGF0 expanding(SupplFig5d),Clone 51,3,3,AP114,16.166666666666657,DD,True,True,False,True
Roshan2016,NFSK EGF0 expanding(SupplFig5d),Clone 51,4,4,AP115,14.333333333333336,PD,True,True,False,True
Roshan2016,NFSK EGF0 expanding(SupplFig5d),Clone 51,4,4,AP116,12.83333333333334,DD,True,True,False,True
Roshan2016,NFSK EGF0 expanding(SupplFig5d),Clone 51,5,5,AP117,12.83333333333333,DD,True,True,False,True
Roshan2016,NFSK EGF0 expanding(SupplFig5d),Clone 51,5,5,AP118,16.666666666666664,PP,True,True,False,True
Roshan2016,NFSK EGF0 expanding(SupplFig5d),Clone 51,5,5,AP119,15.49999999999999,PP,True,True,False,True
Roshan2016,NFSK EGF0 expanding(SupplFig5d),Clone 51,5,5,AP120,19.166666666666675,PP,True,True,False,True
Roshan2016,NFSK EGF0 expanding(SupplFig5d),Clone 51,5,5,AP121,8.833333333333343,DD,True,True,False,True
Roshan2016,NFSK EGF0 expanding(SupplFig5d),Clone 51,5,5,AP122,9.16666666666666,DD,True,True,False,True
Roshan2016,NFSK EGF0 expanding(SupplFig5d),Clone 51,Outer6,Outer6,AP123,13.999999999999993,PP,True,True,False,False
Roshan2016,NFSK EGF0 expanding(SupplFig5d),Clone 51,Outer6,Outer6,AP124,16.5,PP,True,True,False,False
Roshan2016,NFSK EGF0 expanding(SupplFig5d),Clone 51,Outer6,Outer6,AP125,13.666666666666664,PP,True,True,False,False
Roshan2016,NFSK EGF0 expanding(SupplFig5d),Clone 51,Outer6,Outer6,AP126,15.333333333333336,PD,True,True,False,False
Roshan2016,NFSK EGF0 expanding(SupplFig5d),Clone 51,Outer6,Outer6,AP127,18,PP,True,True,False,False
Roshan2016,NFSK EGF0 expanding(SupplFig5d),Clone 51,Outer6,Outer6,AP128,19.166666666666657,PP,True,True,False,False
Roshan2016,NFSK EGF0 expanding(SupplFig5d),Clone 51,Outer6,Outer6,AP129,16.000000000000004,PP,True,True,False,False
Roshan2016,NFSK EGF0 expanding(SupplFig5d),Clone 51,Outer6,Outer6,AP130,15.166666666666668,PP,True,True,False,False
Roshan2016,NFSK EGF0 expanding(SupplFig5d),Clone 51,Outer6,Outer6,AP131,15.499999999999996,PP,True,True,False,False
Roshan2016,NFSK EGF0 expanding(SupplFig5d),Clone 51,Outer6,Outer6,AP132,13.666666666666671,PP,True,True,False,False
Roshan2016,NFSK EGF0 expanding(SupplFig5d),Clone 51,Outer6,Outer6,AP133,16.166666666666657,PP,True,True,False,False
Roshan2016,NFSK EGF0 expanding(SupplFig5d),Clone 51,Outer6,Outer6,AP134,17.000000000000004,PD,True,True,False,False
Roshan2016,NFSK EGF0 expanding(SupplFig5d),Clone 51,Outer6,Outer6,AP135,16.166666666666668,DD,True,True,False,False
Roshan2016,NFSK EGF0 expanding(SupplFig5d),Clone 51,Outer6,Outer6,AP136,9.333333333333325,PP,True,True,False,False
Roshan2016,NFSK EGF0 expanding(SupplFig5d),Clone 51,Outer6,Outer6,AP137,17.49999999999999,PD,True,True,False,False
Roshan2016,NFSK EGF0 expanding(SupplFig5d),Clone 51,Outer6,Outer6,AP138,24.666666666666664,PP,True,True,False,False
Roshan2016,NFSK EGF0 expanding(SupplFig5d),Clone 51,Outer6,Outer6,AP139,19.00000000000001,PP,True,True,False,False
Roshan2016,NFSK EGF0 expanding(SupplFig5d),Clone 51,Outer6,Outer6,AP140,15.66666666666666,PP,True,True,False,False
Roshan2016,NFSK EGF0 expanding(SupplFig5d),Clone 51,Outer6,Outer6,AP141,13.666666666666668,PP,True,True,False,False
Roshan2016,NFSK EGF0 expanding(SupplFig5d),Clone 51,Outer6,Outer6,AP142,12.666666666666668,PP,True,True,False,False
Roshan2016,NFSK EGF0 expanding(SupplFig5d),Clone 51,Outer6,Outer6,AP143,14.66666666666666,PP,True,True,False,False
Roshan2016,NFSK EGF0 expanding(SupplFig5d),Clone 51,Outer6,Outer6,AP144,14.666666666666668,PP,True,True,False,False
Roshan2016,NFSK EGF0 expanding(SupplFig5d),Clone 51,Outer6,Outer6,AP145,20.99999999999999,PP,True,True,False,False
Roshan2016,NFSK EGF0 expanding(SupplFig5d),Clone 51,Outer6,Outer6,AP146,16.500000000000007,PP,True,True,False,False
Roshan2016,NFSK Y27632 balanced(SuppFig6a),Clone 4,1,G1,G4,27.5,PP,True,True,True,False
Roshan2016,NFSK Y27632 balanced(SuppFig6a),Clone 4,2,G2,G5,18.666666666666668,PD,True,True,False,True
Roshan2016,NFSK Y27632 balanced(SuppFig6a),Clone 4,2,G2,G6,22.16666666666667,PD,True,True,False,True
Roshan2016,NFSK Y27632 balanced(SuppFig6a),Clone 4,3,G3,G7,15.999999999999996,DD,True,True,False,True
Roshan2016,NFSK Y27632 balanced(SuppFig6a),Clone 4,3,G3,G8,35.666666666666664,PD,True,True,False,True
Roshan2016,NFSK Y27632 balanced(SuppFig6a),Clone 4,4,G4,G9,20.66666666666667,DD,True,True,False,True
Roshan2016,NFSK Y27632 balanced(SuppFig6a),Clone 9,1,G1,N4,18.333333333333332,PP,True,True,True,False
Roshan2016,NFSK Y27632 balanced(SuppFig6a),Clone 9,2,G2,N5,14.500000000000002,PP,True,True,False,True
Roshan2016,NFSK Y27632 balanced(SuppFig6a),Clone 9,2,G2,N6,18.500000000000004,PD,True,True,False,True
Roshan2016,NFSK Y27632 balanced(SuppFig6a),Clone 9,3,G3,N7,11.666666666666663,PP,True,True,False,True
Roshan2016,NFSK Y27632 balanced(SuppFig6a),Clone 9,3,G3,N8,13.000000000000002,PD,True,True,False,True
Roshan2016,NFSK Y27632 balanced(SuppFig6a),Clone 9,3,G3,N9,15.666666666666668,DD,True,True,False,True
Roshan2016,NFSK Y27632 balanced(SuppFig6a),Clone 9,4,G4,N10,14,PD,True,True,False,True
Roshan2016,NFSK Y27632 balanced(SuppFig6a),Clone 9,4,G4,N11,16.000000000000004,PP,True,True,False,True
Roshan2016,NFSK Y27632 balanced(SuppFig6a),Clone 9,4,G4,N12,16.333333333333332,PP,True,True,False,True
Roshan2016,NFSK Y27632 balanced(SuppFig6a),Clone 9,5,G5,N13,8.333333333333336,PP,True,True,False,True
Roshan2016,NFSK Y27632 balanced(SuppFig6a),Clone 9,5,G5,N14,13.666666666666664,DD,True,True,False,True
Roshan2016,NFSK Y27632 balanced(SuppFig6a),Clone 9,5,G5,N15,15.333333333333336,PP,True,True,False,True
Roshan2016,NFSK Y27632 balanced(SuppFig6a),Clone 9,5,G5,N16,20.666666666666664,PD,True,True,False,True
Roshan2016,NFSK Y27632 balanced(SuppFig6a),Clone 9,5,G5,N17,19.166666666666664,PD,True,True,False,True
Roshan2016,NFSK Y27632 balanced(SuppFig6a),Clone 9,6,G6,N18,16.833333333333336,DD,True,True,False,True
Roshan2016,NFSK Y27632 balanced(SuppFig6a),Clone 9,6,G6,N19,17.5,PD,True,True,False,True
Roshan2016,NFSK Y27632 balanced(SuppFig6a),Clone 9,6,G6,N20,20.166666666666668,DD,True,True,False,True
Roshan2016,NFSK Y27632 balanced(SuppFig6a),Clone 9,6,G6,N21,18.000000000000004,PD,True,True,False,True
Roshan2016,NFSK Y27632 balanced(SuppFig6a),Clone 9,6,G6,N22,10.66666666666667,PD,True,True,False,True
Roshan2016,NFSK Y27632 balanced(SuppFig6a),Clone 9,6,G6,N23,38.66666666666667,DD,True,True,False,True
Roshan2016,NFSK Y27632 balanced(SuppFig6a),Clone 9,7,G7,N24,14.333333333333321,DD,True,True,False,True
Roshan2016,NFSK Y27632 balanced(SuppFig6a),Clone 9,7,G7,N25,22.00000000000001,DD,True,True,False,True
Roshan2016,NFSK Y27632 balanced(SuppFig6a),Clone 9,7,G7,N26,14.833333333333343,DD,True,True,False,True
Roshan2016,NFSK Y27632 balanced(SuppFig6a),Clone 11,1,G1,U4,26.166666666666664,PD,True,True,True,False
Roshan2016,NFSK Y27632 balanced(SuppFig6a),Clone 11,2,G2,U5,17.666666666666664,DD,True,True,False,True
Roshan2016,NFSK Y27632 balanced(SuppFig6a),Clone 12,1,G1,AB4,18.333333333333332,PP,True,True,True,False
Roshan2016,NFSK Y27632 balanced(SuppFig6a),Clone 12,2,G2,AB5,14.16666666666667,PD,True,True,False,True
Roshan2016,NFSK Y27632 balanced(SuppFig6a),Clone 12,2,G2,AB6,16.333333333333336,PD,True,True,False,True
Roshan2016,NFSK Y27632 balanced(SuppFig6a),Clone 12,3,G3,AB7,34.333333333333336,PP,True,True,False,True
Roshan2016,NFSK Y27632 balanced(SuppFig6a),Clone 12,3,G3,AB8,15.333333333333337,DD,True,True,False,True
Roshan2016,NFSK Y27632 balanced(SuppFig6a),Clone 12,4,G4,AB9,19.16666666666667,PD,True,True,False,True
Roshan2016,NFSK Y27632 balanced(SuppFig6a),Clone 12,4,G4,AB10,14.33333333333334,PP,True,True,False,True
Roshan2016,NFSK Y27632 balanced(SuppFig6a),Clone 12,5,G5,AB11,11.166666666666657,PD,True,True,False,True
Roshan2016,NFSK Y27632 balanced(SuppFig6a),Clone 12,5,G5,AB12,14.16666666666667,PD,True,True,False,True
Roshan2016,NFSK Y27632 balanced(SuppFig6a),Clone 12,5,G5,AB13,13.500000000000005,PP,True,True,False,True
Roshan2016,NFSK Y27632 balanced(SuppFig6a),Clone 12,6,G6,AB14,14.166666666666675,PD,True,True,False,True
Roshan2016,NFSK Y27632 balanced(SuppFig6a),Clone 12,6,G6,AB15,14.66666666666666,DD,True,True,False,True
Roshan2016,NFSK Y27632 balanced(SuppFig6a),Clone 12,6,G6,AB16,15.666666666666668,DD,True,True,False,True
Roshan2016,NFSK Y27632 balanced(SuppFig6a),Clone 12,6,G6,AB17,16.333333333333332,PD,True,True,False,True
Roshan2016,NFSK Y27632 balanced(SuppFig6a),Clone 12,7,G7,AB18,16.83333333333333,DD,True,True,False,True
Roshan2016,NFSK Y27632 balanced(SuppFig6a),Clone 12,7,G7,AB19,10.000000000000007,DD,True,True,False,True
Roshan2016,NFSK Y27632 balanced(SuppFig6a),Clone 14,1,G1,AI4,18.333333333333332,PD,True,True,True,False
Roshan2016,NFSK Y27632 balanced(SuppFig6a),Clone 14,2,G2,AI5,17.000000000000004,PP,True,True,False,True
Roshan2016,NFSK Y27632 balanced(SuppFig6a),Clone 14,3,G3,AI6,12.16666666666666,DD,True,True,False,True
Roshan2016,NFSK Y27632 balanced(SuppFig6a),Clone 14,3,G3,AI7,14.833333333333329,PP,True,True,False,True
Roshan2016,NFSK Y27632 balanced(SuppFig6a),Clone 14,4,G4,AI8,12.833333333333332,PD,True,True,False,True
Roshan2016,NFSK Y27632 balanced(SuppFig6a),Clone 14,4,G4,AI9,12.66666666666666,DD,True,True,False,True
Roshan2016,NFSK Y27632 balanced(SuppFig6a),Clone 14,5,G5,AI10,11.166666666666664,PP,True,True,False,True
Roshan2016,NFSK Y27632 balanced(SuppFig6a),Clone 14,6,G6,AI11,19.000000000000004,DD,True,True,False,True
Roshan2016,NFSK Y27632 balanced(SuppFig6a),Clone 14,6,G6,AI12,17.666666666666664,DD,True,True,False,True
Roshan2016,NFSK Y27632 balanced(SuppFig6a),Clone 16,1,G1,AP4,14.833333333333334,PP,True,True,True,False
Roshan2016,NFSK Y27632 balanced(SuppFig6a),Clone 16,2,G2,AP5,17.166666666666664,PP,True,True,False,True
Roshan2016,NFSK Y27632 balanced(SuppFig6a),Clone 16,2,G2,AP6,20,PP,True,True,False,True
Roshan2016,NFSK Y27632 balanced(SuppFig6a),Clone 16,3,G3,AP7,14.33333333333333,DD,True,True,False,True
Roshan2016,NFSK Y27632 balanced(SuppFig6a),Clone 16,3,G3,AP8,17.33333333333333,PD,True,True,False,True
Roshan2016,NFSK Y27632 balanced(SuppFig6a),Clone 16,3,G3,AP9,14.83333333333334,PP,True,True,False,True
Roshan2016,NFSK Y27632 balanced(SuppFig6a),Clone 16,3,G3,AP10,16.5,DD,True,True,False,True
Roshan2016,NFSK Y27632 balanced(SuppFig6a),Clone 16,4,G4,AP11,22.666666666666664,PP,True,True,False,True
Roshan2016,NFSK Y27632 balanced(SuppFig6a),Clone 16,4,G4,AP12,44.33333333333333,DD,True,True,False,True
Roshan2016,NFSK Y27632 balanced(SuppFig6a),Clone 16,4,G4,AP13,37.333333333333336,PD,True,True,False,True
Roshan2016,NFSK Y27632 balanced(SuppFig6a),Clone 16,5,G5,AP14,20.666666666666668,DD,True,True,False,True
Roshan2016,NFSK Y27632 balanced(SuppFig6a),Clone 16,5,G5,AP15,21,PP,True,True,False,True
Roshan2016,NFSK Y27632 balanced(SuppFig6a),Clone 16,5,G5,AP16,10.666666666666671,DD,True,True,False,True
Roshan2016,NFSK Y27632 balanced(SuppFig6a),Clone 16,6,G6,AP17,31.999999999999993,DD,True,True,False,True
Roshan2016,NFSK Y27632 balanced(SuppFig6a),Clone 16,6,G6,AP18,25.33333333333333,PD,True,True,False,True
Roshan2016,NFSK Y27632 balanced(SuppFig6a),Clone 16,7,G7,AP19,14.999999999999996,DD,True,True,False,True
Roshan2016,NFSK Y27632 balanced(SuppFig6a),Clone 17,1,G1,AW4,34.666666666666664,DD,True,True,True,False
Roshan2016,NFSK Y27632 balanced(SuppFig6a),Clone 18,1,G1,BD4,54.666666666666664,PP,True,True,True,False
Roshan2016,NFSK Y27632 balanced(SuppFig6a),Clone 18,2,G2,BD5,23.999999999999996,PD,True,True,False,True
Roshan2016,NFSK Y27632 balanced(SuppFig6a),Clone 18,2,G2,BD6,23.666666666666664,PP,True,True,False,True
Roshan2016,NFSK Y27632 balanced(SuppFig6a),Clone 18,3,G3,BD7,17.500000000000004,DD,True,True,False,True
Roshan2016,NFSK Y27632 balanced(SuppFig6a),Clone 18,3,G3,BD8,20.333333333333325,PD,True,True,False,True
Roshan2016,NFSK Y27632 balanced(SuppFig6a),Clone 18,3,G3,BD9,19.833333333333332,DD,True,True,False,True
Roshan2016,NFSK Y27632 balanced(SuppFig6a),Clone 18,4,G4,BD10,19.833333333333332,PD,True,True,False,True
Roshan2016,NFSK Y27632 balanced(SuppFig6a),Clone 18,5,G5,BD11,36,DD,True,True,False,True
Roshan2016,NFSK Y27632 balanced(SuppFig6a),Clone 20,1,G1,BK4,19.5,PD,True,True,True,False
Roshan2016,NFSK Y27632 balanced(SuppFig6a),Clone 20,2,G2,BK5,14.666666666666668,PP,True,True,False,True
Roshan2016,NFSK Y27632 balanced(SuppFig6a),Clone 20,3,G3,BK6,15.999999999999996,PD,True,True,False,True
Roshan2016,NFSK Y27632 balanced(SuppFig6a),Clone 20,3,G3,BK7,12.666666666666664,PP,True,True,False,True
Roshan2016,NFSK Y27632 balanced(SuppFig6a),Clone 20,4,G4,BK8,17.666666666666664,DD,True,True,False,True
Roshan2016,NFSK Y27632 balanced(SuppFig6a),Clone 20,4,G4,BK9,14.000000000000004,PP,True,True,False,True
Roshan2016,NFSK Y27632 balanced(SuppFig6a),Clone 20,4,G4,BK10,14.83333333333334,DD,True,True,False,True
Roshan2016,NFSK Y27632 balanced(SuppFig6a),Clone 20,5,G5,BK11,15.499999999999996,DD,True,True,False,True
Roshan2016,NFSK Y27632 balanced(SuppFig6a),Clone 20,5,G5,BK12,20.166666666666668,PD,True,True,False,True
Roshan2016,NFSK Y27632 balanced(SuppFig6a),Clone 20,6,G6,BK13,14.499999999999996,PD,True,True,False,True
Roshan2016,NFSK Y27632 balanced(SuppFig6a),Clone 20,7,G7,BK14,15.000000000000007,DD,True,True,False,True
Roshan2016,NFSK Y27632 balanced(SuppFig6a),Clone 21,1,G1,BR4,18.333333333333332,PP,True,True,True,False
Roshan2016,NFSK Y27632 balanced(SuppFig6a),Clone 21,2,G2,BR5,12,PD,True,True,False,True
Roshan2016,NFSK Y27632 balanced(SuppFig6a),Clone 21,2,G2,BR6,11.000000000000004,PP,True,True,False,True
Roshan2016,NFSK Y27632 balanced(SuppFig6a),Clone 21,3,G3,BR7,13.5,PD,True,True,False,True
Roshan2016,NFSK Y27632 balanced(SuppFig6a),Clone 21,3,G3,BR8,16.16666666666667,PD,True,True,False,True
Roshan2016,NFSK Y27632 balanced(SuppFig6a),Clone 21,3,G3,BR9,17.33333333333334,PP,True,True,False,True
Roshan2016,NFSK Y27632 balanced(SuppFig6a),Clone 21,4,G4,BR10,17.499999999999996,PP,True,True,False,True
Roshan2016,NFSK Y27632 balanced(SuppFig6a),Clone 21,4,G4,BR11,16.500000000000004,PD,True,True,False,True
Roshan2016,NFSK Y27632 balanced(SuppFig6a),Clone 21,4,G4,BR12,16,PD,True,True,False,True
Roshan2016,NFSK Y27632 balanced(SuppFig6a),Clone 21,4,G4,BR13,17.166666666666668,PD,True,True,False,True
Roshan2016,NFSK Y27632 balanced(SuppFig6a),Clone 21,5,G5,BR14,10.333333333333334,DD,True,True,False,True
Roshan2016,NFSK Y27632 balanced(SuppFig6a),Clone 21,5,G5,BR15,12.83333333333333,PD,True,True,False,True
Roshan2016,NFSK Y27632 balanced(SuppFig6a),Clone 21,5,G5,BR16,12.499999999999996,DD,True,True,False,True
Roshan2016,NFSK Y27632 balanced(SuppFig6a),Clone 21,5,G5,BR17,13.166666666666671,PP,True,True,False,True
Roshan2016,NFSK Y27632 balanced(SuppFig6a),Clone 21,5,G5,BR18,10.666666666666664,DD,True,True,False,True
Roshan2016,NFSK Y27632 balanced(SuppFig6a),Clone 21,6,G6,BR19,20.16666666666666,DD,True,True,False,True
Roshan2016,NFSK Y27632 balanced(SuppFig6a),Clone 21,6,G6,BR20,16.999999999999996,PD,True,True,False,True
Roshan2016,NFSK Y27632 balanced(SuppFig6a),Clone 21,6,G6,BR21,18.666666666666668,DD,True,True,False,True
Roshan2016,NFSK Y27632 balanced(SuppFig6a),Clone 21,7,G7,BR22,15.66666666666666,DD,True,True,False,True
Roshan2016,NFSK Y27632 balanced(SuppFig6a),Clone 22,1,G1,BY4,65,PP,True,True,True,False
Roshan2016,NFSK Y27632 balanced(SuppFig6a),Clone 22,2,G2,BY5,30.333333333333332,PP,True,True,False,True
Roshan2016,NFSK Y27632 balanced(SuppFig6a),Clone 22,2,G2,BY6,50.5,DD,True,True,False,True
Roshan2016,NFSK Y27632 balanced(SuppFig6a),Clone 22,3,G3,BY7,38.50000000000001,PP,True,True,False,True
Roshan2016,NFSK Y27632 balanced(SuppFig6a),Clone 22,3,G3,BY8,15.666666666666668,DD,True,True,False,True
Roshan2016,NFSK Y27632 balanced(SuppFig6a),Clone 22,5,G5,BY9,17.33333333333332,DD,True,True,False,True
Roshan2016,NFSK Y27632 balanced(SuppFig6a),Clone 22,5,G5,BY10,20,DD,True,True,False,True
Roshan2016,NFSK Y27632 expanding(SupFig6b),Clone 1,1,G1,G4,47.5,PP,True,True,True,False
Roshan2016,NFSK Y27632 expanding(SupFig6b),Clone 1,2,G2,G5,13.166666666666664,PP,True,True,False,True
Roshan2016,NFSK Y27632 expanding(SupFig6b),Clone 1,2,G2,G6,13.666666666666668,PP,True,True,False,True
Roshan2016,NFSK Y27632 expanding(SupFig6b),Clone 1,3,G3,G7,13.000000000000004,PP,True,True,False,True
Roshan2016,NFSK Y27632 expanding(SupFig6b),Clone 1,3,G3,G8,14.666666666666664,PP,True,True,False,True
Roshan2016,NFSK Y27632 expanding(SupFig6b),Clone 1,3,G3,G9,12.500000000000007,PP,True,True,False,True
Roshan2016,NFSK Y27632 expanding(SupFig6b),Clone 1,3,G3,G10,16.16666666666667,PP,True,True,False,True
Roshan2016,NFSK Y27632 expanding(SupFig6b),Clone 1,4,G4,G11,14.500000000000002,PP,True,True,False,True
Roshan2016,NFSK Y27632 expanding(SupFig6b),Clone 1,4,G4,G12,15.000000000000005,PP,True,True,False,True
Roshan2016,NFSK Y27632 expanding(SupFig6b),Clone 1,4,G4,G13,16.166666666666668,PD,True,True,False,True
Roshan2016,NFSK Y27632 expanding(SupFig6b),Clone 1,4,G4,G14,16.166666666666668,PD,True,True,False,True
Roshan2016,NFSK Y27632 expanding(SupFig6b),Clone 1,4,G4,G15,14.500000000000002,PP,True,True,False,True
Roshan2016,NFSK Y27632 expanding(SupFig6b),Clone 1,4,G4,G16,17,PD,True,True,False,True
Roshan2016,NFSK Y27632 expanding(SupFig6b),Clone 1,4,G4,G17,23.66666666666666,PP,True,True,False,True
Roshan2016,NFSK Y27632 expanding(SupFig6b),Clone 1,4,G4,G18,23.833333333333332,PP,True,True,False,True
Roshan2016,NFSK Y27632 expanding(SupFig6b),Clone 1,5,G5,G19,12.999999999999996,PP,True,True,False,True
Roshan2016,NFSK Y27632 expanding(SupFig6b),Clone 1,5,G5,G20,13.33333333333334,PP,True,True,False,True
Roshan2016,NFSK Y27632 expanding(SupFig6b),Clone 1,5,G5,G21,18.99999999999999,PP,True,True,False,True
Roshan2016,NFSK Y27632 expanding(SupFig6b),Clone 1,5,G5,G22,18.333333333333325,PP,True,True,False,True
Roshan2016,NFSK Y27632 expanding(SupFig6b),Clone 1,5,G5,G23,14.500000000000007,PP,True,True,False,True
Roshan2016,NFSK Y27632 expanding(SupFig6b),Clone 1,5,G5,G24,10.5,PP,True,True,False,True
Roshan2016,NFSK Y27632 expanding(SupFig6b),Clone 1,5,G5,G25,21.500000000000004,PP,True,True,False,True
Roshan2016,NFSK Y27632 expanding(SupFig6b),Clone 1,5,G5,G26,22.166666666666668,PP,True,True,False,True
Roshan2016,NFSK Y27632 expanding(SupFig6b),Clone 1,5,G5,G27,13.99999999999999,PP,True,True,False,True
Roshan2016,NFSK Y27632 expanding(SupFig6b),Clone 1,5,G5,G28,13.499999999999993,PP,True,True,False,True
Roshan2016,NFSK Y27632 expanding(SupFig6b),Clone 1,5,G5,G29,13.499999999999993,PP,True,True,False,True
Roshan2016,NFSK Y27632 expanding(SupFig6b),Clone 1,5,G5,G30,14.16666666666666,PP,True,True,False,True
Roshan2016,NFSK Y27632 expanding(SupFig6b),Clone 1,5,G5,G31,14.999999999999996,PP,True,True,False,True
Roshan2016,NFSK Y27632 expanding(SupFig6b),Clone 1,D4,D4,G39,,Div,False,False,False,False
Roshan2016,NFSK Y27632 expanding(SupFig6b),Clone 1,1,1,G41,13.5,PP,True,True,True,False
Roshan2016,NFSK Y27632 expanding(SupFig6b),Clone 1,1,1,G42,14.333333333333336,PP,True,True,True,False
Roshan2016,NFSK Y27632 expanding(SupFig6b),Clone 1,1,1,G43,24.666666666666664,PP,True,True,True,False
Roshan2016,NFSK Y27632 expanding(SupFig6b),Clone 1,1,1,G44,22.833333333333343,PP,True,True,True,False
Roshan2016,NFSK Y27632 expanding(SupFig6b),Clone 1,1,1,G45,16.00000000000001,PP,True,True,True,False
Roshan2016,NFSK Y27632 expanding(SupFig6b),Clone 1,1,1,G46,16.833333333333325,PP,True,True,True,False
Roshan2016,NFSK Y27632 expanding(SupFig6b),Clone 1,2,2,G47,10.833333333333325,PP,True,True,False,True
Roshan2016,NFSK Y27632 expanding(SupFig6b),Clone 1,2,2,G48,16.00000000000001,PD,True,True,False,True
Roshan2016,NFSK Y27632 expanding(SupFig6b),Clone 1,2,2,G49,18.333333333333332,PP,True,True,False,True
Roshan2016,NFSK Y27632 expanding(SupFig6b),Clone 1,2,2,G50,18.999999999999996,PP,True,True,False,True
Roshan2016,NFSK Y27632 expanding(SupFig6b),Clone 1,2,2,G51,11.000000000000002,PP,True,True,False,True
Roshan2016,NFSK Y27632 expanding(SupFig6b),Clone 1,3,3,G52,12.333333333333337,PP,True,True,False,True
Roshan2016,NFSK Y27632 expanding(SupFig6b),Clone 1,3,3,G53,16.16666666666667,PD,True,True,False,True
Roshan2016,NFSK Y27632 expanding(SupFig6b),Clone 1,3,3,G54,13.333333333333332,PP,True,True,False,True
Roshan2016,NFSK Y27632 expanding(SupFig6b),Clone 1,3,3,G55,18.83333333333334,PP,True,True,False,True
Roshan2016,NFSK Y27632 expanding(SupFig6b),Clone 1,3,3,G56,16.66666666666668,PP,True,True,False,True
Roshan2016,NFSK Y27632 expanding(SupFig6b),Clone 1,4,4,G57,15.833333333333332,PD,True,True,False,True
Roshan2016,NFSK Y27632 expanding(SupFig6b),Clone 1,4,4,G58,14.833333333333325,PP,True,True,False,True
Roshan2016,NFSK Y27632 expanding(SupFig6b),Clone 1,4,4,G59,12.166666666666671,PP,True,True,False,True
Roshan2016,NFSK Y27632 expanding(SupFig6b),Clone 1,4,4,G60,15.999999999999996,PP,True,True,False,True
Roshan2016,NFSK Y27632 expanding(SupFig6b),Clone 1,4,4,G61,17.333333333333325,PP,True,True,False,True
Roshan2016,NFSK Y27632 expanding(SupFig6b),Clone 1,D7,D7,G71,,Div,False,False,False,False
Roshan2016,NFSK Y27632 expanding(SupFig6b),Clone 1,1,1,G73,18.16666666666668,PP,True,True,True,False
Roshan2016,NFSK Y27632 expanding(SupFig6b),Clone 1,1,1,G74,17.499999999999993,PD,True,True,True,False
Roshan2016,NFSK Y27632 expanding(SupFig6b),Clone 1,1,1,G75,18.833333333333325,PP,True,True,True,False
Roshan2016,NFSK Y27632 expanding(SupFig6b),Clone 1,1,1,G76,20.333333333333325,PP,True,True,True,False
Roshan2016,NFSK Y27632 expanding(SupFig6b),Clone 1,1,1,G77,8.500000000000018,PP,True,True,True,False
Roshan2016,NFSK Y27632 expanding(SupFig6b),Clone 1,1,1,G78,17.500000000000004,PP,True,True,True,False
Roshan2016,NFSK Y27632 expanding(SupFig6b),Clone 1,1,1,G79,18.000000000000018,PP,True,True,True,False
Roshan2016,NFSK Y27632 expanding(SupFig6b),Clone 1,2,2,G80,17.66666666666667,PP,True,True,False,True
Roshan2016,NFSK Y27632 expanding(SupFig6b),Clone 1,2,2,G81,18.166666666666664,PD,True,True,False,True
Roshan2016,NFSK Y27632 expanding(SupFig6b),Clone 1,2,2,G82,24.333333333333343,PP,True,True,False,True
Roshan2016,NFSK Y27632 expanding(SupFig6b),Clone 1,2,2,G83,18.666666666666647,PP,True,True,False,True
Roshan2016,NFSK Y27632 expanding(SupFig6b),Clone 1,2,2,G84,17.833333333333346,PP,True,True,False,True
Roshan2016,NFSK Y27632 expanding(SupFig6b),Clone 1,2,2,G85,9.83333333333334,PP,True,True,False,True
Roshan2016,NFSK Y27632 expanding(SupFig6b),Clone 1,2,2,G86,11.833333333333353,PP,True,True,False,True
Roshan2016,NFSK Y27632 expanding(SupFig6b),Clone 1,3,3,G87,17.833333333333343,PP,True,True,False,True
Roshan2016,NFSK Y27632 expanding(SupFig6b),Clone 1,3,3,G88,18.666666666666657,PP,True,True,False,True
Roshan2016,NFSK Y27632 expanding(SupFig6b),Clone 1,3,3,G89,16.833333333333353,PP,True,True,False,True
Roshan2016,NFSK Y27632 expanding(SupFig6b),Clone 1,3,3,G90,17.166666666666654,PP,True,True,False,True
Roshan2016,NFSK Y27632 expanding(SupFig6b),Clone 1,3,3,G91,19.166666666666647,PP,True,True,False,True
Roshan2016,NFSK Y27632 expanding(SupFig6b),Clone 1,3,3,G92,18.16666666666666,PP,True,True,False,True
Roshan2016,NFSK Y27632 expanding(SupFig6b),Clone 1,4,4,G93,14.333333333333341,PP,True,True,False,True
Roshan2016,NFSK Y27632 expanding(SupFig6b),Clone 1,4,4,G94,17.00000000000002,PP,True,True,False,True
Roshan2016,NFSK Y27632 expanding(SupFig6b),Clone 1,4,4,G95,14.833333333333314,PP,True,True,False,True
Roshan2016,NFSK Y27632 expanding(SupFig6b),Clone 1,4,4,G96,13.833333333333329,PP,True,True,False,True
Roshan2016,NFSK Y27632 expanding(SupFig6b),Clone 1,4,4,G97,17.500000000000004,PP,True,True,False,True
Roshan2016,NFSK Y27632 expanding(SupFig6b),Clone 1,4,4,G98,18.833333333333332,PP,True,True,False,True
Roshan2016,NFSK Y27632 expanding(SupFig6b),Clone 2,1,1,N73,17.999999999999996,PP,True,True,True,False
Roshan2016,NFSK Y27632 expanding(SupFig6b),Clone 2,1,1,N74,10.666666666666668,PP,True,True,True,False
Roshan2016,NFSK Y27632 expanding(SupFig6b),Clone 2,1,1,N75,15.166666666666647,PP,True,True,True,False
Roshan2016,NFSK Y27632 expanding(SupFig6b),Clone 2,1,1,N76,18.000000000000018,PP,True,True,True,False
Roshan2016,NFSK Y27632 expanding(SupFig6b),Clone 2,1,1,N77,14.33333333333334,PP,True,True,True,False
Roshan2016,NFSK Y27632 expanding(SupFig6b),Clone 2,1,1,N78,13.333333333333353,PP,True,True,True,False
Roshan2016,NFSK Y27632 expanding(SupFig6b),Clone 2,2,2,N79,20,PP,True,True,False,True
Roshan2016,NFSK Y27632 expanding(SupFig6b),Clone 2,2,2,N80,20.333333333333343,PP,True,True,False,True
Roshan2016,NFSK Y27632 expanding(SupFig6b),Clone 2,2,2,N81,15.166666666666647,PP,True,True,False,True
Roshan2016,NFSK Y27632 expanding(SupFig6b),Clone 2,2,2,N82,16.99999999999999,PP,True,True,False,True
Roshan2016,NFSK Y27632 expanding(SupFig6b),Clone 2,2,2,N83,15.666666666666671,PP,True,True,False,True
Roshan2016,NFSK Y27632 expanding(SupFig6b),Clone 2,2,2,N84,17.833333333333314,PP,True,True,False,True
Roshan2016,NFSK Y27632 expanding(SupFig6b),Clone 2,3,3,N85,20.833333333333353,PP,True,True,False,True
Roshan2016,NFSK Y27632 expanding(SupFig6b),Clone 2,3,3,N86,18.83333333333334,PP,True,True,False,True
Roshan2016,NFSK Y27632 expanding(SupFig6b),Clone 2,3,3,N87,12.000000000000021,PD,True,True,False,True
Roshan2016,NFSK Y27632 expanding(SupFig6b),Clone 2,3,3,N88,14.666666666666663,PP,True,True,False,True
Roshan2016,NFSK Y27632 expanding(SupFig6b),Clone 2,3,3,N89,17.00000000000002,PP,True,True,False,True
Roshan2016,NFSK Y27632 expanding(SupFig6b),Clone 2,4,4,N90,13.999999999999993,PP,True,True,False,True
Roshan2016,NFSK Y27632 expanding(SupFig6b),Clone 2,4,4,N91,11.999999999999998,PP,True,True,False,True
Roshan2016,NFSK Y27632 expanding(SupFig6b),Clone 2,4,4,N92,19.833333333333332,PP,True,True,False,True
Roshan2016,NFSK Y27632 expanding(SupFig6b),Clone 2,4,4,N93,20.99999999999999,PP,True,True,False,True
Roshan2016,NFSK Y27632 expanding(SupFig6b),Clone 2,4,4,N94,13.500000000000018,PD,True,True,False,True
Roshan2016,NFSK Y27632 expanding(SupFig6b),Clone 3,1,1,U73,19.166666666666664,PP,True,True,True,False
Roshan2016,NFSK Y27632 expanding(SupFig6b),Clone 3,1,1,U74,20.833333333333336,PP,True,True,True,False
Roshan2016,NFSK Y27632 expanding(SupFig6b),Clone 3,1,1,U75,7.83333333333334,PP,True,True,True,False
Roshan2016,NFSK Y27632 expanding(SupFig6b),Clone 3,1,1,U76,9.33333333333334,PP,True,True,True,False
Roshan2016,NFSK Y27632 expanding(SupFig6b),Clone 3,1,1,U77,14.333333333333314,PP,True,True,True,False
Roshan2016,NFSK Y27632 expanding(SupFig6b),Clone 3,1,1,U78,17.166666666666686,PP,True,True,True,False
Roshan2016,NFSK Y27632 expanding(SupFig6b),Clone 3,2,2,U79,20.500000000000004,PD,True,True,False,True
Roshan2016,NFSK Y27632 expanding(SupFig6b),Clone 3,2,2,U80,16.333333333333332,PP,True,True,False,True
Roshan2016,NFSK Y27632 expanding(SupFig6b),Clone 3,2,2,U81,17.166666666666647,PP,True,True,False,True
Roshan2016,NFSK Y27632 expanding(SupFig6b),Clone 3,3,3,U82,18.833333333333343,PP,True,True,False,True
Roshan2016,NFSK Y27632 expanding(SupFig6b),Clone 3,3,3,U83,19.166666666666664,PP,True,True,False,True
Roshan2016,NFSK Y27632 expanding(SupFig6b),Clone 3,3,3,U84,15.999999999999996,PP,True,True,False,True
Roshan2016,NFSK Y27632 expanding(SupFig6b),Clone 3,3,3,U85,17.333333333333325,PP,True,True,False,True
Roshan2016,NFSK Y27632 expanding(SupFig6b),Clone 3,3,3,U86,13.500000000000018,PP,True,True,False,True
Roshan2016,NFSK Y27632 expanding(SupFig6b),Clone 3,3,3,U87,14.666666666666675,PP,True,True,False,True
Roshan2016,NFSK Y27632 expanding(SupFig6b),Clone 3,4,4,U88,24.33333333333331,PP,True,True,False,True
Roshan2016,NFSK Y27632 expanding(SupFig6b),Clone 3,4,4,U89,13.333333333333343,PP,True,True,False,True
Roshan2016,NFSK Y27632 expanding(SupFig6b),Clone 3,4,4,U90,11.833333333333353,PP,True,True,False,True
Roshan2016,NFSK Y27632 expanding(SupFig6b),Clone 3,4,4,U91,13.00000000000001,PP,True,True,False,True
Roshan2016,NFSK Y27632 expanding(SupFig6b),Clone 3,4,4,U92,15.00000000000001,PP,True,True,False,True
Roshan2016,NFSK Y27632 expanding(SupFig6b),Clone 3,4,4,U93,17.83333333333334,PP,True,True,False,True
Roshan2016,NFSK Y27632 expanding(SupFig6b),Clone 3,5,5,U94,15.833333333333325,PP,True,True,False,True
Roshan2016,NFSK Y27632 expanding(SupFig6b),Clone 3,5,5,U95,14.166666666666675,PD,True,True,False,True
Roshan2016,NFSK Y27632 expanding(SupFig6b),Clone 3,5,5,U96,13.333333333333318,PP,True,True,False,True
Roshan2016,NFSK Y27632 expanding(SupFig6b),Clone 3,5,5,U97,14.333333333333346,PP,True,True,False,True
Roshan2016,NFSK Y27632 expanding(SupFig6b),Clone 3,5,5,U98,14.833333333333314,PP,True,True,False,True
Roshan2016,NFSK Y27632 expanding(SupFig6b),Clone 5,1,G1,AB4,38.5,PP,True,True,True,False
Roshan2016,NFSK Y27632 expanding(SupFig6b),Clone 5,2,G2,AB5,16.000000000000004,PP,True,True,False,True
Roshan2016,NFSK Y27632 expanding(SupFig6b),Clone 5,2,G2,AB6,16.499999999999996,PP,True,True,False,True
Roshan2016,NFSK Y27632 expanding(SupFig6b),Clone 5,3,G3,AB7,12.333333333333337,PP,True,True,False,True
Roshan2016,NFSK Y27632 expanding(SupFig6b),Clone 5,3,G3,AB8,13.666666666666666,PP,True,True,False,True
Roshan2016,NFSK Y27632 expanding(SupFig6b),Clone 5,3,G3,AB9,12.333333333333327,PP,True,True,False,True
Roshan2016,NFSK Y27632 expanding(SupFig6b),Clone 5,3,G3,AB10,14.999999999999995,PD,True,True,False,True
Roshan2016,NFSK Y27632 expanding(SupFig6b),Clone 5,4,G4,AB11,17.33333333333334,PP,True,True,False,True
Roshan2016,NFSK Y27632 expanding(SupFig6b),Clone 5,4,G4,AB12,19.16666666666667,PP,True,True,False,True
Roshan2016,NFSK Y27632 expanding(SupFig6b),Clone 5,4,G4,AB13,16.83333333333333,PP,True,True,False,True
Roshan2016,NFSK Y27632 expanding(SupFig6b),Clone 5,4,G4,AB14,18.33333333333333,PP,True,True,False,True
Roshan2016,NFSK Y27632 expanding(SupFig6b),Clone 5,4,G4,AB15,18.66666666666667,PP,True,True,False,True
Roshan2016,NFSK Y27632 expanding(SupFig6b),Clone 5,4,G4,AB16,20,PP,True,True,False,True
Roshan2016,NFSK Y27632 expanding(SupFig6b),Clone 5,4,G4,AB17,16.333333333333336,PP,True,True,False,True
Roshan2016,NFSK Y27632 expanding(SupFig6b),Clone 5,1,1,AB41,18.999999999999993,PP,True,True,True,False
Roshan2016,NFSK Y27632 expanding(SupFig6b),Clone 5,1,1,AB42,19.66666666666668,PP,True,True,True,False
Roshan2016,NFSK Y27632 expanding(SupFig6b),Clone 5,1,1,AB43,17.83333333333334,PP,True,True,True,False
Roshan2016,NFSK Y27632 expanding(SupFig6b),Clone 5,1,1,AB44,8.000000000000004,PP,True,True,True,False
Roshan2016,NFSK Y27632 expanding(SupFig6b),Clone 5,1,1,AB45,13.33333333333334,PP,True,True,True,False
Roshan2016,NFSK Y27632 expanding(SupFig6b),Clone 5,1,1,AB46,14.333333333333325,PP,True,True,True,False
Roshan2016,NFSK Y27632 expanding(SupFig6b),Clone 5,2,2,AB47,10.666666666666677,PP,True,True,False,True
Roshan2016,NFSK Y27632 expanding(SupFig6b),Clone 5,2,2,AB48,15.000000000000005,PP,True,True,False,True
Roshan2016,NFSK Y27632 expanding(SupFig6b),Clone 5,2,2,AB49,11.166666666666671,PP,True,True,False,True
Roshan2016,NFSK Y27632 expanding(SupFig6b),Clone 5,2,2,AB50,12.333333333333329,PP,True,True,False,True
Roshan2016,NFSK Y27632 expanding(SupFig6b),Clone 5,2,2,AB51,16.833333333333325,PP,True,True,False,True
Roshan2016,NFSK Y27632 expanding(SupFig6b),Clone 5,2,2,AB52,15.000000000000004,PP,True,True,False,True
Roshan2016,NFSK Y27632 expanding(SupFig6b),Clone 5,3,3,AB53,16.499999999999996,PP,True,True,False,True
Roshan2016,NFSK Y27632 expanding(SupFig6b),Clone 5,3,3,AB54,19.333333333333325,PP,True,True,False,True
Roshan2016,NFSK Y27632 expanding(SupFig6b),Clone 5,3,3,AB55,19.666666666666668,PP,True,True,False,True
Roshan2016,NFSK Y27632 expanding(SupFig6b),Clone 5,3,3,AB56,17.500000000000004,PP,True,True,False,True
Roshan2016,NFSK Y27632 expanding(SupFig6b),Clone 5,3,3,AB57,13.666666666666664,PP,True,True,False,True
Roshan2016,NFSK Y27632 expanding(SupFig6b),Clone 5,3,3,AB58,9.666666666666657,PP,True,True,False,True
Roshan2016,NFSK Y27632 expanding(SupFig6b),Clone 5,4,4,AB59,14.833333333333343,PD,True,True,False,True
Roshan2016,NFSK Y27632 expanding(SupFig6b),Clone 5,4,4,AB60,16,DD,True,True,False,True
Roshan2016,NFSK Y27632 expanding(SupFig6b),Clone 5,4,4,AB61,15.333333333333332,PP,True,True,False,True
Roshan2016,NFSK Y27632 expanding(SupFig6b),Clone 5,1,1,AB73,15.49999999999999,PP,True,True,True,False
Roshan2016,NFSK Y27632 expanding(SupFig6b),Clone 5,1,1,AB74,17.333333333333332,PD,True,True,True,False
Roshan2016,NFSK Y27632 expanding(SupFig6b),Clone 5,1,1,AB75,9.833333333333346,PP,True,True,True,False
Roshan2016,NFSK Y27632 expanding(SupFig6b),Clone 5,1,1,AB76,22.000000000000018,PP,True,True,True,False
Roshan2016,NFSK Y27632 expanding(SupFig6b),Clone 5,1,1,AB77,17.83333333333333,PP,True,True,True,False
Roshan2016,NFSK Y27632 expanding(SupFig6b),Clone 5,2,2,AB78,20.000000000000004,PD,True,True,False,True
Roshan2016,NFSK Y27632 expanding(SupFig6b),Clone 5,2,2,AB79,22.49999999999999,PP,True,True,False,True
Roshan2016,NFSK Y27632 expanding(SupFig6b),Clone 5,2,2,AB80,15.333333333333346,PP,True,True,False,True
Roshan2016,NFSK Y27632 expanding(SupFig6b),Clone 5,2,2,AB81,21.333333333333332,PP,True,True,False,True
Roshan2016,NFSK Y27632 expanding(SupFig6b),Clone 5,2,2,AB82,18.16666666666666,PP,True,True,False,True
Roshan2016,NFSK Y27632 expanding(SupFig6b),Clone 5,3,3,AB83,14.500000000000007,PP,True,True,False,True
Roshan2016,NFSK Y27632 expanding(SupFig6b),Clone 5,3,3,AB84,15.666666666666664,PP,True,True,False,True
Roshan2016,NFSK Y27632 expanding(SupFig6b),Clone 5,3,3,AB85,19.666666666666675,PP,True,True,False,True
Roshan2016,NFSK Y27632 expanding(SupFig6b),Clone 5,3,3,AB86,18.666666666666647,PP,True,True,False,True
Roshan2016,NFSK Y27632 expanding(SupFig6b),Clone 5,3,3,AB87,17.333333333333353,PP,True,True,False,True
Roshan2016,NFSK Y27632 expanding(SupFig6b),Clone 5,3,3,AB88,14.333333333333353,PP,True,True,False,True
Roshan2016,NFSK Y27632 expanding(SupFig6b),Clone 5,4,4,AB89,15,PP,True,True,False,True
Roshan2016,NFSK Y27632 expanding(SupFig6b),Clone 5,4,4,AB90,16.166666666666657,PP,True,True,False,True
Roshan2016,NFSK Y27632 expanding(SupFig6b),Clone 5,4,4,AB91,18.500000000000014,PP,True,True,False,True
Roshan2016,NFSK Y27632 expanding(SupFig6b),Clone 5,4,4,AB92,19.833333333333343,PP,True,True,False,True
Roshan2016,NFSK Y27632 expanding(SupFig6b),Clone 5,4,4,AB93,18.16666666666666,PP,True,True,False,True
Roshan2016,NFSK Y27632 expanding(SupFig6b),Clone 5,4,4,AB94,16.66666666666666,PP,True,True,False,True
Roshan2016,NFSK Y27632 expanding(SupFig6b),Clone 6,1,1,AI73,16.833333333333353,PD,True,True,True,False
Roshan2016,NFSK Y27632 expanding(SupFig6b),Clone 6,1,1,AI74,18.666666666666654,PP,True,True,True,False
Roshan2016,NFSK Y27632 expanding(SupFig6b),Clone 6,1,1,AI75,16.000000000000007,PP,True,True,True,False
Roshan2016,NFSK Y27632 expanding(SupFig6b),Clone 6,1,1,AI76,13.666666666666657,PP,True,True,True,False
Roshan2016,NFSK Y27632 expanding(SupFig6b),Clone 6,1,1,AI77,14.333333333333343,PP,True,True,True,False
Roshan2016,NFSK Y27632 expanding(SupFig6b),Clone 6,2,2,AI78,16.5,PP,True,True,False,True
Roshan2016,NFSK Y27632 expanding(SupFig6b),Clone 6,2,2,AI79,15.666666666666686,PP,True,True,False,True
Roshan2016,NFSK Y27632 expanding(SupFig6b),Clone 6,2,2,AI80,14.166666666666686,PP,True,True,False,True
Roshan2016,NFSK Y27632 expanding(SupFig6b),Clone 6,2,2,AI81,15.333333333333343,PP,True,True,False,True
Roshan2016,NFSK Y27632 expanding(SupFig6b),Clone 6,2,2,AI82,15.16666666666665,PP,True,True,False,True
Roshan2016,NFSK Y27632 expanding(SupFig6b),Clone 6,2,2,AI83,17.166666666666664,PP,True,True,False,True
Roshan2016,NFSK Y27632 expanding(SupFig6b),Clone 6,3,3,AI84,18.83333333333334,PP,True,True,False,True
Roshan2016,NFSK Y27632 expanding(SupFig6b),Clone 6,3,3,AI85,17.999999999999982,PP,True,True,False,True
Roshan2016,NFSK Y27632 expanding(SupFig6b),Clone 6,3,3,AI86,17.16666666666665,PP,True,True,False,True
Roshan2016,NFSK Y27632 expanding(SupFig6b),Clone 6,3,3,AI87,18.000000000000007,PP,True,True,False,True
Roshan2016,NFSK Y27632 expanding(SupFig6b),Clone 6,3,3,AI88,10.16666666666668,PP,True,True,False,True
Roshan2016,NFSK Y27632 expanding(SupFig6b),Clone 6,3,3,AI89,11.833333333333352,PP,True,True,False,True
Roshan2016,NFSK Y27632 expanding(SupFig6b),Clone 6,4,4,AI90,12.833333333333352,PP,True,True,False,True
Roshan2016,NFSK Y27632 expanding(SupFig6b),Clone 6,4,4,AI91,14.333333333333352,PP,True,True,False,True
Roshan2016,NFSK Y27632 expanding(SupFig6b),Clone 6,4,4,AI92,19.166666666666675,PP,True,True,False,True
Roshan2016,NFSK Y27632 expanding(SupFig6b),Clone 6,4,4,AI93,17.666666666666675,PP,True,True,False,True
Roshan2016,NFSK Y27632 expanding(SupFig6b),Clone 6,4,4,AI94,16.666666666666647,PP,True,True,False,True
Roshan2016,NFSK Y27632 expanding(SupFig6b),Clone 6,4,4,AI95,18.000000000000018,PP,True,True,False,True
Roshan2016,NFSK Y27632 expanding(SupFig6b),Clone 7,1,1,AP73,14.333333333333314,PP,True,True,True,False
Roshan2016,NFSK Y27632 expanding(SupFig6b),Clone 7,1,1,AP74,22.33333333333333,PD,True,True,True,False
Roshan2016,NFSK Y27632 expanding(SupFig6b),Clone 7,1,1,AP75,13.999999999999993,PP,True,True,True,False
Roshan2016,NFSK Y27632 expanding(SupFig6b),Clone 7,1,1,AP76,16.000000000000007,PP,True,True,True,False
Roshan2016,NFSK Y27632 expanding(SupFig6b),Clone 7,1,1,AP77,17.166666666666682,PP,True,True,True,False
Roshan2016,NFSK Y27632 expanding(SupFig6b),Clone 7,2,2,AP78,16.166666666666647,PD,True,True,False,True
Roshan2016,NFSK Y27632 expanding(SupFig6b),Clone 7,2,2,AP79,20.833333333333353,PP,True,True,False,True
Roshan2016,NFSK Y27632 expanding(SupFig6b),Clone 7,2,2,AP80,18.499999999999996,PP,True,True,False,True
Roshan2016,NFSK Y27632 expanding(SupFig6b),Clone 7,3,3,AP81,15.500000000000014,PP,True,True,False,True
Roshan2016,NFSK Y27632 expanding(SupFig6b),Clone 7,3,3,AP82,17.166666666666686,DD,True,True,False,True
Roshan2016,NFSK Y27632 expanding(SupFig6b),Clone 7,3,3,AP83,17.833333333333343,PP,True,True,False,True
Roshan2016,NFSK Y27632 expanding(SupFig6b),Clone 7,3,3,AP84,16.999999999999986,PP,True,True,False,True
Roshan2016,NFSK Y27632 expanding(SupFig6b),Clone 7,4,4,AP85,18.16666666666666,PP,True,True,False,True
Roshan2016,NFSK Y27632 expanding(SupFig6b),Clone 7,4,4,AP86,20.166666666666675,PP,True,True,False,True
Roshan2016,NFSK Y27632 expanding(SupFig6b),Clone 7,4,4,AP87,18.999999999999982,PP,True,True,False,True
Roshan2016,NFSK Y27632 expanding(SupFig6b),Clone 7,4,4,AP88,17.999999999999996,PP,True,True,False,True
Roshan2016,NFSK Y27632 expanding(SupFig6b),Clone 7,4,4,AP89,13.833333333333353,PP,True,True,False,True
Roshan2016,NFSK Y27632 expanding(SupFig6b),Clone 7,4,4,AP90,15.833333333333325,PP,True,True,False,True
Roshan2016,NFSK Y27632 expanding(SupFig6b),Clone 8,1,G1,AW4,18,PP,True,True,True,False
Roshan2016,NFSK Y27632 expanding(SupFig6b),Clone 8,1,1,AW41,17.333333333333336,PP,True,True,True,False
Roshan2016,NFSK Y27632 expanding(SupFig6b),Clone 8,1,1,AW42,17.500000000000007,PP,True,True,True,False
Roshan2016,NFSK Y27632 expanding(SupFig6b),Clone 8,1,1,AW43,16.00000000000001,PP,True,True,True,False
Roshan2016,NFSK Y27632 expanding(SupFig6b),Clone 8,1,1,AW44,16.333333333333332,PP,True,True,True,False
Roshan2016,NFSK Y27632 expanding(SupFig6b),Clone 8,1,1,AW45,18.166666666666657,PP,True,True,True,False
Roshan2016,NFSK Y27632 expanding(SupFig6b),Clone 8,1,1,AW46,19.500000000000007,PP,True,True,True,False
Roshan2016,NFSK Y27632 expanding(SupFig6b),Clone 8,2,2,AW47,16.50000000000001,PD,True,True,False,True
Roshan2016,NFSK Y27632 expanding(SupFig6b),Clone 8,2,2,AW48,17.333333333333325,PP,True,True,False,True
Roshan2016,NFSK Y27632 expanding(SupFig6b),Clone 8,2,2,AW49,15.999999999999996,PP,True,True,False,True
Roshan2016,NFSK Y27632 expanding(SupFig6b),Clone 8,2,2,AW50,17.666666666666668,PP,True,True,False,True
Roshan2016,NFSK Y27632 expanding(SupFig6b),Clone 8,2,2,AW51,16.833333333333332,PP,True,True,False,True
Roshan2016,NFSK Y27632 expanding(SupFig6b),Clone 8,3,3,AW52,17.166666666666664,PP,True,True,False,True
Roshan2016,NFSK Y27632 expanding(SupFig6b),Clone 8,3,3,AW53,18.333333333333343,PP,True,True,False,True
Roshan2016,NFSK Y27632 expanding(SupFig6b),Clone 8,3,3,AW54,14.333333333333332,PP,True,True,False,True
Roshan2016,NFSK Y27632 expanding(SupFig6b),Clone 8,3,3,AW55,15.166666666666668,PP,True,True,False,True
Roshan2016,NFSK Y27632 expanding(SupFig6b),Clone 8,3,3,AW56,14.499999999999996,PP,True,True,False,True
Roshan2016,NFSK Y27632 expanding(SupFig6b),Clone 8,3,3,AW57,14.166666666666675,PP,True,True,False,True
Roshan2016,NFSK Y27632 expanding(SupFig6b),Clone 8,4,4,AW58,16.833333333333332,DD,True,True,False,True
Roshan2016,NFSK Y27632 expanding(SupFig6b),Clone 8,4,4,AW59,18.500000000000004,PP,True,True,False,True
Roshan2016,NFSK Y27632 expanding(SupFig6b),Clone 8,4,4,AW60,15.166666666666675,PP,True,True,False,True
Roshan2016,NFSK Y27632 expanding(SupFig6b),Clone 8,4,4,AW61,15.499999999999996,PP,True,True,False,True
Roshan2016,NFSK Y27632 expanding(SupFig6b),Clone 8,1,1,AW73,15.666666666666675,PP,True,True,True,False
Roshan2016,NFSK Y27632 expanding(SupFig6b),Clone 8,1,1,AW74,16.49999999999999,PP,True,True,True,False
Roshan2016,NFSK Y27632 expanding(SupFig6b),Clone 8,1,1,AW75,14.83333333333334,PP,True,True,True,False
Roshan2016,NFSK Y27632 expanding(SupFig6b),Clone 8,1,1,AW76,12.166666666666682,PP,True,True,True,False
Roshan2016,NFSK Y27632 expanding(SupFig6b),Clone 8,1,1,AW77,14.666666666666647,PP,True,True,True,False
Roshan2016,NFSK Y27632 expanding(SupFig6b),Clone 8,1,1,AW78,19.49999999999999,PP,True,True,True,False
Roshan2016,NFSK Y27632 expanding(SupFig6b),Clone 8,2,2,AW79,17.500000000000007,PP,True,True,False,True
Roshan2016,NFSK Y27632 expanding(SupFig6b),Clone 8,2,2,AW80,18.833333333333336,PP,True,True,False,True
Roshan2016,NFSK Y27632 expanding(SupFig6b),Clone 8,2,2,AW81,20,PP,True,True,False,True
Roshan2016,NFSK Y27632 expanding(SupFig6b),Clone 8,2,2,AW82,17.833333333333314,PP,True,True,False,True
Roshan2016,NFSK Y27632 expanding(SupFig6b),Clone 8,2,2,AW83,20.833333333333353,PP,True,True,False,True
Roshan2016,NFSK Y27632 expanding(SupFig6b),Clone 8,2,2,AW84,21.333333333333325,PP,True,True,False,True
Roshan2016,NFSK Y27632 expanding(SupFig6b),Clone 8,3,3,AW85,18.333333333333336,PP,True,True,False,True
Roshan2016,NFSK Y27632 expanding(SupFig6b),Clone 8,3,3,AW86,19.666666666666664,PP,True,True,False,True
Roshan2016,NFSK Y27632 expanding(SupFig6b),Clone 8,3,3,AW87,23.000000000000018,PP,True,True,False,True
Roshan2016,NFSK Y27632 expanding(SupFig6b),Clone 8,3,3,AW88,22.333333333333332,PP,True,True,False,True
Roshan2016,NFSK Y27632 expanding(SupFig6b),Clone 8,3,3,AW89,18.833333333333314,PP,True,True,False,True
Roshan2016,NFSK Y27632 expanding(SupFig6b),Clone 8,3,3,AW90,19.33333333333333,PP,True,True,False,True
Roshan2016,NFSK Y27632 expanding(SupFig6b),Clone 8,4,4,AW91,15.666666666666664,PP,True,True,False,True
Roshan2016,NFSK Y27632 expanding(SupFig6b),Clone 8,4,4,AW92,15.333333333333321,PD,True,True,False,True
Roshan2016,NFSK Y27632 expanding(SupFig6b),Clone 8,4,4,AW93,20.166666666666686,PP,True,True,False,True
Roshan2016,NFSK Y27632 expanding(SupFig6b),Clone 8,4,4,AW94,17.499999999999986,PP,True,True,False,True
Roshan2016,NFSK Y27632 expanding(SupFig6b),Clone 8,4,4,AW95,13.000000000000018,PP,True,True,False,True
Roshan2016,NFSK Y27632 expanding(SupFig6b),Clone 10,1,G1,BD4,34.16666666666667,PP,True,True,True,False
Roshan2016,NFSK Y27632 expanding(SupFig6b),Clone 10,2,G2,BD5,9.833333333333337,PP,True,True,False,True
Roshan2016,NFSK Y27632 expanding(SupFig6b),Clone 10,2,G2,BD6,11.166666666666666,PP,True,True,False,True
Roshan2016,NFSK Y27632 expanding(SupFig6b),Clone 10,3,G3,BD7,17.5,PP,True,True,False,True
Roshan2016,NFSK Y27632 expanding(SupFig6b),Clone 10,3,G3,BD8,18.333333333333336,PP,True,True,False,True
Roshan2016,NFSK Y27632 expanding(SupFig6b),Clone 10,3,G3,BD9,12.166666666666671,PP,True,True,False,True
Roshan2016,NFSK Y27632 expanding(SupFig6b),Clone 10,3,G3,BD10,14.000000000000004,PP,True,True,False,True
Roshan2016,NFSK Y27632 expanding(SupFig6b),Clone 10,1,1,BD41,19.166666666666668,PP,True,True,True,False
Roshan2016,NFSK Y27632 expanding(SupFig6b),Clone 10,1,1,BD42,20.666666666666668,PP,True,True,True,False
Roshan2016,NFSK Y27632 expanding(SupFig6b),Clone 10,1,1,BD43,20.500000000000007,PP,True,True,True,False
Roshan2016,NFSK Y27632 expanding(SupFig6b),Clone 10,1,1,BD44,18.833333333333336,PP,True,True,True,False
Roshan2016,NFSK Y27632 expanding(SupFig6b),Clone 10,1,1,BD45,16.33333333333333,PP,True,True,True,False
Roshan2016,NFSK Y27632 expanding(SupFig6b),Clone 10,1,1,BD46,17.500000000000007,PP,True,True,True,False
Roshan2016,NFSK Y27632 expanding(SupFig6b),Clone 10,2,2,BD47,18.666666666666668,PP,True,True,False,True
Roshan2016,NFSK Y27632 expanding(SupFig6b),Clone 10,2,2,BD48,19.500000000000004,PP,True,True,False,True
Roshan2016,NFSK Y27632 expanding(SupFig6b),Clone 10,2,2,BD49,16.5,PP,True,True,False,True
Roshan2016,NFSK Y27632 expanding(SupFig6b),Clone 10,2,2,BD50,18.499999999999993,PP,True,True,False,True
Roshan2016,NFSK Y27632 expanding(SupFig6b),Clone 10,2,2,BD51,15.166666666666675,PP,True,True,False,True
Roshan2016,NFSK Y27632 expanding(SupFig6b),Clone 10,2,2,BD52,15.499999999999996,PP,True,True,False,True
Roshan2016,NFSK Y27632 expanding(SupFig6b),Clone 10,3,3,BD53,11.33333333333333,PD,True,True,False,True
Roshan2016,NFSK Y27632 expanding(SupFig6b),Clone 10,3,3,BD54,17.333333333333332,PP,True,True,False,True
Roshan2016,NFSK Y27632 expanding(SupFig6b),Clone 10,3,3,BD55,14.666666666666657,PP,True,True,False,True
Roshan2016,NFSK Y27632 expanding(SupFig6b),Clone 10,3,3,BD56,16.000000000000007,PP,True,True,False,True
Roshan2016,NFSK Y27632 expanding(SupFig6b),Clone 10,4,4,BD57,12.333333333333336,PP,True,True,False,True
Roshan2016,NFSK Y27632 expanding(SupFig6b),Clone 10,4,4,BD58,10.499999999999993,PP,True,True,False,True
Roshan2016,NFSK Y27632 expanding(SupFig6b),Clone 10,4,4,BD59,17.50000000000001,PP,True,True,False,True
Roshan2016,NFSK Y27632 expanding(SupFig6b),Clone 10,4,4,BD60,18.666666666666668,PP,True,True,False,True
Roshan2016,NFSK Y27632 expanding(SupFig6b),Clone 10,4,4,BD61,20.999999999999993,PP,True,True,False,True
Roshan2016,NFSK Y27632 expanding(SupFig6b),Clone 10,4,4,BD62,20.833333333333343,PP,True,True,False,True
Roshan2016,NFSK Y27632 expanding(SupFig6b),Clone 10,1,1,BD73,17.5,PD,True,True,True,False
Roshan2016,NFSK Y27632 expanding(SupFig6b),Clone 10,1,1,BD74,19.16666666666667,PP,True,True,True,False
Roshan2016,NFSK Y27632 expanding(SupFig6b),Clone 10,1,1,BD75,16.166666666666657,PD,True,True,True,False
Roshan2016,NFSK Y27632 expanding(SupFig6b),Clone 10,1,1,BD76,15.666666666666647,PP,True,True,True,False
Roshan2016,NFSK Y27632 expanding(SupFig6b),Clone 10,1,1,BD77,16.666666666666675,PP,True,True,True,False
Roshan2016,NFSK Y27632 expanding(SupFig6b),Clone 10,1,1,BD78,10.333333333333321,DD,True,True,True,False
Roshan2016,NFSK Y27632 expanding(SupFig6b),Clone 10,1,1,BD79,11.833333333333353,PP,True,True,True,False
Roshan2016,NFSK Y27632 expanding(SupFig6b),Clone 10,1,1,BD80,12.666666666666668,PP,True,True,True,False
Roshan2016,NFSK Y27632 expanding(SupFig6b),Clone 10,1,1,BD81,10.999999999999979,PP,True,True,True,False
Roshan2016,NFSK Y27632 expanding(SupFig6b),Clone 10,1,1,BD82,13.333333333333336,PP,True,True,True,False
Roshan2016,NFSK Y27632 expanding(SupFig6b),Clone 10,2,2,BD83,11.999999999999991,PP,True,True,False,True
Roshan2016,NFSK Y27632 expanding(SupFig6b),Clone 10,2,2,BD84,13.166666666666668,PP,True,True,False,True
Roshan2016,NFSK Y27632 expanding(SupFig6b),Clone 10,2,2,BD85,16.166666666666647,PP,True,True,False,True
Roshan2016,NFSK Y27632 expanding(SupFig6b),Clone 10,2,2,BD86,16.833333333333332,PP,True,True,False,True
Roshan2016,NFSK Y27632 expanding(SupFig6b),Clone 10,2,2,BD87,17.33333333333334,PP,True,True,False,True
Roshan2016,NFSK Y27632 expanding(SupFig6b),Clone 10,2,2,BD88,18.333333333333325,PP,True,True,False,True
Roshan2016,NFSK Y27632 expanding(SupFig6b),Clone 10,3,3,BD89,13.166666666666668,PP,True,True,False,True
Roshan2016,NFSK Y27632 expanding(SupFig6b),Clone 10,3,3,BD90,11.666666666666666,PP,True,True,False,True
Roshan2016,NFSK Y27632 expanding(SupFig6b),Clone 10,3,3,BD91,16.166666666666657,PP,True,True,False,True
Roshan2016,NFSK Y27632 expanding(SupFig6b),Clone 10,3,3,BD92,22.5,PP,True,True,False,True
Roshan2016,NFSK Y27632 expanding(SupFig6b),Clone 10,3,3,BD93,18.666666666666686,PP,True,True,False,True
Roshan2016,NFSK Y27632 expanding(SupFig6b),Clone 10,3,3,BD94,19.66666666666667,PP,True,True,False,True
Roshan2016,NFSK Y27632 expanding(SupFig6b),Clone 13,1,G1,BK4,19.166666666666668,PP,True,True,True,False
Roshan2016,NFSK Y27632 expanding(SupFig6b),Clone 13,2,G2,BK5,15.166666666666666,PP,True,True,False,True
Roshan2016,NFSK Y27632 expanding(SupFig6b),Clone 13,2,G2,BK6,14.33333333333333,PP,True,True,False,True
Roshan2016,NFSK Y27632 expanding(SupFig6b),Clone 13,3,G3,BK7,15.83333333333333,PP,True,True,False,True
Roshan2016,NFSK Y27632 expanding(SupFig6b),Clone 13,3,G3,BK8,15.166666666666666,PP,True,True,False,True
Roshan2016,NFSK Y27632 expanding(SupFig6b),Clone 13,3,G3,BK9,13.166666666666673,PP,True,True,False,True
Roshan2016,NFSK Y27632 expanding(SupFig6b),Clone 13,3,G3,BK10,14.500000000000002,PP,True,True,False,True
Roshan2016,NFSK Y27632 expanding(SupFig6b),Clone 13,4,G4,BK11,17.333333333333332,PP,True,True,False,True
Roshan2016,NFSK Y27632 expanding(SupFig6b),Clone 13,4,G4,BK12,12.66666666666666,PP,True,True,False,True
Roshan2016,NFSK Y27632 expanding(SupFig6b),Clone 13,4,G4,BK13,17.666666666666668,PP,True,True,False,True
Roshan2016,NFSK Y27632 expanding(SupFig6b),Clone 13,1,1,BK41,17.833333333333343,PP,True,True,True,False
Roshan2016,NFSK Y27632 expanding(SupFig6b),Clone 13,1,1,BK42,18.500000000000007,PP,True,True,True,False
Roshan2016,NFSK Y27632 expanding(SupFig6b),Clone 13,1,1,BK43,14.166666666666675,PP,True,True,True,False
Roshan2016,NFSK Y27632 expanding(SupFig6b),Clone 13,1,1,BK44,15.666666666666675,PP,True,True,True,False
Roshan2016,NFSK Y27632 expanding(SupFig6b),Clone 13,1,1,BK45,14.166666666666671,PP,True,True,True,False
Roshan2016,NFSK Y27632 expanding(SupFig6b),Clone 13,1,1,BK46,16.333333333333336,PP,True,True,True,False
Roshan2016,NFSK Y27632 expanding(SupFig6b),Clone 13,2,2,BK47,17.16666666666667,PP,True,True,False,True
Roshan2016,NFSK Y27632 expanding(SupFig6b),Clone 13,2,2,BK48,15.999999999999993,PP,True,True,False,True
Roshan2016,NFSK Y27632 expanding(SupFig6b),Clone 13,2,2,BK49,14.66666666666666,PP,True,True,False,True
Roshan2016,NFSK Y27632 expanding(SupFig6b),Clone 13,2,2,BK50,19.500000000000004,PP,True,True,False,True
Roshan2016,NFSK Y27632 expanding(SupFig6b),Clone 13,2,2,BK51,18.166666666666664,PP,True,True,False,True
Roshan2016,NFSK Y27632 expanding(SupFig6b),Clone 13,2,2,BK52,16.833333333333336,PP,True,True,False,True
Roshan2016,NFSK Y27632 expanding(SupFig6b),Clone 13,3,3,BK53,11.333333333333341,PP,True,True,False,True
Roshan2016,NFSK Y27632 expanding(SupFig6b),Clone 13,3,3,BK54,15.000000000000005,PP,True,True,False,True
Roshan2016,NFSK Y27632 expanding(SupFig6b),Clone 13,3,3,BK55,17.833333333333336,PP,True,True,False,True
Roshan2016,NFSK Y27632 expanding(SupFig6b),Clone 13,3,3,BK56,17,PP,True,True,False,True
Roshan2016,NFSK Y27632 expanding(SupFig6b),Clone 13,3,3,BK57,13.333333333333332,PP,True,True,False,True
Roshan2016,NFSK Y27632 expanding(SupFig6b),Clone 13,3,3,BK58,12.666666666666668,PP,True,True,False,True
Roshan2016,NFSK Y27632 expanding(SupFig6b),Clone 13,4,4,BK59,10.999999999999996,PD,True,True,False,True
Roshan2016,NFSK Y27632 expanding(SupFig6b),Clone 13,4,4,BK60,17.166666666666657,PP,True,True,False,True
Roshan2016,NFSK Y27632 expanding(SupFig6b),Clone 13,4,4,BK61,10,PP,True,True,False,True
Roshan2016,NFSK Y27632 expanding(SupFig6b),Clone 13,4,4,BK62,14.666666666666671,PP,True,True,False,True
Roshan2016,NFSK Y27632 expanding(SupFig6b),Clone 15,1,G1,BR4,14.5,PP,True,True,True,False
Roshan2016,NFSK Y27632 expanding(SupFig6b),Clone 15,2,G2,BR5,17.5,PP,True,True,False,True
Roshan2016,NFSK Y27632 expanding(SupFig6b),Clone 15,2,G2,BR6,18.666666666666668,PP,True,True,False,True
Roshan2016,NFSK Y27632 expanding(SupFig6b),Clone 15,3,G3,BR7,14.666666666666673,PP,True,True,False,True
Roshan2016,NFSK Y27632 expanding(SupFig6b),Clone 15,3,G3,BR8,16,PP,True,True,False,True
Roshan2016,NFSK Y27632 expanding(SupFig6b),Clone 15,3,G3,BR9,15.83333333333333,PP,True,True,False,True
Roshan2016,NFSK Y27632 expanding(SupFig6b),Clone 15,3,G3,BR10,15.499999999999998,PP,True,True,False,True
Roshan2016,NFSK Y27632 expanding(SupFig6b),Clone 15,4,G4,BR11,14.5,PP,True,True,False,True
Roshan2016,NFSK Y27632 expanding(SupFig6b),Clone 15,4,G4,BR12,11.66666666666666,PP,True,True,False,True
Roshan2016,NFSK Y27632 expanding(SupFig6b),Clone 15,4,G4,BR13,14.166666666666664,PP,True,True,False,True
Roshan2016,NFSK Y27632 expanding(SupFig6b),Clone 15,4,G4,BR14,15,PP,True,True,False,True
Roshan2016,NFSK Y27632 expanding(SupFig6b),Clone 15,4,G4,BR15,14.500000000000004,PP,True,True,False,True
Roshan2016,NFSK Y27632 expanding(SupFig6b),Clone 15,4,G4,BR16,13.333333333333336,PP,True,True,False,True
Roshan2016,NFSK Y27632 expanding(SupFig6b),Clone 15,4,G4,BR17,17.333333333333332,PP,True,True,False,True
Roshan2016,NFSK Y27632 expanding(SupFig6b),Clone 15,4,G4,BR18,18.66666666666666,PP,True,True,False,True
Roshan2016,NFSK Y27632 expanding(SupFig6b),Clone 15,1,1,BR41,14.999999999999993,PP,True,True,True,False
Roshan2016,NFSK Y27632 expanding(SupFig6b),Clone 15,1,1,BR42,12.833333333333329,PP,True,True,True,False
Roshan2016,NFSK Y27632 expanding(SupFig6b),Clone 15,1,1,BR43,16.499999999999993,PP,True,True,True,False
Roshan2016,NFSK Y27632 expanding(SupFig6b),Clone 15,1,1,BR44,14.999999999999993,PP,True,True,True,False
Roshan2016,NFSK Y27632 expanding(SupFig6b),Clone 15,1,1,BR45,10.166666666666675,PP,True,True,True,False
Roshan2016,NFSK Y27632 expanding(SupFig6b),Clone 15,1,1,BR46,10.666666666666668,PP,True,True,True,False
Roshan2016,NFSK Y27632 expanding(SupFig6b),Clone 15,2,2,BR47,18.16666666666666,PP,True,True,False,True
Roshan2016,NFSK Y27632 expanding(SupFig6b),Clone 15,2,2,BR48,17.333333333333325,PP,True,True,False,True
Roshan2016,NFSK Y27632 expanding(SupFig6b),Clone 15,2,2,BR49,13,PP,True,True,False,True
Roshan2016,NFSK Y27632 expanding(SupFig6b),Clone 15,2,2,BR50,13.166666666666671,PP,True,True,False,True
Roshan2016,NFSK Y27632 expanding(SupFig6b),Clone 15,2,2,BR51,12.833333333333325,PP,True,True,False,True
Roshan2016,NFSK Y27632 expanding(SupFig6b),Clone 15,2,2,BR52,14.333333333333325,PP,True,True,False,True
Roshan2016,NFSK Y27632 expanding(SupFig6b),Clone 15,3,3,BR53,15.499999999999998,PP,True,True,False,True
Roshan2016,NFSK Y27632 expanding(SupFig6b),Clone 15,3,3,BR54,10.833333333333329,PP,True,True,False,True
Roshan2016,NFSK Y27632 expanding(SupFig6b),Clone 15,3,3,BR55,19.5,PP,True,True,False,True
Roshan2016,NFSK Y27632 expanding(SupFig6b),Clone 15,3,3,BR56,18.333333333333343,PP,True,True,False,True
Roshan2016,NFSK Y27632 expanding(SupFig6b),Clone 15,3,3,BR57,14.999999999999996,PP,True,True,False,True
Roshan2016,NFSK Y27632 expanding(SupFig6b),Clone 15,3,3,BR58,22.666666666666668,PP,True,True,False,True
Roshan2016,NFSK Y27632 expanding(SupFig6b),Clone 15,4,4,BR59,15.999999999999991,PD,True,True,False,True
Roshan2016,NFSK Y27632 expanding(SupFig6b),Clone 15,4,4,BR60,15.833333333333341,PP,True,True,False,True
Roshan2016,NFSK Y27632 expanding(SupFig6b),Clone 15,4,4,BR61,19,PP,True,True,False,True
Roshan2016,NFSK Y27632 expanding(SupFig6b),Clone 15,4,4,BR62,19.166666666666668,PP,True,True,False,True
Roshan2016,NFSK Y27632 expanding(SupFig6b),Clone 15,4,4,BR63,20.166666666666675,PP,True,True,False,True
Roshan2016,NFSK Y27632 expanding(SupFig6b),Clone 15,1,1,BR73,19.499999999999993,PP,True,True,True,False
Roshan2016,NFSK Y27632 expanding(SupFig6b),Clone 15,1,1,BR74,19.16666666666667,PP,True,True,True,False
Roshan2016,NFSK Y27632 expanding(SupFig6b),Clone 15,1,1,BR75,16.999999999999986,DD,True,True,True,False
Roshan2016,NFSK Y27632 expanding(SupFig6b),Clone 15,1,1,BR76,16.333333333333343,PP,True,True,True,False
Roshan2016,NFSK Y27632 expanding(SupFig6b),Clone 15,1,1,BR77,18.166666666666675,PP,True,True,True,False
Roshan2016,NFSK Y27632 expanding(SupFig6b),Clone 15,1,1,BR78,17.000000000000018,PP,True,True,True,False
Roshan2016,NFSK Y27632 expanding(SupFig6b),Clone 15,2,2,BR79,16.83333333333333,PD,True,True,False,True
Roshan2016,NFSK Y27632 expanding(SupFig6b),Clone 15,2,2,BR80,15.333333333333329,PP,True,True,False,True
Roshan2016,NFSK Y27632 expanding(SupFig6b),Clone 15,2,2,BR81,10.666666666666668,PP,True,True,False,True
Roshan2016,NFSK Y27632 expanding(SupFig6b),Clone 15,2,2,BR82,11.833333333333325,PP,True,True,False,True
Roshan2016,NFSK Y27632 expanding(SupFig6b),Clone 15,2,2,BR83,14.833333333333325,PP,True,True,False,True
Roshan2016,NFSK Y27632 expanding(SupFig6b),Clone 15,3,3,BR84,16.166666666666668,PP,True,True,False,True
Roshan2016,NFSK Y27632 expanding(SupFig6b),Clone 15,3,3,BR85,18.00000000000001,PP,True,True,False,True
Roshan2016,NFSK Y27632 expanding(SupFig6b),Clone 15,3,3,BR86,12.999999999999986,PP,True,True,False,True
Roshan2016,NFSK Y27632 expanding(SupFig6b),Clone 15,3,3,BR87,12.333333333333343,PP,True,True,False,True
Roshan2016,NFSK Y27632 expanding(SupFig6b),Clone 15,3,3,BR88,11.499999999999996,PP,True,True,False,True
Roshan2016,NFSK Y27632 expanding(SupFig6b),Clone 15,3,3,BR89,20.166666666666654,PP,True,True,False,True
Roshan2016,NFSK Y27632 expanding(SupFig6b),Clone 19,1,G1,BY4,11.333333333333334,PP,True,True,True,False
Roshan2016,NFSK Y27632 expanding(SupFig6b),Clone 19,2,G2,BY5,15.499999999999998,PP,True,True,False,True
Roshan2016,NFSK Y27632 expanding(SupFig6b),Clone 19,2,G2,BY6,15.83333333333333,PP,True,True,False,True
Roshan2016,NFSK Y27632 expanding(SupFig6b),Clone 19,3,G3,BY7,16.833333333333336,PP,True,True,False,True
Roshan2016,NFSK Y27632 expanding(SupFig6b),Clone 19,3,G3,BY8,17.16666666666667,PP,True,True,False,True
Roshan2016,NFSK Y27632 expanding(SupFig6b),Clone 19,3,G3,BY9,16.666666666666664,PP,True,True,False,True
Roshan2016,NFSK Y27632 expanding(SupFig6b),Clone 19,3,G3,BY10,19.500000000000007,PP,True,True,False,True
Roshan2016,NFSK Y27632 expanding(SupFig6b),Clone 19,1,1,BY41,19.66666666666668,PP,True,True,True,False
Roshan2016,NFSK Y27632 expanding(SupFig6b),Clone 19,1,1,BY42,19.83333333333333,PP,True,True,True,False
Roshan2016,NFSK Y27632 expanding(SupFig6b),Clone 19,1,1,BY43,15.16666666666666,PP,True,True,True,False
Roshan2016,NFSK Y27632 expanding(SupFig6b),Clone 19,1,1,BY44,14.499999999999996,PP,True,True,True,False
Roshan2016,NFSK Y27632 expanding(SupFig6b),Clone 19,1,1,BY45,17.000000000000007,PP,True,True,True,False
Roshan2016,NFSK Y27632 expanding(SupFig6b),Clone 19,1,1,BY46,7.833333333333335,PP,True,True,True,False
Roshan2016,NFSK Y27632 expanding(SupFig6b),Clone 19,2,2,BY47,15.999999999999996,PP,True,True,False,True
Roshan2016,NFSK Y27632 expanding(SupFig6b),Clone 19,2,2,BY48,15.333333333333332,PP,True,True,False,True
Roshan2016,NFSK Y27632 expanding(SupFig6b),Clone 19,2,2,BY49,14.00000000000001,PP,True,True,False,True
Roshan2016,NFSK Y27632 expanding(SupFig6b),Clone 19,2,2,BY50,12.166666666666668,PP,True,True,False,True
Roshan2016,NFSK Y27632 expanding(SupFig6b),Clone 19,2,2,BY51,13.166666666666675,PP,True,True,False,True
Roshan2016,NFSK Y27632 expanding(SupFig6b),Clone 19,2,2,BY52,11.833333333333325,PP,True,True,False,True
Roshan2016,NFSK Y27632 expanding(SupFig6b),Clone 19,3,3,BY53,17.666666666666657,PP,True,True,False,True
Roshan2016,NFSK Y27632 expanding(SupFig6b),Clone 19,3,3,BY54,18.333333333333343,PP,True,True,False,True
Roshan2016,NFSK Y27632 expanding(SupFig6b),Clone 19,3,3,BY55,25.33333333333334,PP,True,True,False,True
Roshan2016,NFSK Y27632 expanding(SupFig6b),Clone 19,3,3,BY56,15.333333333333332,PP,True,True,False,True
Roshan2016,NFSK Y27632 expanding(SupFig6b),Clone 19,3,3,BY57,15.333333333333332,PP,True,True,False,True
Roshan2016,NFSK Y27632 expanding(SupFig6b),Clone 19,3,3,BY58,11.333333333333325,PP,True,True,False,True
Roshan2016,NFSK Y27632 expanding(SupFig6b),Clone 19,4,4,BY59,18.16666666666666,PP,True,True,False,True
Roshan2016,NFSK Y27632 expanding(SupFig6b),Clone 19,4,4,BY60,18.999999999999996,PP,True,True,False,True
Roshan2016,NFSK Y27632 expanding(SupFig6b),Clone 19,4,4,BY61,15.833333333333329,PP,True,True,False,True
Roshan2016,NFSK Y27632 expanding(SupFig6b),Clone 19,4,4,BY62,14.833333333333343,PP,True,True,False,True
Roshan2016,NFSK Y27632 expanding(SupFig6b),Clone 19,4,4,BY63,13.000000000000004,PP,True,True,False,True
Roshan2016,NFSK Y27632 expanding(SupFig6b),Clone 19,4,4,BY64,13.499999999999996,PP,True,True,False,True
Roshan2016,NFSK Y27632 expanding(SupFig6b),Clone 19,1,1,BY73,17.99999999999999,PD,True,True,True,False
Roshan2016,NFSK Y27632 expanding(SupFig6b),Clone 19,1,1,BY74,18.333333333333332,PP,True,True,True,False
Roshan2016,NFSK Y27632 expanding(SupFig6b),Clone 19,1,1,BY75,22.000000000000018,PP,True,True,True,False
Roshan2016,NFSK Y27632 expanding(SupFig6b),Clone 19,1,1,BY76,20.83333333333333,PP,True,True,True,False
Roshan2016,NFSK Y27632 expanding(SupFig6b),Clone 19,1,1,BY77,18.16666666666667,PP,True,True,True,False
Roshan2016,NFSK Y27632 expanding(SupFig6b),Clone 19,2,2,BY78,16.666666666666657,PD,True,True,False,True
Roshan2016,NFSK Y27632 expanding(SupFig6b),Clone 19,2,2,BY79,15.499999999999998,PP,True,True,False,True
Roshan2016,NFSK Y27632 expanding(SupFig6b),Clone 19,2,2,BY80,18.500000000000004,PP,True,True,False,True
Roshan2016,NFSK Y27632 expanding(SupFig6b),Clone 19,2,2,BY81,21.833333333333314,PP,True,True,False,True
Roshan2016,NFSK Y27632 expanding(SupFig6b),Clone 19,2,2,BY82,20.333333333333314,PP,True,True,False,True
Roshan2016,NFSK Y27632 expanding(SupFig6b),Clone 19,3,3,BY83,18.500000000000007,PP,True,True,False,True
Roshan2016,NFSK Y27632 expanding(SupFig6b),Clone 19,3,3,BY84,21.83333333333335,PP,True,True,False,True
Roshan2016,NFSK Y27632 expanding(SupFig6b),Clone 19,3,3,BY85,15.666666666666654,PP,True,True,False,True
Roshan2016,NFSK Y27632 expanding(SupFig6b),Clone 19,3,3,BY86,14.499999999999996,PD,True,True,False,True
Roshan2016,NFSK Y27632 expanding(SupFig6b),Clone 19,3,3,BY87,17.833333333333346,PP,True,True,False,True
Roshan2016,NFSK Y27632 expanding(SupFig6b),Clone 19,3,3,BY88,15.66666666666666,PP,True,True,False,True
Roshan2016,NFSK Y27632 expanding(SupFig6b),Clone 19,4,4,BY89,5.666666666666676,PP,True,True,False,True
Roshan2016,NFSK Y27632 expanding(SupFig6b),Clone 19,4,4,BY90,17.833333333333325,PP,True,True,False,True
Roshan2016,NFSK Y27632 expanding(SupFig6b),Clone 19,4,4,BY91,19.999999999999982,PP,True,True,False,True
Roshan2016,NFSK Y27632 expanding(SupFig6b),Clone 19,4,4,BY92,26.333333333333325,PP,True,True,False,True
Roshan2016,NFSK Y27632 expanding(SupFig6b),Clone 19,4,4,BY93,13.166666666666671,PD,True,True,False,True
Roshan2016,NFSK Y27632 expanding(SupFig6b),Clone 19,4,4,BY94,15.499999999999986,PP,True,True,False,True
Roshan2016,NFSK Y27632 expanding(SupFig6b),Clone 19,4,4,BY95,12.333333333333332,PP,True,True,False,True
Roshan2016,NFSK Migrating Front (Fig7g),Clone 1,1,G1,G5,24.166666666666664,DD,True,True,True,False
Roshan2016,NFSK Migrating Front (Fig7g),Clone 2,1,G1,N5,18.333333333333332,PP,True,True,True,False
Roshan2016,NFSK Migrating Front (Fig7g),Clone 2,2,G2,N6,17.833333333333336,PP,True,True,False,True
Roshan2016,NFSK Migrating Front (Fig7g),Clone 2,2,G2,N7,19.333333333333336,PD,True,True,False,True
Roshan2016,NFSK Migrating Front (Fig7g),Clone 2,3,G3,N8,10.833333333333337,DD,True,True,False,True
Roshan2016,NFSK Migrating Front (Fig7g),Clone 3,1,G1,U5,19.5,DD,True,True,True,False
Roshan2016,NFSK Migrating Front (Fig7g),Clone 4,1,G1,AB5,18.333333333333332,PP,True,True,True,False
Roshan2016,NFSK Migrating Front (Fig7g),Clone 4,2,G2,AB6,15,PP,True,True,False,True
Roshan2016,NFSK Migrating Front (Fig7g),Clone 4,2,G2,AB7,14.500000000000002,PD,True,True,False,True
Roshan2016,NFSK Migrating Front (Fig7g),Clone 4,3,G3,AB8,13.166666666666668,PD,True,True,False,True
Roshan2016,NFSK Migrating Front (Fig7g),Clone 4,3,G3,AB9,14.166666666666664,DD,True,True,False,True
Roshan2016,NFSK Migrating Front (Fig7g),Clone 4,3,G3,AB10,15.66666666666667,PP,True,True,False,True
Roshan2016,NFSK Migrating Front (Fig7g),Clone 4,4,G4,AB11,20.000000000000004,PD,True,True,False,True
Roshan2016,NFSK Migrating Front (Fig7g),Clone 4,4,G4,AB12,15.166666666666664,PP,True,True,False,True
Roshan2016,NFSK Migrating Front (Fig7g),Clone 4,4,G4,AB13,15.333333333333336,DD,True,True,False,True
Roshan2016,NFSK Migrating Front (Fig7g),Clone 4,5,G5,AB14,17.66666666666667,DD,True,True,False,True
Roshan2016,NFSK Migrating Front (Fig7g),Clone 4,5,G5,AB15,18.833333333333332,DD,True,True,False,True
Roshan2016,NFSK Migrating Front (Fig7g),Clone 4,5,G5,AB16,16.83333333333333,DD,True,True,False,True
Roshan2016,NFSK Migrating Front (Fig7g),Clone 5,1,G1,AI5,18.333333333333332,PD,True,True,True,False
Roshan2016,NFSK Migrating Front (Fig7g),Clone 5,2,G2,AI6,17.000000000000004,DD,True,True,False,True
Roshan2016,NFSK Migrating Front (Fig7g),Clone 6,1,G1,AP5,14.833333333333334,DD,True,True,True,False
Roshan2016,NFSK Migrating Front (Fig7g),Clone 7,1,G1,AW5,25.666666666666664,PD,True,True,True,False
Roshan2016,NFSK Migrating Front (Fig7g),Clone 7,2,G2,AW6,20,DD,True,True,False,True
Roshan2016,NFSK Migrating Front (Fig7g),Clone 8,1,G1,BD5,30.666666666666664,DD,True,True,True,False
Roshan2016,NFSK Migrating Front (Fig7g),Clone 9,1,G1,BK5,21.833333333333332,DD,True,True,True,False
Roshan2016,NFSK Migrating Front (Fig7g),Clone 10,1,G1,BR5,22.5,PD,True,True,True,False
Roshan2016,NFSK Migrating Front (Fig7g),Clone 10,2,G2,BR6,13.666666666666666,PP,True,True,False,True
Roshan2016,NFSK Migrating Front (Fig7g),Clone 10,3,G3,BR7,17.16666666666667,DD,True,True,False,True
Roshan2016,NFSK Migrating Front (Fig7g),Clone 10,3,G3,BR8,15.333333333333337,PD,True,True,False,True
Roshan2016,NFSK Migrating Front (Fig7g),Clone 10,4,G4,BR9,19.16666666666667,DD,True,True,False,True
Roshan2016,NFSK Migrating Front (Fig7g),Clone 11,1,G1,BY5,41,PD,True,True,True,False
Roshan2016,NFSK Migrating Front (Fig7g),Clone 11,2,G2,BY6,54.33333333333333,DD,True,True,False,True
Roshan2016,NFSK Migrating Front (Fig7g),Clone 12,1,G1,CF5,27.5,DD,True,True,True,False
Roshan2016,NFSK Migrating Front (Fig7g),Clone 13,1,G1,CM5,18.333333333333332,DD,True,True,True,False
Roshan2016,NFSK Migrating Front (Fig7g),Clone 14,1,G1,CT5,26.166666666666664,PP,True,True,True,False
Roshan2016,NFSK Migrating Front (Fig7g),Clone 14,2,G2,CT6,17.666666666666664,DD,True,True,False,True
Roshan2016,NFSK Migrating Front (Fig7g),Clone 14,2,G2,CT7,19.166666666666664,DD,True,True,False,True
Roshan2016,NFSK Migrating Front (Fig7g),Clone 15,1,G1,DA5,18.333333333333332,PD,True,True,True,False
Roshan2016,NFSK Migrating Front (Fig7g),Clone 15,2,G2,DA6,14.16666666666667,PD,True,True,False,True
Roshan2016,NFSK Migrating Front (Fig7g),Clone 15,3,G3,DA7,26.16666666666667,DD,True,True,False,True
Roshan2016,NFSK Migrating Front (Fig7g),Clone 16,1,G1,DH5,19.5,DD,True,True,True,False
Roshan2016,NFSK Migrating Front (Fig7g),Clone 17,1,G1,DO5,14.833333333333334,PD,True,True,True,False
Roshan2016,NFSK Migrating Front (Fig7g),Clone 17,2,G2,DO6,17.166666666666664,DD,True,True,False,True
Roshan2016,NFSK Migrating Front (Fig7g),Clone 18,1,G1,DV5,34.666666666666664,PP,True,True,True,False
Roshan2016,NFSK Migrating Front (Fig7g),Clone 18,2,G2,DV6,18.66666666666667,DD,True,True,False,True
Roshan2016,NFSK Migrating Front (Fig7g),Clone 18,2,G2,DV7,16.500000000000007,DD,True,True,False,True
Roshan2016,NFSK Migrating Front (Fig7g),Clone 19,1,G1,EC5,30.666666666666664,PD,True,True,True,False
Roshan2016,NFSK Migrating Front (Fig7g),Clone 19,2,G2,EC6,17.666666666666664,DD,True,True,False,True
Roshan2016,NFSK Migrating Front (Fig7g),Clone 20,1,G1,EJ5,19.5,DD,True,True,True,False
Roshan2016,NFSK Migrating Front (Fig7g),Clone 21,1,G1,EQ5,18.333333333333332,PP,True,True,True,False
Roshan2016,NFSK Migrating Front (Fig7g),Clone 21,2,G2,EQ6,12,PD,True,True,False,True
Roshan2016,NFSK Migrating Front (Fig7g),Clone 21,2,G2,EQ7,11.000000000000004,PD,True,True,False,True
Roshan2016,NFSK Migrating Front (Fig7g),Clone 21,3,G3,EQ8,13.5,DD,True,True,False,True
Roshan2016,NFSK Migrating Front (Fig7g),Clone 21,3,G3,EQ9,16.16666666666667,DD,True,True,False,True
Roshan2016,NFSK Migrating Front (Fig7g),Clone 22,1,G1,EX5,17,DD,True,True,True,False
Roshan2016,NFSK Migrating Front (Fig7g),Clone 23,1,G1,FE5,32.333333333333336,DD,True,True,True,False
Roshan2016,NFSK Migrating Front (Fig7g),Clone 24,1,G1,FL5,25.333333333333336,PD,True,True,True,False
Roshan2016,NFSK Migrating Front (Fig7g),Clone 24,2,G2,FL6,16.166666666666664,DD,True,True,False,True
Roshan2016,NFSK Migrating Front (Fig7g),Clone 25,1,G1,FS5,19.5,DD,True,True,True,False
Roshan2016,NFSK Migrating Front (Fig7g),Clone 26,1,G1,FZ5,18.333333333333332,DD,True,True,True,False
Roshan2016,NFSK Migrating Front (Fig7g),Clone 27,1,G1,GG5,21.666666666666668,PD,True,True,True,False
Roshan2016,NFSK Migrating Front (Fig7g),Clone 27,2,G2,GG6,18.66666666666666,DD,True,True,False,True
Roshan2016,NFSK Proliferating Zone(Fig7h),Clone 1,1,G1,G5,19.5,PP,True,True,True,False
Roshan2016,NFSK Proliferating Zone(Fig7h),Clone 1,2,G2,G6,16.5,PP,True,True,False,True
Roshan2016,NFSK Proliferating Zone(Fig7h),Clone 1,2,G2,G7,16,PD,True,True,False,True
Roshan2016,NFSK Proliferating Zone(Fig7h),Clone 1,3,G3,G8,12.333333333333332,PP,True,True,False,True
Roshan2016,NFSK Proliferating Zone(Fig7h),Clone 1,3,G3,G9,12.666666666666664,PP,True,True,False,True
Roshan2016,NFSK Proliferating Zone(Fig7h),Clone 1,3,G3,G10,14.666666666666663,PD,True,True,False,True
Roshan2016,NFSK Proliferating Zone(Fig7h),Clone 1,4,G4,G11,12.500000000000004,PP,True,True,False,True
Roshan2016,NFSK Proliferating Zone(Fig7h),Clone 1,4,G4,G12,12.999999999999996,PP,True,True,False,True
Roshan2016,NFSK Proliferating Zone(Fig7h),Clone 1,4,G4,G13,12.66666666666666,PP,True,True,False,True
Roshan2016,NFSK Proliferating Zone(Fig7h),Clone 1,4,G4,G14,14,PP,True,True,False,True
Roshan2016,NFSK Proliferating Zone(Fig7h),Clone 1,4,G4,G15,13.166666666666664,PP,True,True,False,True
Roshan2016,NFSK Proliferating Zone(Fig7h),Clone 2,1,G1,N5,14.666666666666664,PP,True,True,True,False
Roshan2016,NFSK Proliferating Zone(Fig7h),Clone 2,2,G2,N6,18.166666666666668,PP,True,True,False,True
Roshan2016,NFSK Proliferating Zone(Fig7h),Clone 2,2,G2,N7,18.5,PP,True,True,False,True
Roshan2016,NFSK Proliferating Zone(Fig7h),Clone 2,3,G3,N8,11.666666666666663,PP,True,True,False,True
Roshan2016,NFSK Proliferating Zone(Fig7h),Clone 2,3,G3,N9,13.000000000000002,PD,True,True,False,True
Roshan2016,NFSK Proliferating Zone(Fig7h),Clone 2,3,G3,N10,19.333333333333336,DD,True,True,False,True
Roshan2016,NFSK Proliferating Zone(Fig7h),Clone 2,3,G3,N11,16,PP,True,True,False,True
Roshan2016,NFSK Proliferating Zone(Fig7h),Clone 2,4,G4,N12,16.000000000000004,PP,True,True,False,True
Roshan2016,NFSK Proliferating Zone(Fig7h),Clone 2,4,G4,N13,17.666666666666664,PP,True,True,False,True
Roshan2016,NFSK Proliferating Zone(Fig7h),Clone 2,4,G4,N14,17.66666666666667,PP,True,True,False,True
Roshan2016,NFSK Proliferating Zone(Fig7h),Clone 2,4,G4,N15,18.16666666666667,DD,True,True,False,True
Roshan2016,NFSK Proliferating Zone(Fig7h),Clone 2,4,G4,N16,18.999999999999996,PP,True,True,False,True
Roshan2016,NFSK Proliferating Zone(Fig7h),Clone 3,1,G1,U5,21.166666666666668,PP,True,True,True,False
Roshan2016,NFSK Proliferating Zone(Fig7h),Clone 3,2,G2,U6,22.666666666666664,PP,True,True,False,True
Roshan2016,NFSK Proliferating Zone(Fig7h),Clone 3,2,G2,U7,16.499999999999996,PD,True,True,False,True
Roshan2016,NFSK Proliferating Zone(Fig7h),Clone 3,3,G3,U8,14.333333333333336,PP,True,True,False,True
Roshan2016,NFSK Proliferating Zone(Fig7h),Clone 3,3,G3,U9,13.33333333333334,PD,True,True,False,True
Roshan2016,NFSK Proliferating Zone(Fig7h),Clone 3,3,G3,U10,19.833333333333336,DD,True,True,False,True
Roshan2016,NFSK Proliferating Zone(Fig7h),Clone 4,1,G1,AB5,18.333333333333332,PP,True,True,True,False
Roshan2016,NFSK Proliferating Zone(Fig7h),Clone 4,2,G2,AB6,14.16666666666667,PP,True,True,False,True
Roshan2016,NFSK Proliferating Zone(Fig7h),Clone 4,2,G2,AB7,16.333333333333336,PP,True,True,False,True
Roshan2016,NFSK Proliferating Zone(Fig7h),Clone 4,3,G3,AB8,13.333333333333334,PP,True,True,False,True
Roshan2016,NFSK Proliferating Zone(Fig7h),Clone 4,3,G3,AB9,16.666666666666664,PD,True,True,False,True
Roshan2016,NFSK Proliferating Zone(Fig7h),Clone 4,3,G3,AB10,27.333333333333336,PP,True,True,False,True
Roshan2016,NFSK Proliferating Zone(Fig7h),Clone 4,3,G3,AB11,16,PD,True,True,False,True
Roshan2016,NFSK Proliferating Zone(Fig7h),Clone 4,4,G4,AB12,15.499999999999996,PP,True,True,False,True
Roshan2016,NFSK Proliferating Zone(Fig7h),Clone 4,4,G4,AB13,16.500000000000004,PP,True,True,False,True
Roshan2016,NFSK Proliferating Zone(Fig7h),Clone 4,4,G4,AB14,12.500000000000004,PP,True,True,False,True
Roshan2016,NFSK Proliferating Zone(Fig7h),Clone 4,4,G4,AB15,9.499999999999996,PD,True,True,False,True
Roshan2016,NFSK Proliferating Zone(Fig7h),Clone 4,4,G4,AB16,12.499999999999996,DD,True,True,False,True
Roshan2016,NFSK Proliferating Zone(Fig7h),Clone 4,4,G4,AB17,16.66666666666666,PP,True,True,False,True
Roshan2016,NFSK Proliferating Zone(Fig7h),Clone 5,1,G1,AI5,18.333333333333332,PP,True,True,True,False
Roshan2016,NFSK Proliferating Zone(Fig7h),Clone 5,2,G2,AI6,17.000000000000004,PP,True,True,False,True
Roshan2016,NFSK Proliferating Zone(Fig7h),Clone 5,2,G2,AI7,15.333333333333332,PP,True,True,False,True
Roshan2016,NFSK Proliferating Zone(Fig7h),Clone 5,3,G3,AI8,14.833333333333329,PP,True,True,False,True
Roshan2016,NFSK Proliferating Zone(Fig7h),Clone 5,3,G3,AI9,21.499999999999993,PP,True,True,False,True
Roshan2016,NFSK Proliferating Zone(Fig7h),Clone 5,3,G3,AI10,14.000000000000004,PD,True,True,False,True
Roshan2016,NFSK Proliferating Zone(Fig7h),Clone 5,3,G3,AI11,15.166666666666671,PP,True,True,False,True
Roshan2016,NFSK Proliferating Zone(Fig7h),Clone 5,4,G4,AI12,16.333333333333336,DD,True,True,False,True
Roshan2016,NFSK Proliferating Zone(Fig7h),Clone 5,4,G4,AI13,17.333333333333332,PP,True,True,False,True
Roshan2016,NFSK Proliferating Zone(Fig7h),Clone 5,4,G4,AI14,12.66666666666667,PD,True,True,False,True
Roshan2016,NFSK Proliferating Zone(Fig7h),Clone 5,4,G4,AI15,14.833333333333334,PP,True,True,False,True
Roshan2016,NFSK Proliferating Zone(Fig7h),Clone 5,4,G4,AI16,20.000000000000004,PP,True,True,False,True
Roshan2016,NFSK Proliferating Zone(Fig7h),Clone 5,4,G4,AI17,18.666666666666668,PP,True,True,False,True
Roshan2016,NFSK Proliferating Zone(Fig7h),Clone 5,4,G4,AI18,19.16666666666667,PP,True,True,False,True
Roshan2016,NFSK Proliferating Zone(Fig7h),Clone 6,1,G1,AP5,14.833333333333334,PP,True,True,True,False
Roshan2016,NFSK Proliferating Zone(Fig7h),Clone 6,2,G2,AP6,17.166666666666664,PP,True,True,False,True
Roshan2016,NFSK Proliferating Zone(Fig7h),Clone 6,2,G2,AP7,16.5,PP,True,True,False,True
Roshan2016,NFSK Proliferating Zone(Fig7h),Clone 6,3,G3,AP8,14.33333333333333,PP,True,True,False,True
Roshan2016,NFSK Proliferating Zone(Fig7h),Clone 6,3,G3,AP9,17.33333333333333,PD,True,True,False,True
Roshan2016,NFSK Proliferating Zone(Fig7h),Clone 6,3,G3,AP10,18.333333333333336,PP,True,True,False,True
Roshan2016,NFSK Proliferating Zone(Fig7h),Clone 6,3,G3,AP11,16.833333333333336,PP,True,True,False,True
Roshan2016,NFSK Proliferating Zone(Fig7h),Clone 6,4,G4,AP12,10.166666666666664,PP,True,True,False,True
Roshan2016,NFSK Proliferating Zone(Fig7h),Clone 6,4,G4,AP13,11.999999999999996,PP,True,True,False,True
Roshan2016,NFSK Proliferating Zone(Fig7h),Clone 6,4,G4,AP14,18.333333333333336,PD,True,True,False,True
Roshan2016,NFSK Proliferating Zone(Fig7h),Clone 6,4,G4,AP15,19,PP,True,True,False,True
Roshan2016,NFSK Proliferating Zone(Fig7h),Clone 6,4,G4,AP16,43.333333333333336,PP,True,True,False,True
Roshan2016,NFSK Proliferating Zone(Fig7h),Clone 6,4,G4,AP17,16.833333333333336,PD,True,True,False,True
Roshan2016,NFSK Proliferating Zone(Fig7h),Clone 6,4,G4,AP18,15.333333333333337,DD,True,True,False,True
Roshan2016,NFSK Proliferating Zone(Fig7h),Clone 7,1,G1,AW5,19.666666666666668,PD,True,True,True,False
Roshan2016,NFSK Proliferating Zone(Fig7h),Clone 7,2,G2,AW6,14.666666666666664,PP,True,True,False,True
Roshan2016,NFSK Proliferating Zone(Fig7h),Clone 7,3,G3,AW7,13.000000000000002,PP,True,True,False,True
Roshan2016,NFSK Proliferating Zone(Fig7h),Clone 7,3,G3,AW8,14.999999999999995,PP,True,True,False,True
Roshan2016,NFSK Proliferating Zone(Fig7h),Clone 7,4,G4,AW9,18.666666666666668,PP,True,True,False,True
Roshan2016,NFSK Proliferating Zone(Fig7h),Clone 7,4,G4,AW10,19.16666666666667,PP,True,True,False,True
Roshan2016,NFSK Proliferating Zone(Fig7h),Clone 7,4,G4,AW11,18.166666666666664,PP,True,True,False,True
Roshan2016,NFSK Proliferating Zone(Fig7h),Clone 7,4,G4,AW12,15.83333333333333,PP,True,True,False,True
Roshan2016,NFSK Proliferating Zone(Fig7h),Clone 8,1,G1,BD5,30.666666666666664,PP,True,True,True,False
Roshan2016,NFSK Proliferating Zone(Fig7h),Clone 8,2,G2,BD6,11.833333333333336,PD,True,True,False,True
Roshan2016,NFSK Proliferating Zone(Fig7h),Clone 8,2,G2,BD7,13.166666666666664,PP,True,True,False,True
Roshan2016,NFSK Proliferating Zone(Fig7h),Clone 8,3,G3,BD8,14.833333333333332,PP,True,True,False,True
Roshan2016,NFSK Proliferating Zone(Fig7h),Clone 8,3,G3,BD9,14.333333333333336,PP,True,True,False,True
Roshan2016,NFSK Proliferating Zone(Fig7h),Clone 8,3,G3,BD10,23.000000000000004,DD,True,True,False,True
Roshan2016,NFSK Proliferating Zone(Fig7h),Clone 8,4,G4,BD11,13.166666666666668,PD,True,True,False,True
Roshan2016,NFSK Proliferating Zone(Fig7h),Clone 8,4,G4,BD12,14.333333333333336,DD,True,True,False,True
Roshan2016,NFSK Proliferating Zone(Fig7h),Clone 8,4,G4,BD13,14.000000000000004,PP,True,True,False,True
Roshan2016,NFSK Proliferating Zone(Fig7h),Clone 8,4,G4,BD14,15.333333333333332,PP,True,True,False,True
Roshan2016,NFSK Proliferating Zone(Fig7h),Clone 9,1,G1,BK5,19.5,PP,True,True,True,False
Roshan2016,NFSK Proliferating Zone(Fig7h),Clone 9,2,G2,BK6,6.666666666666664,PP,True,True,False,True
Roshan2016,NFSK Proliferating Zone(Fig7h),Clone 9,2,G2,BK7,14.666666666666668,PD,True,True,False,True
Roshan2016,NFSK Proliferating Zone(Fig7h),Clone 9,3,G3,BK8,20.666666666666664,PP,True,True,False,True
Roshan2016,NFSK Proliferating Zone(Fig7h),Clone 9,3,G3,BK9,17.666666666666664,DD,True,True,False,True
Roshan2016,NFSK Proliferating Zone(Fig7h),Clone 9,3,G3,BK10,14.166666666666664,PP,True,True,False,True
Roshan2016,NFSK Proliferating Zone(Fig7h),Clone 9,4,G4,BK11,14.83333333333334,PP,True,True,False,True
Roshan2016,NFSK Proliferating Zone(Fig7h),Clone 9,4,G4,BK12,11.166666666666664,PP,True,True,False,True
Roshan2016,NFSK Proliferating Zone(Fig7h),Clone 9,4,G4,BK13,32.66666666666667,PD,True,True,False,True
Roshan2016,NFSK Proliferating Zone(Fig7h),Clone 9,4,G4,BK14,22.833333333333332,PD,True,True,False,True
Roshan2016,NFSK Proliferating Zone(Fig7h),Clone 10,1,G1,BR5,18.333333333333332,PP,True,True,True,False
Roshan2016,NFSK Proliferating Zone(Fig7h),Clone 10,2,G2,BR6,12,PD,True,True,False,True
Roshan2016,NFSK Proliferating Zone(Fig7h),Clone 10,2,G2,BR7,11.000000000000004,PP,True,True,False,True
Roshan2016,NFSK Proliferating Zone(Fig7h),Clone 10,3,G3,BR8,13.5,PP,True,True,False,True
Roshan2016,NFSK Proliferating Zone(Fig7h),Clone 10,3,G3,BR9,16.16666666666667,PP,True,True,False,True
Roshan2016,NFSK Proliferating Zone(Fig7h),Clone 10,3,G3,BR10,17.33333333333334,PP,True,True,False,True
Roshan2016,NFSK Proliferating Zone(Fig7h),Clone 10,4,G4,BR11,17.499999999999996,PP,True,True,False,True
Roshan2016,NFSK Proliferating Zone(Fig7h),Clone 10,4,G4,BR12,18.16666666666667,PD,True,True,False,True
Roshan2016,NFSK Proliferating Zone(Fig7h),Clone 10,4,G4,BR13,17.166666666666668,PD,True,True,False,True
Roshan2016,NFSK Proliferating Zone(Fig7h),Clone 10,4,G4,BR14,18.333333333333336,PP,True,True,False,True
Roshan2016,NFSK Proliferating Zone(Fig7h),Clone 10,4,G4,BR15,15.000000000000004,PP,True,True,False,True
Roshan2016,NFSK Proliferating Zone(Fig7h),Clone 10,4,G4,BR16,19.999999999999996,PP,True,True,False,True
Roshan2016,NFSK Proliferating Zone(Fig7h),Clone 11,1,G1,BY5,41,PP,True,True,True,False
Roshan2016,NFSK Proliferating Zone(Fig7h),Clone 11,2,G2,BY6,20.33333333333333,PP,True,True,False,True
Roshan2016,NFSK Proliferating Zone(Fig7h),Clone 11,2,G2,BY7,17.33333333333333,DD,True,True,False,True
Roshan2016,NFSK Proliferating Zone(Fig7h),Clone 11,3,G3,BY8,11.999999999999995,PP,True,True,False,True
Roshan2016,NFSK Proliferating Zone(Fig7h),Clone 11,3,G3,BY9,14.33333333333333,PP,True,True,False,True
Roshan2016,NFSK Proliferating Zone(Fig7h),Clone 11,4,G4,BY10,5.833333333333335,PP,True,True,False,True
Roshan2016,NFSK Proliferating Zone(Fig7h),Clone 11,4,G4,BY11,10.833333333333337,PD,True,True,False,True
Roshan2016,NFSK Proliferating Zone(Fig7h),Clone 11,4,G4,BY12,17.833333333333336,PP,True,True,False,True
Roshan2016,NFSK Proliferating Zone(Fig7h),Clone 11,4,G4,BY13,16.333333333333336,PP,True,True,False,True
Roshan2016,NFSK Proliferating Zone(Fig7h),Clone 12,1,G1,CF5,27.5,PP,True,True,True,False
Roshan2016,NFSK Proliferating Zone(Fig7h),Clone 12,2,G2,CF6,9.666666666666668,PP,True,True,False,True
Roshan2016,NFSK Proliferating Zone(Fig7h),Clone 12,2,G2,CF7,14.833333333333332,PP,True,True,False,True
Roshan2016,NFSK Proliferating Zone(Fig7h),Clone 12,3,G3,CF8,15.000000000000004,PD,True,True,False,True
Roshan2016,NFSK Proliferating Zone(Fig7h),Clone 12,3,G3,CF9,13,PP,True,True,False,True
Roshan2016,NFSK Proliferating Zone(Fig7h),Clone 12,3,G3,CF10,15.666666666666664,PP,True,True,False,True
Roshan2016,NFSK Proliferating Zone(Fig7h),Clone 12,3,G3,CF11,15,PP,True,True,False,True
Roshan2016,NFSK Proliferating Zone(Fig7h),Clone 12,4,G4,CF12,15.833333333333336,PP,True,True,False,True
Roshan2016,NFSK Proliferating Zone(Fig7h),Clone 12,4,G4,CF13,18.5,PD,True,True,False,True
Roshan2016,NFSK Proliferating Zone(Fig7h),Clone 12,4,G4,CF14,15.333333333333329,DD,True,True,False,True
Roshan2016,NFSK Proliferating Zone(Fig7h),Clone 12,4,G4,CF15,11.500000000000004,PP,True,True,False,True
Roshan2016,NFSK Proliferating Zone(Fig7h),Clone 12,4,G4,CF16,12.83333333333333,PP,True,True,False,True
Roshan2016,NFSK Proliferating Zone(Fig7h),Clone 12,4,G4,CF17,8.999999999999998,PP,True,True,False,True
Roshan2016,NFSK Proliferating Zone(Fig7h),Clone 12,4,G4,CF18,11.333333333333334,PP,True,True,False,True
Roshan2016,NFSK Proliferating Zone(Fig7h),Clone 13,1,G1,CM5,18.333333333333332,PP,True,True,True,False
Roshan2016,NFSK Proliferating Zone(Fig7h),Clone 13,2,G2,CM6,14.500000000000002,PP,True,True,False,True
Roshan2016,NFSK Proliferating Zone(Fig7h),Clone 13,2,G2,CM7,18.500000000000004,PD,True,True,False,True
Roshan2016,NFSK Proliferating Zone(Fig7h),Clone 13,3,G3,CM8,11.666666666666663,PP,True,True,False,True
Roshan2016,NFSK Proliferating Zone(Fig7h),Clone 13,3,G3,CM9,13.000000000000002,PD,True,True,False,True
Roshan2016,NFSK Proliferating Zone(Fig7h),Clone 13,3,G3,CM10,15.666666666666668,PP,True,True,False,True
Roshan2016,NFSK Proliferating Zone(Fig7h),Clone 13,4,G4,CM11,14,PP,True,True,False,True
Roshan2016,NFSK Proliferating Zone(Fig7h),Clone 13,4,G4,CM12,16.000000000000004,PP,True,True,False,True
Roshan2016,NFSK Proliferating Zone(Fig7h),Clone 13,4,G4,CM13,16.333333333333332,PP,True,True,False,True
Roshan2016,NFSK Proliferating Zone(Fig7h),Clone 13,4,G4,CM14,14.333333333333336,PP,True,True,False,True
Roshan2016,NFSK Proliferating Zone(Fig7h),Clone 13,4,G4,CM15,21.666666666666664,DD,True,True,False,True
Roshan2016,NFSK Proliferating Zone(Fig7h),Clone 14,1,G1,CT5,19.333333333333332,PP,True,True,True,False
Roshan2016,NFSK Proliferating Zone(Fig7h),Clone 14,2,G2,CT6,12.000000000000004,PP,True,True,False,True
Roshan2016,NFSK Proliferating Zone(Fig7h),Clone 14,2,G2,CT7,14.333333333333332,PP,True,True,False,True
Roshan2016,NFSK Proliferating Zone(Fig7h),Clone 14,3,G3,CT8,12.166666666666666,PD,True,True,False,True
Roshan2016,NFSK Proliferating Zone(Fig7h),Clone 14,3,G3,CT9,16.333333333333336,PP,True,True,False,True
Roshan2016,NFSK Proliferating Zone(Fig7h),Clone 14,3,G3,CT10,14.83333333333334,PP,True,True,False,True
Roshan2016,NFSK Proliferating Zone(Fig7h),Clone 14,3,G3,CT11,16.5,DD,True,True,False,True
Roshan2016,NFSK Proliferating Zone(Fig7h),Clone 14,4,G4,CT12,16.66666666666667,PP,True,True,False,True
Roshan2016,NFSK Proliferating Zone(Fig7h),Clone 14,4,G4,CT13,15.833333333333336,PP,True,True,False,True
Roshan2016,NFSK Proliferating Zone(Fig7h),Clone 14,4,G4,CT14,18.833333333333336,PP,True,True,False,True
Roshan2016,NFSK Proliferating Zone(Fig7h),Clone 14,4,G4,CT15,18.166666666666664,PD,True,True,False,True
Roshan2016,NFSK Proliferating Zone(Fig7h),Clone 14,4,G4,CT16,16,DD,True,True,False,True
Roshan2016,NFSK Proliferating Zone(Fig7h),Clone 15,1,G1,DA5,42.33333333333333,PP,True,True,True,False
Roshan2016,NFSK Proliferating Zone(Fig7h),Clone 15,2,G2,DA6,14.166666666666664,PD,True,True,False,True
Roshan2016,NFSK Proliferating Zone(Fig7h),Clone 15,2,G2,DA7,16.33333333333334,PD,True,True,False,True
Roshan2016,NFSK Proliferating Zone(Fig7h),Clone 15,3,G3,DA8,10.333333333333336,PP,True,True,False,True
Roshan2016,NFSK Proliferating Zone(Fig7h),Clone 15,3,G3,DA9,15.333333333333337,DD,True,True,False,True
Roshan2016,NFSK Proliferating Zone(Fig7h),Clone 15,4,G4,DA10,19.16666666666667,PP,True,True,False,True
Roshan2016,NFSK Proliferating Zone(Fig7h),Clone 15,4,G4,DA11,14.33333333333334,PP,True,True,False,True
Roshan2016,NFSK Proliferating Zone(Fig7h),Clone 16,1,G1,DH5,26.333333333333336,PP,True,True,True,False
Roshan2016,NFSK Proliferating Zone(Fig7h),Clone 16,2,G2,DH6,16.16666666666667,PP,True,True,False,True
Roshan2016,NFSK Proliferating Zone(Fig7h),Clone 16,2,G2,DH7,11,PD,True,True,False,True
Roshan2016,NFSK Proliferating Zone(Fig7h),Clone 16,3,G3,DH8,17.5,PP,True,True,False,True
Roshan2016,NFSK Proliferating Zone(Fig7h),Clone 16,3,G3,DH9,16.999999999999996,PD,True,True,False,True
Roshan2016,NFSK Proliferating Zone(Fig7h),Clone 16,3,G3,DH10,33.333333333333336,PP,True,True,False,True
Roshan2016,NFSK Proliferating Zone(Fig7h),Clone 17,1,G1,DO5,14.833333333333334,PP,True,True,True,False
Roshan2016,NFSK Proliferating Zone(Fig7h),Clone 17,2,G2,DO6,11.666666666666668,PP,True,True,False,True
Roshan2016,NFSK Proliferating Zone(Fig7h),Clone 17,2,G2,DO7,13.999999999999998,PP,True,True,False,True
Roshan2016,NFSK Proliferating Zone(Fig7h),Clone 17,3,G3,DO8,19.83333333333333,PP,True,True,False,True
Roshan2016,NFSK Proliferating Zone(Fig7h),Clone 17,3,G3,DO9,20,PD,True,True,False,True
Roshan2016,NFSK Proliferating Zone(Fig7h),Clone 17,3,G3,DO10,20.83333333333334,PP,True,True,False,True
Roshan2016,NFSK Proliferating Zone(Fig7h),Clone 17,3,G3,DO11,22.5,PP,True,True,False,True
Roshan2016,NFSK Proliferating Zone(Fig7h),Clone 17,4,G4,DO12,16.000000000000004,PP,True,True,False,True
Roshan2016,NFSK Proliferating Zone(Fig7h),Clone 17,4,G4,DO13,23.666666666666664,DD,True,True,False,True
Roshan2016,NFSK Proliferating Zone(Fig7h),Clone 17,4,G4,DO14,16.5,PP,True,True,False,True
Roshan2016,NFSK Proliferating Zone(Fig7h),Clone 17,4,G4,DO15,19,PP,True,True,False,True
Roshan2016,NFSK Proliferating Zone(Fig7h),Clone 17,4,G4,DO16,19.333333333333336,PP,True,True,False,True
Roshan2016,NFSK Proliferating Zone(Fig7h),Clone 17,4,G4,DO17,18.333333333333332,PD,True,True,False,True
Roshan2016,NFSK Proliferating Zone(Fig7h),Clone 17,4,G4,DO18,19.5,PP,True,True,False,True
Roshan2016,NFSK Proliferating Zone(Fig7h),Clone 17,5,G5,DO19,13,PP,True,True,False,True
Roshan2016,NFSK Proliferating Zone(Fig7h),Clone 17,5,G5,DO20,12.999999999999996,PP,True,True,False,True
Roshan2016,NFSK Proliferating Zone(Fig7h),Clone 18,1,G1,DV5,16.666666666666668,DD,True,True,True,False
Roshan2016,NFSK Proliferating Zone(Fig7h),Clone 19,1,G1,EC5,13.666666666666666,PP,True,True,True,False
Roshan2016,NFSK Proliferating Zone(Fig7h),Clone 19,2,G2,EC6,17,PD,True,True,False,True
Roshan2016,NFSK Proliferating Zone(Fig7h),Clone 19,2,G2,EC7,16.666666666666664,PP,True,True,False,True
Roshan2016,NFSK Proliferating Zone(Fig7h),Clone 19,3,G3,EC8,17.500000000000004,PP,True,True,False,True
Roshan2016,NFSK Proliferating Zone(Fig7h),Clone 19,3,G3,EC9,13.33333333333334,PP,True,True,False,True
Roshan2016,NFSK Proliferating Zone(Fig7h),Clone 19,3,G3,EC10,17.166666666666664,DD,True,True,False,True
Roshan2016,NFSK Proliferating Zone(Fig7h),Clone 19,4,G4,EC11,22.333333333333336,PP,True,True,False,True
Roshan2016,NFSK Proliferating Zone(Fig7h),Clone 19,4,G4,EC12,10.333333333333334,PP,True,True,False,True
Roshan2016,NFSK Proliferating Zone(Fig7h),Clone 19,4,G4,EC13,17.66666666666666,PP,True,True,False,True
Roshan2016,NFSK Proliferating Zone(Fig7h),Clone 19,4,G4,EC14,21.000000000000004,PD,True,True,False,True
Roshan2016,NFSK Proliferating Zone(Fig7h),Clone 20,1,G1,EJ5,19.5,PD,True,True,True,False
Roshan2016,NFSK Proliferating Zone(Fig7h),Clone 20,2,G2,EJ6,14.666666666666668,PP,True,True,False,True
Roshan2016,NFSK Proliferating Zone(Fig7h),Clone 20,3,G3,EJ7,15.999999999999996,PD,True,True,False,True
Roshan2016,NFSK Proliferating Zone(Fig7h),Clone 20,3,G3,EJ8,12.666666666666664,PP,True,True,False,True
Roshan2016,NFSK Proliferating Zone(Fig7h),Clone 20,4,G4,EJ9,17.666666666666664,PP,True,True,False,True
Roshan2016,NFSK Proliferating Zone(Fig7h),Clone 20,4,G4,EJ10,14.000000000000004,PP,True,True,False,True
Roshan2016,NFSK Proliferating Zone(Fig7h),Clone 20,4,G4,EJ11,14.83333333333334,PP,True,True,False,True
Roshan2016,NFSK Proliferating Zone(Fig7h),Clone 20,5,G5,EJ12,8.499999999999996,PP,True,True,False,True
Roshan2016,NFSK Proliferating Zone(Fig7h),Clone 20,5,G5,EJ13,13.166666666666668,PP,True,True,False,True
Roshan2016,NFSK Proliferating Zone(Fig7h),Clone 20,5,G5,EJ14,19.333333333333332,PD,True,True,False,True
Roshan2016,NFSK Proliferating Zone(Fig7h),Clone 20,5,G5,EJ15,13.333333333333332,DD,True,True,False,True
Roshan2016,NFSK Proliferating Zone(Fig7h),Clone 20,5,G5,EJ16,14.500000000000002,PP,True,True,False,True
Roshan2016,NFSK Proliferating Zone(Fig7h),Clone 20,5,G5,EJ17,11.16666666666667,PP,True,True,False,True
Roshan2016,NFSK Proliferating Zone(Fig7h),Clone 21,1,G1,EQ5,18.333333333333332,PP,True,True,True,False
Roshan2016,NFSK Proliferating Zone(Fig7h),Clone 21,2,G2,EQ6,12,PD,True,True,False,True
Roshan2016,NFSK Proliferating Zone(Fig7h),Clone 21,2,G2,EQ7,11.000000000000004,PP,True,True,False,True
Roshan2016,NFSK Proliferating Zone(Fig7h),Clone 21,3,G3,EQ8,13.5,PD,True,True,False,True
Roshan2016,NFSK Proliferating Zone(Fig7h),Clone 21,3,G3,EQ9,13,PD,True,True,False,True
Roshan2016,NFSK Proliferating Zone(Fig7h),Clone 21,3,G3,EQ10,15.333333333333336,PP,True,True,False,True
Roshan2016,NFSK Proliferating Zone(Fig7h),Clone 21,4,G4,EQ11,15.500000000000004,PP,True,True,False,True
Roshan2016,NFSK Proliferating Zone(Fig7h),Clone 21,4,G4,EQ12,18.833333333333336,PP,True,True,False,True
Roshan2016,NFSK Proliferating Zone(Fig7h),Clone 21,4,G4,EQ13,14.000000000000004,PP,True,True,False,True
Roshan2016,NFSK Proliferating Zone(Fig7h),Clone 21,4,G4,EQ14,16.166666666666668,PP,True,True,False,True
Roshan2016,NFSK Proliferating Zone(Fig7h),Clone 22,1,G1,EX5,45,PP,True,True,True,False
Roshan2016,NFSK Proliferating Zone(Fig7h),Clone 22,2,G2,EX6,10.333333333333329,PP,True,True,False,True
Roshan2016,NFSK Proliferating Zone(Fig7h),Clone 22,2,G2,EX7,12.166666666666671,DD,True,True,False,True
Roshan2016,NFSK Proliferating Zone(Fig7h),Clone 22,3,G3,EX8,12.333333333333337,PP,True,True,False,True
Roshan2016,NFSK Proliferating Zone(Fig7h),Clone 22,3,G3,EX9,14.500000000000002,PP,True,True,False,True
Roshan2016,NFSK Proliferating Zone(Fig7h),Clone 22,4,G4,EX10,11.5,PP,True,True,False,True
Roshan2016,NFSK Proliferating Zone(Fig7h),Clone 22,4,G4,EX11,14.166666666666668,PP,True,True,False,True
Roshan2016,NFSK Proliferating Zone(Fig7h),Clone 22,4,G4,EX12,14.33333333333334,PP,True,True,False,True
Roshan2016,NFSK Proliferating Zone(Fig7h),Clone 22,4,G4,EX13,13.999999999999996,PD,True,True,False,True
Roshan2016,NFSK Proliferating Zone(Fig7h),Clone 23,1,G1,FE5,15.5,PD,True,True,True,False
Roshan2016,NFSK Proliferating Zone(Fig7h),Clone 23,2,G2,FE6,22.166666666666664,PD,True,True,False,True
Roshan2016,NFSK Proliferating Zone(Fig7h),Clone 23,3,G3,FE7,12.499999999999998,DD,True,True,False,True
Roshan2016,NFSK Proliferating Zone(Fig7h),Clone 24,1,G1,FL5,17,PP,True,True,True,False
Roshan2016,NFSK Proliferating Zone(Fig7h),Clone 24,2,G2,FL6,13.666666666666664,PP,True,True,False,True
Roshan2016,NFSK Proliferating Zone(Fig7h),Clone 24,2,G2,FL7,13.333333333333332,PP,True,True,False,True
Roshan2016,NFSK Proliferating Zone(Fig7h),Clone 24,3,G3,FL8,40.83333333333333,PP,True,True,False,True
Roshan2016,NFSK Proliferating Zone(Fig7h),Clone 24,3,G3,FL9,13.000000000000004,PD,True,True,False,True
Roshan2016,NFSK Proliferating Zone(Fig7h),Clone 24,3,G3,FL10,14.166666666666664,DD,True,True,False,True
Roshan2016,NFSK Proliferating Zone(Fig7h),Clone 24,3,G3,FL11,18,PP,True,True,False,True
Roshan2016,NFSK Proliferating Zone(Fig7h),Clone 24,4,G4,FL12,11,PP,True,True,False,True
Roshan2016,NFSK Proliferating Zone(Fig7h),Clone 24,4,G4,FL13,11.833333333333336,PP,True,True,False,True
Roshan2016,NFSK Proliferating Zone(Fig7h),Clone 24,4,G4,FL14,15.666666666666668,PD,True,True,False,True
Roshan2016,NFSK Proliferating Zone(Fig7h),Clone 24,4,G4,FL15,17.000000000000004,PP,True,True,False,True
Roshan2016,NFSK Proliferating Zone(Fig7h),Clone 24,4,G4,FL16,17.333333333333336,PD,True,True,False,True
Roshan2016,NFSK Proliferating Zone(Fig7h),Clone 25,1,G1,FS5,18,PD,True,True,True,False
Roshan2016,NFSK Proliferating Zone(Fig7h),Clone 25,2,G2,FS6,16.166666666666668,PP,True,True,False,True
Roshan2016,NFSK Proliferating Zone(Fig7h),Clone 25,3,G3,FS7,16.833333333333332,PD,True,True,False,True
Roshan2016,NFSK Proliferating Zone(Fig7h),Clone 25,3,G3,FS8,15.333333333333332,PP,True,True,False,True
Roshan2016,NFSK Proliferating Zone(Fig7h),Clone 25,4,G4,FS9,16.833333333333332,PP,True,True,False,True
Roshan2016,NFSK Proliferating Zone(Fig7h),Clone 25,4,G4,FS10,10.166666666666668,PP,True,True,False,True
Roshan2016,NFSK Proliferating Zone(Fig7h),Clone 25,4,G4,FS11,12.166666666666671,DD,True,True,False,True
Roshan2016,NFSK Proliferating Zone(Fig7h),Clone 25,5,G5,FS12,8.499999999999996,PP,True,True,False,True
Roshan2016,NFSK Proliferating Zone(Fig7h),Clone 25,5,G5,FS13,13.166666666666668,PP,True,True,False,True
Roshan2016,NFSK Proliferating Zone(Fig7h),Clone 25,5,G5,FS14,20.83333333333333,PP,True,True,False,True
Roshan2016,NFSK Proliferating Zone(Fig7h),Clone 25,5,G5,FS15,15,PP,True,True,False,True
Roshan2016,NFSK Proliferating Zone(Fig7h),Clone 26,1,G1,FZ5,13.333333333333334,PP,True,True,True,False
Roshan2016,NFSK Proliferating Zone(Fig7h),Clone 26,2,G2,FZ6,13.999999999999998,DD,True,True,False,True
Roshan2016,NFSK Proliferating Zone(Fig7h),Clone 26,2,G2,FZ7,10.999999999999998,PD,True,True,False,True
Roshan2016,NFSK Proliferating Zone(Fig7h),Clone 26,3,G3,FZ8,19.5,PP,True,True,False,True
Roshan2016,NFSK Proliferating Zone(Fig7h),Clone 26,4,G4,FZ9,12.666666666666664,PP,True,True,False,True
Roshan2016,NFSK Proliferating Zone(Fig7h),Clone 26,4,G4,FZ10,8.000000000000004,PP,True,True,False,True
Roshan2016,NFSK Proliferating Zone(Fig7h),Clone 27,1,G1,GG5,41,PP,True,True,True,False
Roshan2016,NFSK Proliferating Zone(Fig7h),Clone 27,2,G2,GG6,9.166666666666664,PP,True,True,False,True
Roshan2016,NFSK Proliferating Zone(Fig7h),Clone 27,2,G2,GG7,14.333333333333329,DD,True,True,False,True
Roshan2016,NFSK Proliferating Zone(Fig7h),Clone 27,3,G3,GG8,11.666666666666664,PP,True,True,False,True
Roshan2016,NFSK Proliferating Zone(Fig7h),Clone 27,3,G3,GG9,12.833333333333332,PD,True,True,False,True
Roshan2016,NFSK Proliferating Zone(Fig7h),Clone 27,4,G4,GG10,9.999999999999993,PP,True,True,False,True
Roshan2016,NFSK Proliferating Zone(Fig7h),Clone 27,4,G4,GG11,12.333333333333329,PP,True,True,False,True
Roshan2016,NFSK Proliferating Zone(Fig7h),Clone 27,4,G4,GG12,17.333333333333336,PP,True,True,False,True
Roshan2016,NFSK Proliferating Zone(Fig7h),Clone 28,1,G1,GN5,17.333333333333332,PP,True,True,True,False
Roshan2016,NFSK Proliferating Zone(Fig7h),Clone 28,2,G2,GN6,16.833333333333336,PP,True,True,False,True
Roshan2016,NFSK Proliferating Zone(Fig7h),Clone 28,2,G2,GN7,11,PD,True,True,False,True
Roshan2016,NFSK Proliferating Zone(Fig7h),Clone 28,3,G3,GN8,12.666666666666664,PP,True,True,False,True
Roshan2016,NFSK Proliferating Zone(Fig7h),Clone 28,3,G3,GN9,19.5,DD,True,True,False,True
Roshan2016,NFSK Proliferating Zone(Fig7h),Clone 28,3,G3,GN10,20.999999999999993,PP,True,True,False,True
Roshan2016,NFSK Proliferating Zone(Fig7h),Clone 28,4,G4,GN11,14.83333333333334,PP,True,True,False,True
Roshan2016,NFSK Proliferating Zone(Fig7h),Clone 28,4,G4,GN12,10.5,PP,True,True,False,True
Roshan2016,NFSK Proliferating Zone(Fig7h),Clone 28,4,G4,GN13,31.666666666666664,PP,True,True,False,True
Roshan2016,NFSK Proliferating Zone(Fig7h),Clone 28,4,G4,GN14,18.166666666666664,PD,True,True,False,True
Roshan2016,NFSK Proliferating Zone(Fig7h),Clone 29,1,G1,GU5,14.833333333333334,PP,True,True,True,False
Roshan2016,NFSK Proliferating Zone(Fig7h),Clone 29,2,G2,GU6,15.333333333333332,PD,True,True,False,True
Roshan2016,NFSK Proliferating Zone(Fig7h),Clone 29,2,G2,GU7,11.33333333333333,PP,True,True,False,True
Roshan2016,NFSK Proliferating Zone(Fig7h),Clone 29,3,G3,GU8,13.666666666666666,PP,True,True,False,True
Roshan2016,NFSK Proliferating Zone(Fig7h),Clone 29,3,G3,GU9,22.666666666666668,PD,True,True,False,True
Roshan2016,NFSK Proliferating Zone(Fig7h),Clone 29,3,G3,GU10,23,PP,True,True,False,True
Roshan2016,NFSK Proliferating Zone(Fig7h),Clone 29,4,G4,GU11,15.500000000000004,PP,True,True,False,True
Roshan2016,NFSK Proliferating Zone(Fig7h),Clone 29,4,G4,GU12,19.33333333333334,PP,True,True,False,True
Roshan2016,NFSK Proliferating Zone(Fig7h),Clone 29,4,G4,GU13,15.166666666666664,PP,True,True,False,True
Roshan2016,NFSK Proliferating Zone(Fig7h),Clone 29,4,G4,GU14,17.166666666666664,PP,True,True,False,True
Roshan2016,NFSK Proliferating Zone(Fig7h),Clone 29,4,G4,GU15,23.333333333333336,DD,True,True,False,True
Roshan2016,NFSK Proliferating Zone(Fig7h),Clone 30,1,G1,HB5,37.16666666666667,PP,True,True,True,False
Roshan2016,NFSK Proliferating Zone(Fig7h),Clone 30,2,G2,HB6,14.000000000000007,PP,True,True,False,True
Roshan2016,NFSK Proliferating Zone(Fig7h),Clone 30,2,G2,HB7,16.500000000000004,PD,True,True,False,True
Roshan2016,NFSK Proliferating Zone(Fig7h),Clone 30,3,G3,HB8,19,PP,True,True,False,True
Roshan2016,NFSK Proliferating Zone(Fig7h),Clone 30,3,G3,HB9,9.333333333333337,PP,True,True,False,True
Roshan2016,NFSK Proliferating Zone(Fig7h),Clone 30,3,G3,HB10,18.833333333333336,DD,True,True,False,True
Roshan2016,NFSK Proliferating Zone(Fig7h),Clone 30,4,G4,HB11,11.666666666666668,PP,True,True,False,True
Roshan2016,NFSK Proliferating Zone(Fig7h),Clone 30,4,G4,HB12,9.16666666666666,PP,True,True,False,True
Roshan2016,NFSK Proliferating Zone(Fig7h),Clone 30,4,G4,HB13,13.666666666666664,PP,True,True,False,True
Roshan2016,NFSK Proliferating Zone(Fig7h),Clone 30,4,G4,HB14,17.833333333333332,PD,True,True,False,True
Roshan2016,NFSK Proliferating Zone(Fig7h),Clone 31,1,G1,HI5,34.666666666666664,DD,True,True,True,False
Roshan2016,NFSK Proliferating Zone(Fig7h),Clone 32,1,G1,HP5,14.5,PP,True,True,True,False
Roshan2016,NFSK Proliferating Zone(Fig7h),Clone 32,2,G2,HP6,16.166666666666664,PP,True,True,False,True
Roshan2016,NFSK Proliferating Zone(Fig7h),Clone 32,2,G2,HP7,15.833333333333332,PP,True,True,False,True
Roshan2016,NFSK Proliferating Zone(Fig7h),Clone 32,3,G3,HP8,17.500000000000004,PP,True,True,False,True
Roshan2016,NFSK Proliferating Zone(Fig7h),Clone 32,3,G3,HP9,20,PD,True,True,False,True
Roshan2016,NFSK Proliferating Zone(Fig7h),Clone 32,3,G3,HP10,19.833333333333332,PP,True,True,False,True
Roshan2016,NFSK Proliferating Zone(Fig7h),Clone 32,4,G4,HP11,16.166666666666668,PD,True,True,False,True
Roshan2016,NFSK Proliferating Zone(Fig7h),Clone 33,1,G1,HW5,19.5,PP,True,True,True,False
Roshan2016,NFSK Proliferating Zone(Fig7h),Clone 33,2,G2,HW6,14.666666666666668,PP,True,True,False,True
Roshan2016,NFSK Proliferating Zone(Fig7h),Clone 33,2,G2,HW7,17.499999999999996,PD,True,True,False,True
Roshan2016,NFSK Proliferating Zone(Fig7h),Clone 33,3,G3,HW8,15.16666666666666,PP,True,True,False,True
Roshan2016,NFSK Proliferating Zone(Fig7h),Clone 33,3,G3,HW9,14.499999999999996,DD,True,True,False,True
Roshan2016,NFSK Proliferating Zone(Fig7h),Clone 33,3,G3,HW10,14.166666666666671,PP,True,True,False,True
Roshan2016,NFSK Proliferating Zone(Fig7h),Clone 33,4,G4,HW11,17,PP,True,True,False,True
Roshan2016,NFSK Proliferating Zone(Fig7h),Clone 33,4,G4,HW12,26.999999999999993,PP,True,True,False,True
Roshan2016,NFSK Proliferating Zone(Fig7h),Clone 33,4,G4,HW13,18.83333333333333,PP,True,True,False,True
Roshan2016,NFSK Proliferating Zone(Fig7h),Clone 33,4,G4,HW14,20.33333333333333,PD,True,True,False,True
Roshan2016,NFSK Proliferating Zone(Fig7h),Clone 34,1,G1,ID5,14.5,PP,True,True,True,False
Roshan2016,NFSK Proliferating Zone(Fig7h),Clone 34,2,G2,ID6,15.833333333333332,PP,True,True,False,True
Roshan2016,NFSK Proliferating Zone(Fig7h),Clone 34,2,G2,ID7,14.833333333333336,PP,True,True,False,True
Roshan2016,NFSK Proliferating Zone(Fig7h),Clone 34,3,G3,ID8,13.666666666666671,PP,True,True,False,True
Roshan2016,NFSK Proliferating Zone(Fig7h),Clone 34,3,G3,ID9,14.000000000000004,PP,True,True,False,True
Roshan2016,NFSK Proliferating Zone(Fig7h),Clone 34,3,G3,ID10,17.66666666666667,PP,True,True,False,True
Roshan2016,NFSK Proliferating Zone(Fig7h),Clone 34,3,G3,ID11,20.833333333333332,PP,True,True,False,True
Roshan2016,NFSK Proliferating Zone(Fig7h),Clone 34,4,G4,ID12,18.000000000000004,PD,True,True,False,True
Roshan2016,NFSK Proliferating Zone(Fig7h),Clone 34,4,G4,ID13,18.666666666666668,PP,True,True,False,True
Roshan2016,NFSK Proliferating Zone(Fig7h),Clone 34,4,G4,ID14,19.500000000000004,PD,True,True,False,True
Roshan2016,NFSK Proliferating Zone(Fig7h),Clone 34,4,G4,ID15,27.333333333333332,PP,True,True,False,True
Roshan2016,NFSK Proliferating Zone(Fig7h),Clone 34,4,G4,ID16,15.333333333333336,PP,True,True,False,True
Roshan2016,NFSK Proliferating Zone(Fig7h),Clone 34,4,G4,ID17,14.833333333333332,PP,True,True,False,True
Roshan2016,NFSK Proliferating Zone(Fig7h),Clone 34,4,G4,ID18,25.66666666666667,PP,True,True,False,True
Roshan2016,NFSK Proliferating Zone(Fig7h),Clone 34,4,G4,ID19,24.333333333333332,PP,True,True,False,True
Roshan2016,NFSK Proliferating Zone(Fig7h),Clone 35,1,G1,IK5,27,PP,True,True,True,False
Roshan2016,NFSK Proliferating Zone(Fig7h),Clone 35,2,G2,IK6,20.333333333333336,PP,True,True,False,True
Roshan2016,NFSK Proliferating Zone(Fig7h),Clone 35,2,G2,IK7,16.5,PP,True,True,False,True
Roshan2016,NFSK Proliferating Zone(Fig7h),Clone 35,3,G3,IK8,14.5,PP,True,True,False,True
Roshan2016,NFSK Proliferating Zone(Fig7h),Clone 35,3,G3,IK9,15.666666666666668,PP,True,True,False,True
Roshan2016,NFSK Proliferating Zone(Fig7h),Clone 35,3,G3,IK10,11.666666666666668,PP,True,True,False,True
Roshan2016,NFSK Proliferating Zone(Fig7h),Clone 35,3,G3,IK11,14.333333333333336,PD,True,True,False,True
Roshan2016,NFSK Proliferating Zone(Fig7h),Clone 36,1,G1,IR5,17,PP,True,True,True,False
Roshan2016,NFSK Proliferating Zone(Fig7h),Clone 36,2,G2,IR6,21.333333333333336,PP,True,True,False,True
Roshan2016,NFSK Proliferating Zone(Fig7h),Clone 36,2,G2,IR7,26.499999999999996,PP,True,True,False,True
Roshan2016,NFSK Proliferating Zone(Fig7h),Clone 36,3,G3,IR8,10.500000000000004,PD,True,True,False,True
Roshan2016,NFSK Proliferating Zone(Fig7h),Clone 36,3,G3,IR9,22.666666666666664,PP,True,True,False,True
Roshan2016,NFSK Proliferating Zone(Fig7h),Clone 36,3,G3,IR10,11.666666666666668,PP,True,True,False,True
Roshan2016,NFSK Proliferating Zone(Fig7h),Clone 36,3,G3,IR11,14.333333333333336,PP,True,True,False,True
Roshan2016,NFSK Healed colonies (Fig7i),Clone 1,1,G1,G5,14.333333333333332,PP,True,True,True,False
Roshan2016,NFSK Healed colonies (Fig7i),Clone 1,2,G2,G6,18.666666666666668,PD,True,True,False,True
Roshan2016,NFSK Healed colonies (Fig7i),Clone 1,2,G2,G7,12.166666666666668,PP,True,True,False,True
Roshan2016,NFSK Healed colonies (Fig7i),Clone 1,3,G3,G8,15.500000000000004,DD,True,True,False,True
Roshan2016,NFSK Healed colonies (Fig7i),Clone 1,3,G3,G9,34.83333333333333,PD,True,True,False,True
Roshan2016,NFSK Healed colonies (Fig7i),Clone 1,3,G3,G10,25.333333333333336,DD,True,True,False,True
Roshan2016,NFSK Healed colonies (Fig7i),Clone 1,4,G4,G11,10.999999999999998,DD,True,True,False,True
Roshan2016,NFSK Healed colonies (Fig7i),Clone 2,1,G1,N5,12.5,PP,True,True,True,False
Roshan2016,NFSK Healed colonies (Fig7i),Clone 2,2,G2,N6,13.666666666666664,PP,True,True,False,True
Roshan2016,NFSK Healed colonies (Fig7i),Clone 2,2,G2,N7,15.166666666666664,PD,True,True,False,True
Roshan2016,NFSK Healed colonies (Fig7i),Clone 2,3,G3,N8,18.33333333333333,PP,True,True,False,True
Roshan2016,NFSK Healed colonies (Fig7i),Clone 2,3,G3,N9,19.666666666666668,PD,True,True,False,True
Roshan2016,NFSK Healed colonies (Fig7i),Clone 2,3,G3,N10,14.666666666666664,DD,True,True,False,True
Roshan2016,NFSK Healed colonies (Fig7i),Clone 2,4,G4,N11,14,PD,True,True,False,True
Roshan2016,NFSK Healed colonies (Fig7i),Clone 2,4,G4,N12,16.000000000000004,PD,True,True,False,True
Roshan2016,NFSK Healed colonies (Fig7i),Clone 2,4,G4,N13,16.333333333333332,DD,True,True,False,True
Roshan2016,NFSK Healed colonies (Fig7i),Clone 2,5,G5,N14,8.333333333333336,PP,True,True,False,True
Roshan2016,NFSK Healed colonies (Fig7i),Clone 2,5,G5,N15,13.666666666666664,DD,True,True,False,True
Roshan2016,NFSK Healed colonies (Fig7i),Clone 2,6,G6,N16,9.000000000000004,DD,True,True,False,True
Roshan2016,NFSK Healed colonies (Fig7i),Clone 2,6,G6,N17,16,DD,True,True,False,True
Roshan2016,NFSK Healed colonies (Fig7i),Clone 3,1,G1,U5,16.166666666666668,PD,True,True,True,False
Roshan2016,NFSK Healed colonies (Fig7i),Clone 3,2,G2,U6,20.166666666666664,DD,True,True,False,True
Roshan2016,NFSK Healed colonies (Fig7i),Clone 4,1,G1,AB5,12.833333333333332,PP,True,True,True,False
Roshan2016,NFSK Healed colonies (Fig7i),Clone 4,2,G2,AB6,19.666666666666668,PD,True,True,False,True
Roshan2016,NFSK Healed colonies (Fig7i),Clone 4,2,G2,AB7,13.833333333333336,PD,True,True,False,True
Roshan2016,NFSK Healed colonies (Fig7i),Clone 4,3,G3,AB8,18.5,PP,True,True,False,True
Roshan2016,NFSK Healed colonies (Fig7i),Clone 4,3,G3,AB9,23.333333333333336,DD,True,True,False,True
Roshan2016,NFSK Healed colonies (Fig7i),Clone 4,4,G4,AB10,11.000000000000004,PD,True,True,False,True
Roshan2016,NFSK Healed colonies (Fig7i),Clone 4,4,G4,AB11,6.166666666666671,PP,True,True,False,True
Roshan2016,NFSK Healed colonies (Fig7i),Clone 4,5,G5,AB12,11.166666666666668,PD,True,True,False,True
Roshan2016,NFSK Healed colonies (Fig7i),Clone 4,5,G5,AB13,14.16666666666667,PP,True,True,False,True
Roshan2016,NFSK Healed colonies (Fig7i),Clone 4,5,G5,AB14,13.500000000000005,PP,True,True,False,True
Roshan2016,NFSK Healed colonies (Fig7i),Clone 5,1,G1,AI5,12,PD,True,True,True,False
Roshan2016,NFSK Healed colonies (Fig7i),Clone 5,2,G2,AI6,14.166666666666664,PP,True,True,False,True
Roshan2016,NFSK Healed colonies (Fig7i),Clone 5,3,G3,AI7,17.500000000000004,DD,True,True,False,True
Roshan2016,NFSK Healed colonies (Fig7i),Clone 5,3,G3,AI8,16.333333333333336,PP,True,True,False,True
Roshan2016,NFSK Healed colonies (Fig7i),Clone 5,4,G4,AI9,17.5,PD,True,True,False,True
Roshan2016,NFSK Healed colonies (Fig7i),Clone 5,4,G4,AI10,16,DD,True,True,False,True
Roshan2016,NFSK Healed colonies (Fig7i),Clone 5,5,G5,AI11,14.166666666666664,PP,True,True,False,True
Roshan2016,NFSK Healed colonies (Fig7i),Clone 5,6,G6,AI12,8.999999999999996,DD,True,True,False,True
Roshan2016,NFSK Healed colonies (Fig7i),Clone 5,6,G6,AI13,11.666666666666664,DD,True,True,False,True
Roshan2016,NFSK Healed colonies (Fig7i),Clone 6,1,G1,AP5,15.333333333333336,DD,True,True,True,False
Roshan2016,NFSK Healed colonies (Fig7i),Clone 7,1,G1,AW5,15,PP,True,True,True,False
Roshan2016,NFSK Healed colonies (Fig7i),Clone 7,2,G2,AW6,15.666666666666664,PD,True,True,False,True
Roshan2016,NFSK Healed colonies (Fig7i),Clone 7,2,G2,AW7,15.333333333333332,PP,True,True,False,True
Roshan2016,NFSK Healed colonies (Fig7i),Clone 7,3,G3,AW8,17.500000000000004,DD,True,True,False,True
Roshan2016,NFSK Healed colonies (Fig7i),Clone 7,3,G3,AW9,20.333333333333336,PD,True,True,False,True
Roshan2016,NFSK Healed colonies (Fig7i),Clone 7,3,G3,AW10,19.833333333333332,DD,True,True,False,True
Roshan2016,NFSK Healed colonies (Fig7i),Clone 7,4,G4,AW11,19.833333333333332,PD,True,True,False,True
Roshan2016,NFSK Healed colonies (Fig7i),Clone 7,5,G5,AW12,12,DD,True,True,False,True
Roshan2016,NFSK Healed colonies (Fig7i),Clone 8,1,G1,BD5,13.833333333333336,PD,True,True,True,False
Roshan2016,NFSK Healed colonies (Fig7i),Clone 8,2,G2,BD6,15.5,PP,True,True,False,True
Roshan2016,NFSK Healed colonies (Fig7i),Clone 8,3,G3,BD7,20.833333333333332,PD,True,True,False,True
Roshan2016,NFSK Healed colonies (Fig7i),Clone 8,3,G3,BD8,16.16666666666667,PP,True,True,False,True
Roshan2016,NFSK Healed colonies (Fig7i),Clone 8,4,G4,BD9,12.333333333333329,DD,True,True,False,True
Roshan2016,NFSK Healed colonies (Fig7i),Clone 8,4,G4,BD10,14.333333333333329,PP,True,True,False,True
Roshan2016,NFSK Healed colonies (Fig7i),Clone 8,4,G4,BD11,15.000000000000004,DD,True,True,False,True
Roshan2016,NFSK Healed colonies (Fig7i),Clone 8,5,G5,BD12,10.833333333333337,DD,True,True,False,True
Roshan2016,NFSK Healed colonies (Fig7i),Clone 8,5,G5,BD13,12.166666666666666,PD,True,True,False,True
Roshan2016,NFSK Healed colonies (Fig7i),Clone 8,6,G6,BD14,13.666666666666671,DD,True,True,False,True
Roshan2016,NFSK Healed colonies (Fig7i),Clone 9,1,G1,BK5,22.833333333333332,DD,True,True,True,False
Roshan2016,NFSK Healed colonies (Fig7i),Clone 10,1,G1,BR5,35.333333333333336,PP,True,True,True,False
Roshan2016,NFSK Healed colonies (Fig7i),Clone 10,2,G2,BR6,12,PD,True,True,False,True
Roshan2016,NFSK Healed colonies (Fig7i),Clone 10,2,G2,BR7,15.000000000000004,DD,True,True,False,True
Roshan2016,NFSK Healed colonies (Fig7i),Clone 10,3,G3,BR8,14.5,DD,True,True,False,True
Roshan2016,NFSK Healed colonies (Fig7i),Clone 11,1,G1,BY5,14.833333333333334,PP,True,True,True,False
Roshan2016,NFSK Healed colonies (Fig7i),Clone 11,2,G2,BY6,18,PP,True,True,False,True
Roshan2016,NFSK Healed colonies (Fig7i),Clone 11,2,G2,BY7,13.999999999999998,PD,True,True,False,True
Roshan2016,NFSK Healed colonies (Fig7i),Clone 11,3,G3,BY8,11.666666666666663,PP,True,True,False,True
Roshan2016,NFSK Healed colonies (Fig7i),Clone 11,3,G3,BY9,13.000000000000002,DD,True,True,False,True
Roshan2016,NFSK Healed colonies (Fig7i),Clone 11,3,G3,BY10,23.666666666666668,DD,True,True,False,True
Roshan2016,NFSK Healed colonies (Fig7i),Clone 11,4,G4,BY11,14,PP,True,True,False,True
Roshan2016,NFSK Healed colonies (Fig7i),Clone 11,4,G4,BY12,16.000000000000004,DD,True,True,False,True
Roshan2016,NFSK Healed colonies (Fig7i),Clone 11,4,G4,BY13,9.166666666666671,PD,True,True,False,True
Roshan2016,NFSK Healed colonies (Fig7i),Clone 11,5,G5,BY14,13.166666666666668,DD,True,True,False,True
Roshan2016,NFSK Healed colonies (Fig7i),Clone 11,5,G5,BY15,9.666666666666668,DD,True,True,False,True
Roshan2016,NFSK Healed colonies (Fig7i),Clone 12,1,G1,CF5,25,PD,True,True,True,False
Roshan2016,NFSK Healed colonies (Fig7i),Clone 12,2,G2,CF6,15.166666666666668,DD,True,True,False,True
Roshan2016,NFSK Healed colonies (Fig7i),Clone 13,1,G1,CM5,13.666666666666666,PP,True,True,True,False
Roshan2016,NFSK Healed colonies (Fig7i),Clone 13,2,G2,CM6,18.833333333333336,PD,True,True,False,True
Roshan2016,NFSK Healed colonies (Fig7i),Clone 13,2,G2,CM7,13.666666666666666,DD,True,True,False,True
Roshan2016,NFSK Healed colonies (Fig7i),Clone 13,3,G3,CM8,13.166666666666663,PP,True,True,False,True
Roshan2016,NFSK Healed colonies (Fig7i),Clone 13,3,G3,CM9,4.333333333333337,DD,True,True,False,True
Roshan2016,NFSK Healed colonies (Fig7i),Clone 13,4,G4,CM10,16.333333333333336,PD,True,True,False,True
Roshan2016,NFSK Healed colonies (Fig7i),Clone 13,4,G4,CM11,19.16666666666667,DD,True,True,False,True
Roshan2016,NFSK Healed colonies (Fig7i),Clone 14,1,G1,CT5,21.666666666666668,PD,True,True,True,False
Roshan2016,NFSK Healed colonies (Fig7i),Clone 14,2,G2,CT6,13.666666666666668,PP,True,True,False,True
Roshan2016,NFSK Healed colonies (Fig7i),Clone 14,3,G3,CT7,12.16666666666666,DD,True,True,False,True
Roshan2016,NFSK Healed colonies (Fig7i),Clone 14,3,G3,CT8,13.66666666666666,PP,True,True,False,True
Roshan2016,NFSK Healed colonies (Fig7i),Clone 14,4,G4,CT9,14,PD,True,True,False,True
Roshan2016,NFSK Healed colonies (Fig7i),Clone 14,4,G4,CT10,13.833333333333329,DD,True,True,False,True
Roshan2016,NFSK Healed colonies (Fig7i),Clone 14,5,G5,CT11,9,PP,True,True,False,True
Roshan2016,NFSK Healed colonies (Fig7i),Clone 14,6,G6,CT12,14.333333333333336,DD,True,True,False,True
Roshan2016,NFSK Healed colonies (Fig7i),Clone 14,6,G6,CT13,14.000000000000004,DD,True,True,False,True
Roshan2016,NFSK Healed colonies (Fig7i),Clone 15,1,G1,DA5,14.833333333333334,PP,True,True,True,False
Roshan2016,NFSK Healed colonies (Fig7i),Clone 15,2,G2,DA6,17.166666666666664,PP,True,True,False,True
Roshan2016,NFSK Healed colonies (Fig7i),Clone 15,2,G2,DA7,20,PP,True,True,False,True
Roshan2016,NFSK Healed colonies (Fig7i),Clone 15,3,G3,DA8,14.33333333333333,DD,True,True,False,True
Roshan2016,NFSK Healed colonies (Fig7i),Clone 15,3,G3,DA9,17.33333333333333,DD,True,True,False,True
Roshan2016,NFSK Healed colonies (Fig7i),Clone 15,3,G3,DA10,14.83333333333334,PD,True,True,False,True
Roshan2016,NFSK Healed colonies (Fig7i),Clone 15,3,G3,DA11,16.5,DD,True,True,False,True
Roshan2016,NFSK Healed colonies (Fig7i),Clone 15,4,G4,DA12,22.666666666666664,PP,True,True,False,True
Roshan2016,NFSK Healed colonies (Fig7i),Clone 15,4,G4,DA13,44.33333333333333,DD,True,True,False,True
Roshan2016,NFSK Healed colonies (Fig7i),Clone 15,4,G4,DA14,37.333333333333336,PD,True,True,False,True
Roshan2016,NFSK Healed colonies (Fig7i),Clone 15,5,G5,DA15,20.666666666666668,DD,True,True,False,True
Roshan2016,NFSK Healed colonies (Fig7i),Clone 16,1,G1,DH5,8.833333333333334,PP,True,True,True,False
Roshan2016,NFSK Healed colonies (Fig7i),Clone 16,2,G2,DH6,21.83333333333333,PD,True,True,False,True
Roshan2016,NFSK Healed colonies (Fig7i),Clone 16,2,G2,DH7,21.5,PP,True,True,False,True
Roshan2016,NFSK Healed colonies (Fig7i),Clone 16,3,G3,DH8,17.500000000000004,DD,True,True,False,True
Roshan2016,NFSK Healed colonies (Fig7i),Clone 16,3,G3,DH9,20.333333333333336,PD,True,True,False,True
Roshan2016,NFSK Healed colonies (Fig7i),Clone 16,3,G3,DH10,19.833333333333332,DD,True,True,False,True
Roshan2016,NFSK Healed colonies (Fig7i),Clone 16,4,G4,DH11,19.833333333333332,PD,True,True,False,True
Roshan2016,NFSK Healed colonies (Fig7i),Clone 16,5,G5,DH12,12,DD,True,True,False,True
Roshan2016,NFSK Healed colonies (Fig7i),Clone 17,1,G1,DO5,19.833333333333332,PD,True,True,True,False
Roshan2016,NFSK Healed colonies (Fig7i),Clone 17,2,G2,DO6,14.333333333333336,PD,True,True,False,True
Roshan2016,NFSK Healed colonies (Fig7i),Clone 17,3,G3,DO7,17.166666666666664,DD,True,True,False,True
Roshan2016,NFSK Healed colonies (Fig7i),Clone 18,1,G1,DV5,20.666666666666668,DD,True,True,True,False
Roshan2016,NFSK Healed colonies (Fig7i),Clone 19,1,G1,EC5,17,PD,True,True,True,False
Roshan2016,NFSK Healed colonies (Fig7i),Clone 19,2,G2,EC6,30.333333333333332,PP,True,True,False,True
Roshan2016,NFSK Healed colonies (Fig7i),Clone 19,2,G2,EC7,20.166666666666668,DD,True,True,False,True
Roshan2016,NFSK Healed colonies (Fig7i),Clone 19,3,G3,EC8,14.5,PP,True,True,False,True
Roshan2016,NFSK Healed colonies (Fig7i),Clone 19,3,G3,EC9,25.166666666666668,DD,True,True,False,True
Roshan2016,NFSK Healed colonies (Fig7i),Clone 19,5,G5,EC10,17.333333333333332,DD,True,True,False,True
Roshan2016,NFSK Healed colonies (Fig7i),Clone 20,1,G1,EJ5,28.833333333333332,DD,True,True,True,False
Roshan2016,NFSK Healed colonies (Fig7i),Clone 21,1,G1,EQ5,19.5,PP,True,True,True,False
Roshan2016,NFSK Healed colonies (Fig7i),Clone 21,2,G2,EQ6,14.666666666666668,PP,True,True,False,True
Roshan2016,NFSK Healed colonies (Fig7i),Clone 21,3,G3,EQ7,11.833333333333334,PD,True,True,False,True
Roshan2016,NFSK Healed colonies (Fig7i),Clone 21,3,G3,EQ8,12.666666666666664,DD,True,True,False,True
Roshan2016,NFSK Healed colonies (Fig7i),Clone 21,4,G4,EQ9,17.166666666666664,DD,True,True,False,True
Roshan2016,NFSK Healed colonies (Fig7i),Clone 21,4,G4,EQ10,19.166666666666664,PP,True,True,False,True
Roshan2016,NFSK Healed colonies (Fig7i),Clone 21,4,G4,EQ11,11.166666666666671,DD,True,True,False,True
Roshan2016,NFSK Healed colonies (Fig7i),Clone 22,1,G1,EX5,18.333333333333332,PP,True,True,True,False
Roshan2016,NFSK Healed colonies (Fig7i),Clone 22,2,G2,EX6,12,PD,True,True,False,True
Roshan2016,NFSK Healed colonies (Fig7i),Clone 22,2,G2,EX7,11.000000000000004,PP,True,True,False,True
Roshan2016,NFSK Healed colonies (Fig7i),Clone 22,3,G3,EX8,13.5,PD,True,True,False,True
Roshan2016,NFSK Healed colonies (Fig7i),Clone 22,3,G3,EX9,16.16666666666667,DD,True,True,False,True
Roshan2016,NFSK Healed colonies (Fig7i),Clone 22,3,G3,EX10,17.33333333333334,PP,True,True,False,True
Roshan2016,NFSK Healed colonies (Fig7i),Clone 22,4,G4,EX11,17.499999999999996,PP,True,True,False,True
Roshan2016,NFSK Healed colonies (Fig7i),Clone 22,4,G4,EX12,15.333333333333336,PD,True,True,False,True
Roshan2016,NFSK Healed colonies (Fig7i),Clone 22,4,G4,EX13,16,PD,True,True,False,True
Roshan2016,NFSK Healed colonies (Fig7i),Clone 22,4,G4,EX14,10.499999999999995,DD,True,True,False,True
Roshan2016,NFSK Healed colonies (Fig7i),Clone 22,5,G5,EX15,10.333333333333334,DD,True,True,False,True
Roshan2016,NFSK Healed colonies (Fig7i),Clone 22,5,G5,EX16,12.83333333333333,PD,True,True,False,True
Roshan2016,NFSK Healed colonies (Fig7i),Clone 22,5,G5,EX17,12.499999999999996,DD,True,True,False,True
Roshan2016,NFSK Healed colonies (Fig7i),Clone 22,5,G5,EX18,13.166666666666671,PP,True,True,False,True
Roshan2016,NFSK Healed colonies (Fig7i),Clone 22,5,G5,EX19,10.666666666666664,DD,True,True,False,True
Roshan2016,NFSK Healed colonies (Fig7i),Clone 22,6,G6,EX20,20.16666666666666,PP,True,True,False,True
Roshan2016,NFSK Healed colonies (Fig7i),Clone 22,6,G6,EX21,16.999999999999996,DD,True,True,False,True
Roshan2016,NFSK Healed colonies (Fig7i),Clone 22,6,G6,EX22,18.666666666666668,PP,True,True,False,True
Roshan2016,NFSK Healed colonies (Fig7i),Clone 23,1,G1,FE5,17,PP,True,True,True,False
Roshan2016,NFSK Healed colonies (Fig7i),Clone 23,2,G2,FE6,30.333333333333332,PP,True,True,False,True
Roshan2016,NFSK Healed colonies (Fig7i),Clone 23,2,G2,FE7,26.499999999999996,DD,True,True,False,True
Roshan2016,NFSK Healed colonies (Fig7i),Clone 23,3,G3,FE8,14.5,PP,True,True,False,True
Roshan2016,NFSK Healed colonies (Fig7i),Clone 23,3,G3,FE9,15.666666666666668,DD,True,True,False,True
Roshan2016,NFSK Healed colonies (Fig7i),Clone 23,5,G5,FE10,17.333333333333332,DD,True,True,False,True
Roshan2016,NFSK Healed colonies (Fig7i),Clone 23,5,G5,FE11,20,DD,True,True,False,True
Roshan2016,NFSK Healed colonies (Fig7i),Clone 24,1,G1,FL5,27.5,PP,True,True,True,False
Roshan2016,NFSK Healed colonies (Fig7i),Clone 24,2,G2,FL6,18.666666666666668,PD,True,True,False,True
Roshan2016,NFSK Healed colonies (Fig7i),Clone 24,2,G2,FL7,22.16666666666667,PD,True,True,False,True
Roshan2016,NFSK Healed colonies (Fig7i),Clone 24,3,G3,FL8,15.999999999999996,DD,True,True,False,True
Roshan2016,NFSK Healed colonies (Fig7i),Clone 24,3,G3,FL9,22.666666666666664,PD,True,True,False,True
Roshan2016,NFSK Healed colonies (Fig7i),Clone 24,4,G4,FL10,11.000000000000002,PD,True,True,False,True
Roshan2016,NFSK Healed colonies (Fig7i),Clone 25,1,G1,FS5,42.33333333333333,PP,True,True,True,False
Roshan2016,NFSK Healed colonies (Fig7i),Clone 25,2,G2,FS6,14.499999999999996,PP,True,True,False,True
Roshan2016,NFSK Healed colonies (Fig7i),Clone 25,2,G2,FS7,18.500000000000004,PD,True,True,False,True
Roshan2016,NFSK Healed colonies (Fig7i),Clone 25,3,G3,FS8,35.666666666666664,PP,True,True,False,True
Roshan2016,NFSK Healed colonies (Fig7i),Clone 25,3,G3,FS9,37,PD,True,True,False,True
Roshan2016,NFSK Healed colonies (Fig7i),Clone 25,3,G3,FS10,15.666666666666668,DD,True,True,False,True
Roshan2016,NFSK Healed colonies (Fig7i),Clone 25,4,G4,FS11,14,PD,True,True,False,True
Roshan2016,NFSK Healed colonies (Fig7i),Clone 25,4,G4,FS12,15.999999999999993,PP,True,True,False,True
Roshan2016,NFSK Healed colonies (Fig7i),Clone 25,4,G4,FS13,16.333333333333332,PP,True,True,False,True
Roshan2016,NFSK Healed colonies (Fig7i),Clone 26,1,G1,FZ5,14.333333333333332,PP,True,True,True,False
Roshan2016,NFSK Healed colonies (Fig7i),Clone 26,2,G2,FZ6,16,PD,True,True,False,True
Roshan2016,NFSK Healed colonies (Fig7i),Clone 26,2,G2,FZ7,17,PD,True,True,False,True
Roshan2016,NFSK Healed colonies (Fig7i),Clone 26,3,G3,FZ8,12.500000000000004,PP,True,True,False,True
Roshan2016,NFSK Healed colonies (Fig7i),Clone 26,3,G3,FZ9,11.500000000000004,DD,True,True,False,True
Roshan2016,NFSK Healed colonies (Fig7i),Clone 26,4,G4,FZ10,19.16666666666667,PD,True,True,False,True
Roshan2016,NFSK Healed colonies (Fig7i),Clone 26,4,G4,FZ11,14.33333333333334,PP,True,True,False,True
Roshan2016,NFSK Healed colonies (Fig7i),Clone 26,5,G5,FZ12,11.166666666666657,PP,True,True,False,True
Roshan2016,NFSK Healed colonies (Fig7i),Clone 26,5,G5,FZ13,14.16666666666667,PD,True,True,False,True
Roshan2016,NFSK Healed colonies (Fig7i),Clone 26,5,G5,FZ14,13.500000000000005,PP,True,True,False,True
Roshan2016,NFSK Healed colonies (Fig7i),Clone 27,1,G1,GG5,15.333333333333336,PD,True,True,True,False
Roshan2016,NFSK Healed colonies (Fig7i),Clone 27,2,G2,GG6,20,PP,True,True,False,True
Roshan2016,NFSK Healed colonies (Fig7i),Clone 27,3,G3,GG7,12.16666666666666,DD,True,True,False,True
Roshan2016,NFSK Healed colonies (Fig7i),Clone 27,3,G3,GG8,14.833333333333329,PP,True,True,False,True
Roshan2016,NFSK Healed colonies (Fig7i),Clone 27,4,G4,GG9,12.833333333333332,PD,True,True,False,True
Roshan2016,NFSK Healed colonies (Fig7i),Clone 27,4,G4,GG10,12.66666666666666,DD,True,True,False,True
Roshan2016,NFSK Healed colonies (Fig7i),Clone 27,5,G5,GG11,11.166666666666664,DD,True,True,False,True
Roshan2016,NFSK Healed colonies (Fig7i),Clone 28,1,G1,GN5,14.833333333333334,PP,True,True,True,False
Roshan2016,NFSK Healed colonies (Fig7i),Clone 28,2,G2,GN6,17.166666666666664,PP,True,True,False,True
Roshan2016,NFSK Healed colonies (Fig7i),Clone 28,2,G2,GN7,20,PP,True,True,False,True
Roshan2016,NFSK Healed colonies (Fig7i),Clone 28,3,G3,GN8,14.33333333333333,DD,True,True,False,True
Roshan2016,NFSK Healed colonies (Fig7i),Clone 28,3,G3,GN9,17.33333333333333,PD,True,True,False,True
Roshan2016,NFSK Healed colonies (Fig7i),Clone 28,3,G3,GN10,14.83333333333334,PP,True,True,False,True
Roshan2016,NFSK Healed colonies (Fig7i),Clone 28,3,G3,GN11,16.5,DD,True,True,False,True
Roshan2016,NFSK Healed colonies (Fig7i),Clone 28,4,G4,GN12,22.666666666666664,PP,True,True,False,True
Roshan2016,NFSK Healed colonies (Fig7i),Clone 28,4,G4,GN13,44.33333333333333,DD,True,True,False,True
Roshan2016,NFSK Healed colonies (Fig7i),Clone 28,4,G4,GN14,37.333333333333336,PD,True,True,False,True
Roshan2016,NFSK Healed colonies (Fig7i),Clone 28,5,G5,GN15,12.500000000000004,DD,True,True,False,True
Roshan2016,NFSK Healed colonies (Fig7i),Clone 28,5,G5,GN16,13.666666666666671,PP,True,True,False,True
Roshan2016,NFSK Healed colonies (Fig7i),Clone 28,5,G5,GN17,7.833333333333332,PP,True,True,False,True
Roshan2016,NFSK Healed colonies (Fig7i),Clone 29 ,1,G1,GU5,24.666666666666664,DD,True,True,True,False
Roshan2016,NFSK Healed colonies (Fig7i),Clone 30,1,G1,HB5,6.666666666666667,PP,True,True,True,False
Roshan2016,NFSK Healed colonies (Fig7i),Clone 30,2,G2,HB6,23.999999999999996,PD,True,True,False,True
Roshan2016,NFSK Healed colonies (Fig7i),Clone 30,2,G2,HB7,23.666666666666664,PP,True,True,False,True
Roshan2016,NFSK Healed colonies (Fig7i),Clone 30,3,G3,HB8,17.500000000000004,DD,True,True,False,True
Roshan2016,NFSK Healed colonies (Fig7i),Clone 30,3,G3,HB9,20.333333333333336,PD,True,True,False,True
Roshan2016,NFSK Healed colonies (Fig7i),Clone 30,3,G3,HB10,19.833333333333332,DD,True,True,False,True
Roshan2016,NFSK Healed colonies (Fig7i),Clone 30,4,G4,HB11,19.833333333333332,PD,True,True,False,True
Roshan2016,NFSK Healed colonies (Fig7i),Clone 30,5,G5,HB12,12,PP,True,True,False,True
Roshan2016,NFSK Healed colonies (Fig7i),Clone 30,6,G6,HB13,12.166666666666671,PP,True,True,False,True
Roshan2016,NFSK Healed colonies (Fig7i),Clone 30,6,G6,HB14,13.333333333333329,PP,True,True,False,True
Roshan2016,NFSK Healed colonies (Fig7i),Clone 31,1,G1,HI5,13.5,PP,True,True,True,False
Roshan2016,NFSK Healed colonies (Fig7i),Clone 31,2,G2,HI6,16.833333333333332,PD,True,True,False,True
Roshan2016,NFSK Healed colonies (Fig7i),Clone 31,2,G2,HI7,14.333333333333336,PP,True,True,False,True
Roshan2016,NFSK Healed colonies (Fig7i),Clone 31,3,G3,HI8,13.5,PD,True,True,False,True
Roshan2016,NFSK Healed colonies (Fig7i),Clone 31,3,G3,HI9,17.66666666666667,PD,True,True,False,True
Roshan2016,NFSK Healed colonies (Fig7i),Clone 31,3,G3,HI10,18.83333333333334,PP,True,True,False,True
Roshan2016,NFSK Healed colonies (Fig7i),Clone 31,4,G4,HI11,17.499999999999996,PP,True,True,False,True
Roshan2016,NFSK Healed colonies (Fig7i),Clone 31,4,G4,HI12,16.500000000000004,PD,True,True,False,True
Roshan2016,NFSK Healed colonies (Fig7i),Clone 31,4,G4,HI13,16,PD,True,True,False,True
Roshan2016,NFSK Healed colonies (Fig7i),Clone 31,4,G4,HI14,17.166666666666668,PD,True,True,False,True
Roshan2016,NFSK Healed colonies (Fig7i),Clone 31,5,G5,HI15,10.333333333333334,DD,True,True,False,True
Roshan2016,NFSK Healed colonies (Fig7i),Clone 31,5,G5,HI16,12.83333333333333,PD,True,True,False,True
Roshan2016,NFSK Healed colonies (Fig7i),Clone 31,5,G5,HI17,12.499999999999996,DD,True,True,False,True
Roshan2016,NFSK Healed colonies (Fig7i),Clone 31,5,G5,HI18,13.166666666666671,PP,True,True,False,True
Roshan2016,NFSK Healed colonies (Fig7i),Clone 31,5,G5,HI19,10.666666666666664,DD,True,True,False,True
Roshan2016,NFSK Healed colonies (Fig7i),Clone 31,6,G6,HI20,20.16666666666666,DD,True,True,False,True
Roshan2016,NFSK Healed colonies (Fig7i),Clone 31,6,G6,HI21,16.999999999999996,PD,True,True,False,True
Roshan2016,NFSK Healed colonies (Fig7i),Clone 31,6,G6,HI22,18.666666666666668,DD,True,True,False,True
Roshan2016,NFSK Healed colonies (Fig7i),Clone 31,7,G7,HI23,15.66666666666666,DD,True,True,False,True
Roshan2016,NFSK Healed colonies (Fig7i),Clone 32,1,G1,HP5,41,PP,True,True,True,False
Roshan2016,NFSK Healed colonies (Fig7i),Clone 32,2,G2,HP6,30.333333333333332,PP,True,True,False,True
Roshan2016,NFSK Healed colonies (Fig7i),Clone 32,2,G2,HP7,12.833333333333329,DD,True,True,False,True
Roshan2016,NFSK Healed colonies (Fig7i),Clone 32,3,G3,HP8,14.5,PP,True,True,False,True
Roshan2016,NFSK Healed colonies (Fig7i),Clone 32,3,G3,HP9,15.666666666666668,DD,True,True,False,True
Roshan2016,NFSK Healed colonies (Fig7i),Clone 32,5,G5,HP10,17.33333333333332,DD,True,True,False,True
Roshan2016,NFSK Healed colonies (Fig7i),Clone 32,5,G5,HP11,20,DD,True,True,False,True
Roshan2016,NFSK Healed colonies (Fig7i),Clone 33,1,G1,HW5,19.833333333333332,PP,True,True,True,False
Roshan2016,NFSK Healed colonies (Fig7i),Clone 33,2,G2,HW6,24.16666666666667,PD,True,True,False,True
Roshan2016,NFSK Healed colonies (Fig7i),Clone 33,2,G2,HW7,18.833333333333336,PD,True,True,False,True
Roshan2016,NFSK Healed colonies (Fig7i),Clone 33,3,G3,HW8,18.166666666666664,DD,True,True,False,True
Roshan2016,NFSK Healed colonies (Fig7i),Clone 33,3,G3,HW9,22.666666666666664,PD,True,True,False,True
Roshan2016,NFSK Healed colonies (Fig7i),Clone 33,4,G4,HW10,20.666666666666664,DD,True,True,False,True
Roshan2016,NFSK Healed colonies (Fig7i),Clone 34,1,G1,ID5,13.833333333333336,PP,True,True,True,False
Roshan2016,NFSK Healed colonies (Fig7i),Clone 34,2,G2,ID6,19,PP,True,True,False,True
Roshan2016,NFSK Healed colonies (Fig7i),Clone 34,2,G2,ID7,13.666666666666664,PD,True,True,False,True
Roshan2016,NFSK Healed colonies (Fig7i),Clone 34,3,G3,ID8,11.666666666666663,PP,True,True,False,True
Roshan2016,NFSK Healed colonies (Fig7i),Clone 34,3,G3,ID9,13.000000000000002,PD,True,True,False,True
Roshan2016,NFSK Healed colonies (Fig7i),Clone 34,3,G3,ID10,17.33333333333333,DD,True,True,False,True
Roshan2016,NFSK Healed colonies (Fig7i),Clone 34,4,G4,ID11,14,PD,True,True,False,True
Roshan2016,NFSK Healed colonies (Fig7i),Clone 34,4,G4,ID12,16.000000000000004,PP,True,True,False,True
Roshan2016,NFSK Healed colonies (Fig7i),Clone 34,4,G4,ID13,16.333333333333332,PP,True,True,False,True
Roshan2016,NFSK Healed colonies (Fig7i),Clone 34,5,G5,ID14,8.333333333333336,PP,True,True,False,True
Roshan2016,NFSK Healed colonies (Fig7i),Clone 34,5,G5,ID15,13.666666666666664,DD,True,True,False,True
Roshan2016,NFSK Healed colonies (Fig7i),Clone 34,5,G5,ID16,15.333333333333336,PP,True,True,False,True
Roshan2016,NFSK Healed colonies (Fig7i),Clone 34,5,G5,ID17,20.666666666666664,PD,True,True,False,True
Roshan2016,NFSK Healed colonies (Fig7i),Clone 34,5,G5,ID18,19.166666666666664,PD,True,True,False,True
Roshan2016,NFSK Healed colonies (Fig7i),Clone 34,6,G6,ID19,16.833333333333336,DD,True,True,False,True
Roshan2016,NFSK Healed colonies (Fig7i),Clone 34,6,G6,ID20,17.5,PD,True,True,False,True
Roshan2016,NFSK Healed colonies (Fig7i),Clone 34,6,G6,ID21,20.166666666666668,DD,True,True,False,True
Roshan2016,NFSK Healed colonies (Fig7i),Clone 34,6,G6,ID22,18.000000000000004,PD,True,True,False,True
Roshan2016,NFSK Healed colonies (Fig7i),Clone 34,6,G6,ID23,10.66666666666667,PD,True,True,False,True
Roshan2016,NFSK Healed colonies (Fig7i),Clone 34,6,G6,ID24,38.66666666666667,DD,True,True,False,True
Roshan2016,NFSK Healed colonies (Fig7i),Clone 35,1,G1,IK5,16.666666666666668,PD,True,True,True,False
Roshan2016,NFSK Healed colonies (Fig7i),Clone 35,2,G2,IK6,22.333333333333332,DD,True,True,False,True
Roshan2016,NFSK Healed colonies (Fig7i),Clone 36,1,G1,IR5,17,PD,True,True,True,False
Roshan2016,NFSK Healed colonies (Fig7i),Clone 36,2,G2,IR6,21.666666666666668,PP,True,True,False,True
Roshan2016,NFSK Healed colonies (Fig7i),Clone 36,3,G3,IR7,10.833333333333336,DD,True,True,False,True
Roshan2016,NFSK Healed colonies (Fig7i),Clone 36,3,G3,IR8,15.166666666666664,DD,True,True,False,True
Roshan2016,NFSK Healed colonies (Fig7i),Clone 37,1,G1,IY5,14.833333333333334,PP,True,True,True,False
Roshan2016,NFSK Healed colonies (Fig7i),Clone 37,2,G2,IY6,17.166666666666664,PP,True,True,False,True
Roshan2016,NFSK Healed colonies (Fig7i),Clone 37,2,G2,IY7,20,PP,True,True,False,True
Roshan2016,NFSK Healed colonies (Fig7i),Clone 37,3,G3,IY8,14.33333333333333,DD,True,True,False,True
Roshan2016,NFSK Healed colonies (Fig7i),Clone 37,3,G3,IY9,17.33333333333333,PD,True,True,False,True
Roshan2016,NFSK Healed colonies (Fig7i),Clone 37,3,G3,IY10,14.83333333333334,PP,True,True,False,True
Roshan2016,NFSK Healed colonies (Fig7i),Clone 37,3,G3,IY11,16.5,DD,True,True,False,True
Roshan2016,NFSK Healed colonies (Fig7i),Clone 37,4,G4,IY12,22.666666666666664,PP,True,True,False,True
Roshan2016,NFSK Healed colonies (Fig7i),Clone 37,4,G4,IY13,44.33333333333333,DD,True,True,False,True
Roshan2016,NFSK Healed colonies (Fig7i),Clone 37,4,G4,IY14,37.333333333333336,PD,True,True,False,True
Roshan2016,NFSK Healed colonies (Fig7i),Clone 37,5,G5,IY15,20.666666666666668,DD,True,True,False,True
Roshan2016,NFSK Healed colonies (Fig7i),Clone 37,5,G5,IY16,21,PP,True,True,False,True
Roshan2016,NFSK Healed colonies (Fig7i),Clone 37,5,G5,IY17,10.666666666666671,DD,True,True,False,True
Roshan2016,NFSK Healed colonies (Fig7i),Clone 37,6,G6,IY18,7.999999999999993,DD,True,True,False,True
Roshan2016,NFSK Healed colonies (Fig7i),Clone 37,6,G6,IY19,15.166666666666671,PD,True,True,False,True
Roshan2016,NFSK Healed colonies (Fig7i),Clone 37,7,G7,IY20,11.333333333333341,DD,True,True,False,True
Roshan2016,NFSK Healed colonies (Fig7i),Clone 38,1,G1,JF5,21.666666666666668,DD,True,True,True,False
Roshan2016,NFSK Healed colonies (Fig7i),Clone 39,1,G1,JM5,31.333333333333336,PP,True,True,True,False
Roshan2016,NFSK Healed colonies (Fig7i),Clone 39,2,G2,JM6,23.33333333333333,PD,True,True,False,True
Roshan2016,NFSK Healed colonies (Fig7i),Clone 39,2,G2,JM7,23,PP,True,True,False,True
Roshan2016,NFSK Healed colonies (Fig7i),Clone 39,3,G3,JM8,17.500000000000004,DD,True,True,False,True
Roshan2016,NFSK Healed colonies (Fig7i),Clone 39,3,G3,JM9,20.333333333333336,PD,True,True,False,True
Roshan2016,NFSK Healed colonies (Fig7i),Clone 39,3,G3,JM10,19.833333333333332,DD,True,True,False,True
Roshan2016,NFSK Healed colonies (Fig7i),Clone 39,4,G4,JM11,19.833333333333332,PD,True,True,False,True
Roshan2016,NFSK Healed colonies (Fig7i),Clone 39,5,G5,JM12,12,DD,True,True,False,True
Roshan2016,NFSK Healed colonies (Fig7i),Clone 40,1,G1,JT5,16.833333333333332,PD,True,True,True,False
Roshan2016,NFSK Healed colonies (Fig7i),Clone 40,2,G2,JT6,17.333333333333336,PP,True,True,False,True
Roshan2016,NFSK Healed colonies (Fig7i),Clone 40,3,G3,JT7,15.999999999999996,PD,True,True,False,True
Roshan2016,NFSK Healed colonies (Fig7i),Clone 40,3,G3,JT8,12.666666666666664,PP,True,True,False,True
Roshan2016,NFSK Healed colonies (Fig7i),Clone 40,4,G4,JT9,17.666666666666664,DD,True,True,False,True
Roshan2016,NFSK Healed colonies (Fig7i),Clone 40,4,G4,JT10,14.000000000000004,PP,True,True,False,True
Roshan2016,NFSK Healed colonies (Fig7i),Clone 40,4,G4,JT11,14.83333333333334,DD,True,True,False,True
Roshan2016,NFSK Healed colonies (Fig7i),Clone 40,5,G5,JT12,15.499999999999996,DD,True,True,False,True
Roshan2016,NFSK Healed colonies (Fig7i),Clone 40,5,G5,JT13,20.166666666666668,PD,True,True,False,True
Roshan2016,NFSK Healed colonies (Fig7i),Clone 40,6,G6,JT14,14.499999999999996,PD,True,True,False,True
Roshan2016,NFSK Healed colonies (Fig7i),Clone 40,7,G7,JT15,15.000000000000007,DD,True,True,False,True
Roshan2016,NFSK Healed colonies (Fig7i),Clone 41,1,G1,KA5,41,PP,True,True,True,False
Roshan2016,NFSK Healed colonies (Fig7i),Clone 41,2,G2,KA6,6.333333333333335,PP,True,True,False,True
Roshan2016,NFSK Healed colonies (Fig7i),Clone 41,2,G2,KA7,8.666666666666671,DD,True,True,False,True
Roshan2016,NFSK Healed colonies (Fig7i),Clone 41,3,G3,KA8,14.5,PP,True,True,False,True
Roshan2016,NFSK Healed colonies (Fig7i),Clone 41,3,G3,KA9,15.666666666666668,DD,True,True,False,True
Roshan2016,NFSK Healed colonies (Fig7i),Clone 41,5,G5,KA10,17.333333333333332,DD,True,True,False,True
Roshan2016,NFSK Healed colonies (Fig7i),Clone 41,5,G5,KA11,20,DD,True,True,False,True
Roshan2016,NFSK Healed colonies (Fig7i),Clone 42,1,G1,KH5,17.166666666666668,DD,True,True,True,False
Roshan2016,NFSK Healed colonies (Fig7i),Clone 43,1,G1,KO5,24.333333333333332,PP,True,True,True,False
Roshan2016,NFSK Healed colonies (Fig7i),Clone 43,2,G2,KO6,15.999999999999996,PD,True,True,False,True
Roshan2016,NFSK Healed colonies (Fig7i),Clone 43,2,G2,KO7,13.333333333333334,PP,True,True,False,True
Roshan2016,NFSK Healed colonies (Fig7i),Clone 43,3,G3,KO8,23.16666666666667,DD,True,True,False,True
Roshan2016,NFSK Healed colonies (Fig7i),Clone 43,3,G3,KO9,13.000000000000002,PD,True,True,False,True
Roshan2016,NFSK Healed colonies (Fig7i),Clone 43,3,G3,KO10,12.499999999999998,DD,True,True,False,True
Roshan2016,NFSK Healed colonies (Fig7i),Clone 43,4,G4,KO11,19.833333333333332,PD,True,True,False,True
Roshan2016,NFSK Healed colonies (Fig7i),Clone 43,5,G5,KO12,12,DD,True,True,False,True
Roshan2016,NFSK Healed colonies (Fig7i),Clone 44,1,G1,KV5,15.333333333333336,PD,True,True,True,False
Roshan2016,NFSK Healed colonies (Fig7i),Clone 44,2,G2,KV6,18.833333333333332,PP,True,True,False,True
Roshan2016,NFSK Healed colonies (Fig7i),Clone 44,3,G3,KV7,15.666666666666664,PD,True,True,False,True
Roshan2016,NFSK Healed colonies (Fig7i),Clone 44,3,G3,KV8,12,PP,True,True,False,True
Roshan2016,NFSK Healed colonies (Fig7i),Clone 44,4,G4,KV9,18,DD,True,True,False,True
Roshan2016,NFSK Healed colonies (Fig7i),Clone 44,4,G4,KV10,15.16666666666666,PP,True,True,False,True
Roshan2016,NFSK Healed colonies (Fig7i),Clone 44,4,G4,KV11,15.500000000000004,DD,True,True,False,True
Roshan2016,NFSK Healed colonies (Fig7i),Clone 44,5,G5,KV12,11.999999999999995,DD,True,True,False,True
Roshan2016,NFSK Healed colonies (Fig7i),Clone 44,5,G5,KV13,16.833333333333336,PD,True,True,False,True
Roshan2016,NFSK Healed colonies (Fig7i),Clone 44,6,G6,KV14,12.333333333333337,PD,True,True,False,True
Roshan2016,NFSK Healed colonies (Fig7i),Clone 44,7,G7,KV15,10.333333333333343,DD,True,True,False,True
Roshan2016,NFSK Healed colonies (Fig7i),Clone 45,1,G1,LC5,16.333333333333332,PP,True,True,True,False
Roshan2016,NFSK Healed colonies (Fig7i),Clone 45,2,G2,LC6,11.500000000000004,PD,True,True,False,True
Roshan2016,NFSK Healed colonies (Fig7i),Clone 45,2,G2,LC7,13.000000000000004,PP,True,True,False,True
Roshan2016,NFSK Healed colonies (Fig7i),Clone 45,3,G3,LC8,16.500000000000004,PD,True,True,False,True
Roshan2016,NFSK Healed colonies (Fig7i),Clone 45,3,G3,LC9,18.166666666666664,PD,True,True,False,True
Roshan2016,NFSK Healed colonies (Fig7i),Clone 45,3,G3,LC10,18.499999999999996,PP,True,True,False,True
Roshan2016,NFSK Healed colonies (Fig7i),Clone 45,4,G4,LC11,19.16666666666667,PP,True,True,False,True
Roshan2016,NFSK Healed colonies (Fig7i),Clone 45,4,G4,LC12,18.33333333333333,DD,True,True,False,True
Roshan2016,NFSK Healed colonies (Fig7i),Clone 45,4,G4,LC13,14.833333333333336,PD,True,True,False,True
Roshan2016,NFSK Healed colonies (Fig7i),Clone 45,4,G4,LC14,18.5,PD,True,True,False,True
Roshan2016,NFSK Healed colonies (Fig7i),Clone 45,5,G5,LC15,12.166666666666664,PD,True,True,False,True
Roshan2016,NFSK Healed colonies (Fig7i),Clone 45,5,G5,LC16,12.333333333333336,PD,True,True,False,True
Roshan2016,NFSK Healed colonies (Fig7i),Clone 45,5,G5,LC17,14.000000000000007,DD,True,True,False,True
Roshan2016,NFSK Healed colonies (Fig7i),Clone 45,5,G5,LC18,16.166666666666668,PP,True,True,False,True
Roshan2016,NFSK Healed colonies (Fig7i),Clone 45,6,G6,LC19,22.83333333333334,DD,True,True,False,True
Roshan2016,NFSK Healed colonies (Fig7i),Clone 45,6,G6,LC20,18.499999999999996,DD,True,True,False,True
Roshan2016,NFSK Healed colonies (Fig7i),Clone 45,6,G6,LC21,13.833333333333343,PD,True,True,False,True
Roshan2016,NFSK Healed colonies (Fig7i),Clone 45,6,G6,LC22,12,DD,True,True,False,True
Roshan2016,NFSK Healed colonies (Fig7i),Clone 45,7,G7,LC23,12.16666666666666,DD,True,True,False,True
